{"id":"SERVICE_DEFINITION_MODEL-6e502bd7-8e96-45c5-b43a-f9e86d9fbb2d","name":"CLE_S001 Export Collection Request Data Source","key":"CLE_S001","description":null,"tenantId":"default","editorJson":{"type":"database","tableName":"PGN_CLE_REQUEST","lookupIdAutoGenerated":false,"operations":[{"name":"Lookup","key":"findById","inputParameters":[{"displayName":"Code","name":"code","mappingName":"code","required":false,"type":"string"}],"outputParameters":[],"config":{},"type":"lookup"},{"name":"Create","key":"create","inputParameters":[{"displayName":"Code","name":"code","mappingName":"code","required":false,"type":"string"},{"displayName":"Creation Date","name":"creationDate","mappingName":"creationDate","required":false,"type":"date"},{"displayName":"Country","name":"country","mappingName":"country","required":false,"type":"string"},{"displayName":"Currency","name":"currency","mappingName":"currency","required":false,"type":"string"},{"displayName":"Amount","name":"amount","mappingName":"amount","required":false,"type":"double"},{"displayName":"Applying for advance","name":"applyingForAdvance","mappingName":"applyingForAdvance","required":false,"type":"string"},{"displayName":"Advance due date","name":"advanceDueDate","mappingName":"advanceDueDate","required":false,"type":"localDate"},{"displayName":"Advance currency","name":"advanceCurrency","mappingName":"advanceCurrency","required":false,"type":"string"},{"displayName":"Advance amount","name":"advanceAmount","mappingName":"advanceAmount","required":false,"type":"double"},{"displayName":"Priority","name":"priority","mappingName":"priority","required":false,"type":"string"},{"displayName":"Contract reference","name":"contractReference","mappingName":"contractReference","required":false,"type":"string"},{"displayName":"Displayed status","name":"displayedStatus","mappingName":"displayedStatus","required":false,"type":"string"},{"displayName":"Customer Full Name","name":"customerFullName","mappingName":"customerFullName","required":false,"type":"string"},{"displayName":"Customer ID","name":"customerID","mappingName":"customerID","required":false,"type":"string"},{"displayName":"Customer Code","name":"customerCode","mappingName":"customerCode","required":false,"type":"string"},{"displayName":"Customer Segment","name":"customerSegment","mappingName":"customerSegment","required":false,"type":"string"},{"displayName":"Customer email","name":"customerEmail","mappingName":"customerEmail","required":false,"type":"string"},{"displayName":"Customer prices agreement collected","name":"customerPricesAgreementCollected","mappingName":"customerPricesAgreementCollected","required":false,"type":"string"},{"displayName":"Resolution","name":"resolution","mappingName":"resolution","required":false,"type":"string"},{"displayName":"Resolution Reason","name":"resolutionReason","mappingName":"resolutionReason","required":false,"type":"string"},{"displayName":"Customer has account","name":"customerHasAccount","mappingName":"customerHasAccount","required":false,"type":"string"},{"displayName":"Requester Type","name":"requesterType","mappingName":"requesterType","required":false,"type":"string"},{"displayName":"Requester Displayed Name","name":"requesterDisplayedName","mappingName":"requesterDisplayedName","required":false,"type":"string"},{"displayName":"Requester ID","name":"requesterId","mappingName":"requesterId","required":false,"type":"string"},{"displayName":"Office","name":"office","mappingName":"office","required":false,"type":"string"},{"displayName":"Comment","name":"comment","mappingName":"comment","required":false,"type":"string"},{"displayName":"Advance Risk Line ID","name":"advanceRiskLineId","mappingName":"advanceRiskLineId","required":false,"type":"string"},{"displayName":"Advance Risk Line IBAN","name":"advanceRiskLineIBAN","mappingName":"advanceRiskLineIBAN","required":false,"type":"string"},{"displayName":"Advance Risk Line Available Amount","name":"advanceRiskLineAvailableAmount","mappingName":"advanceRiskLineAvailableAmount","required":false,"type":"double"},{"displayName":"Advance Risk Line Expiration Date","name":"advanceRiskLineExpiration","mappingName":"advanceRiskLineExpiration","required":false,"type":"localDate"},{"displayName":"Nominal Account Currency","name":"nominalAccountCurrency","mappingName":"nominalAccountCurrency","required":false,"type":"string"},{"displayName":"Nominal Account IBAN","name":"nominalAccountIBAN","mappingName":"nominalAccountIBAN","required":false,"type":"string"},{"displayName":"Nominal Account ID","name":"nominalAccountId","mappingName":"nominalAccountId","required":false,"type":"string"},{"displayName":"Commission Account Currency","name":"commissionAccountCurrency","mappingName":"commissionAccountCurrency","required":false,"type":"string"},{"displayName":"Commision Account IBAN","name":"commissionAccountIBAN","mappingName":"commissionAccountIBAN","required":false,"type":"string"},{"displayName":"Commission Account ID","name":"commissionAccountId","mappingName":"commissionAccountId","required":false,"type":"string"},{"displayName":"Customer Reference","name":"customerReference","mappingName":"customerReference","required":false,"type":"string"},{"displayName":"Debtor name","name":"debtorName","mappingName":"debtorName","required":false,"type":"string"},{"displayName":"Debtor Back","name":"debtorBank","mappingName":"debtorBank","required":false,"type":"string"},{"displayName":"Collection Type","name":"collectionType","mappingName":"collectionType","required":false,"type":"string"},{"displayName":"Advance Risk Line Currency","name":"advanceRiskLineCurrency","mappingName":"advanceRiskLineCurrency","required":false,"type":"string"},{"displayName":"Middle Office","name":"middleOffice","mappingName":"middleOffice","required":false,"type":"string"},{"displayName":"Advance contract reference","name":"advanceContractReference","mappingName":"advanceContractReference","required":false,"type":"string"}],"outputParameters":[],"config":{},"type":"create"},{"name":"Update","key":"update","inputParameters":[{"displayName":"Code","name":"code","mappingName":"code","required":false,"type":"string"},{"displayName":"Creation Date","name":"creationDate","mappingName":"creationDate","required":false,"type":"date"},{"displayName":"Country","name":"country","mappingName":"country","required":false,"type":"string"},{"displayName":"Currency","name":"currency","mappingName":"currency","required":false,"type":"string"},{"displayName":"Amount","name":"amount","mappingName":"amount","required":false,"type":"double"},{"displayName":"Applying for advance","name":"applyingForAdvance","mappingName":"applyingForAdvance","required":false,"type":"string"},{"displayName":"Advance due date","name":"advanceDueDate","mappingName":"advanceDueDate","required":false,"type":"localDate"},{"displayName":"Advance currency","name":"advanceCurrency","mappingName":"advanceCurrency","required":false,"type":"string"},{"displayName":"Advance amount","name":"advanceAmount","mappingName":"advanceAmount","required":false,"type":"double"},{"displayName":"Priority","name":"priority","mappingName":"priority","required":false,"type":"string"},{"displayName":"Contract reference","name":"contractReference","mappingName":"contractReference","required":false,"type":"string"},{"displayName":"Displayed status","name":"displayedStatus","mappingName":"displayedStatus","required":false,"type":"string"},{"displayName":"Customer Full Name","name":"customerFullName","mappingName":"customerFullName","required":false,"type":"string"},{"displayName":"Customer ID","name":"customerID","mappingName":"customerID","required":false,"type":"string"},{"displayName":"Customer Code","name":"customerCode","mappingName":"customerCode","required":false,"type":"string"},{"displayName":"Customer Segment","name":"customerSegment","mappingName":"customerSegment","required":false,"type":"string"},{"displayName":"Customer email","name":"customerEmail","mappingName":"customerEmail","required":false,"type":"string"},{"displayName":"Customer prices agreement collected","name":"customerPricesAgreementCollected","mappingName":"customerPricesAgreementCollected","required":false,"type":"string"},{"displayName":"Resolution","name":"resolution","mappingName":"resolution","required":false,"type":"string"},{"displayName":"Resolution Reason","name":"resolutionReason","mappingName":"resolutionReason","required":false,"type":"string"},{"displayName":"Customer has account","name":"customerHasAccount","mappingName":"customerHasAccount","required":false,"type":"string"},{"displayName":"Requester Type","name":"requesterType","mappingName":"requesterType","required":false,"type":"string"},{"displayName":"Requester Displayed Name","name":"requesterDisplayedName","mappingName":"requesterDisplayedName","required":false,"type":"string"},{"displayName":"Requester ID","name":"requesterId","mappingName":"requesterId","required":false,"type":"string"},{"displayName":"Office","name":"office","mappingName":"office","required":false,"type":"string"},{"displayName":"Comment","name":"comment","mappingName":"comment","required":false,"type":"string"},{"displayName":"Advance Risk Line ID","name":"advanceRiskLineId","mappingName":"advanceRiskLineId","required":false,"type":"string"},{"displayName":"Advance Risk Line IBAN","name":"advanceRiskLineIBAN","mappingName":"advanceRiskLineIBAN","required":false,"type":"string"},{"displayName":"Advance Risk Line Available Amount","name":"advanceRiskLineAvailableAmount","mappingName":"advanceRiskLineAvailableAmount","required":false,"type":"double"},{"displayName":"Advance Risk Line Expiration Date","name":"advanceRiskLineExpiration","mappingName":"advanceRiskLineExpiration","required":false,"type":"localDate"},{"displayName":"Nominal Account Currency","name":"nominalAccountCurrency","mappingName":"nominalAccountCurrency","required":false,"type":"string"},{"displayName":"Nominal Account IBAN","name":"nominalAccountIBAN","mappingName":"nominalAccountIBAN","required":false,"type":"string"},{"displayName":"Nominal Account ID","name":"nominalAccountId","mappingName":"nominalAccountId","required":false,"type":"string"},{"displayName":"Commission Account Currency","name":"commissionAccountCurrency","mappingName":"commissionAccountCurrency","required":false,"type":"string"},{"displayName":"Commision Account IBAN","name":"commissionAccountIBAN","mappingName":"commissionAccountIBAN","required":false,"type":"string"},{"displayName":"Commission Account ID","name":"commissionAccountId","mappingName":"commissionAccountId","required":false,"type":"string"},{"displayName":"Customer Reference","name":"customerReference","mappingName":"customerReference","required":false,"type":"string"},{"displayName":"Debtor name","name":"debtorName","mappingName":"debtorName","required":false,"type":"string"},{"displayName":"Debtor Back","name":"debtorBank","mappingName":"debtorBank","required":false,"type":"string"},{"displayName":"Collection Type","name":"collectionType","mappingName":"collectionType","required":false,"type":"string"},{"displayName":"Advance Risk Line Currency","name":"advanceRiskLineCurrency","mappingName":"advanceRiskLineCurrency","required":false,"type":"string"},{"displayName":"Middle Office","name":"middleOffice","mappingName":"middleOffice","required":false,"type":"string"},{"displayName":"Advance contract reference","name":"advanceContractReference","mappingName":"advanceContractReference","required":false,"type":"string"}],"outputParameters":[],"config":{},"type":"update"},{"name":"Delete","key":"delete","inputParameters":[{"displayName":"Code","name":"code","mappingName":"code","required":false,"type":"string"}],"config":{},"type":"delete"},{"name":"Search by customer","key":"searchByCustomer","inputParameters":[],"outputParameters":[],"config":{},"type":"search"},{"name":"Find all","key":"findAll","inputParameters":[],"outputParameters":[],"config":{},"type":"search"},{"name":"Update status","key":"updateStatus","inputParameters":[{"displayName":"Code","name":"code","mappingName":"code","required":false,"type":"string"},{"displayName":"Displayed status","name":"displayedStatus","mappingName":"displayedStatus","required":true,"type":"string"},{"displayName":"Resolution","name":"resolution","mappingName":"resolution","required":true,"type":"string"},{"displayName":"Resolution reason","name":"resolutionReason","mappingName":"resolutionReason","required":false,"type":"string"}],"outputParameters":[],"config":{"updateColumns":[{"inputParameterName":"resolutionReason","columnName":"RESOLUTION_REASON","columnMappingName":"resolutionReason"},{"inputParameterName":"resolution","columnName":"RESOLUTION","columnMappingName":"resolution"},{"inputParameterName":"displayedStatus","columnName":"DISPLAYED_STATUS","columnMappingName":"displayedStatus"}],"queryColumns":[{"inputParameterName":"code","operator":"equals","columnName":"CODE"}]},"type":"update"},{"name":"Complete or update request information","key":"completeInformation","inputParameters":[{"displayName":"Priority","name":"priority","mappingName":"priority","required":false,"type":"string"},{"displayName":"Currency","name":"currency","mappingName":"currency","required":false,"type":"string"},{"displayName":"Amount","name":"amount","mappingName":"amount","required":false,"type":"double"},{"displayName":"Customer has account","name":"customerHasAccount","mappingName":"customerHasAccount","required":false,"type":"string"},{"displayName":"Applying for advance","name":"applyingForAdvance","mappingName":"applyingForAdvance","required":false,"type":"string"},{"displayName":"Advance currency","name":"advanceCurrency","mappingName":"advanceCurrency","required":false,"type":"string"},{"displayName":"Advance due date","name":"advanceDueDate","mappingName":"advanceDueDate","required":false,"type":"localDate"},{"displayName":"Advance amount","name":"advanceAmount","mappingName":"advanceAmount","required":false,"type":"double"},{"displayName":"Customer prices agreement collected","name":"customerPricesAgreementCollected","mappingName":"customerPricesAgreementCollected","required":false,"type":"string"},{"displayName":"Office","name":"office","mappingName":"office","required":false,"type":"string"},{"displayName":"Middle Office","name":"middleOffice","mappingName":"middleOffice","required":false,"type":"string"},{"displayName":"Advance Risk Line ID","name":"advanceRiskLineId","mappingName":"advanceRiskLineId","required":false,"type":"string"},{"displayName":"Advance Risk Line IBAN","name":"advanceRiskLineIBAN","mappingName":"advanceRiskLineIBAN","required":false,"type":"string"},{"displayName":"Advance Risk Line Currency","name":"advanceRiskLineCurrency","mappingName":"advanceRiskLineCurrency","required":false,"type":"string"},{"displayName":"Advance Risk Line Available Amount","name":"advanceRiskLineAvailableAmount","mappingName":"advanceRiskLineAvailableAmount","required":false,"type":"double"},{"displayName":"Advance Risk Line Expiration Date","name":"advanceRiskLineExpiration","mappingName":"advanceRiskLineExpiration","required":false,"type":"localDate"},{"displayName":"Nominal Account Currency","name":"nominalAccountCurrency","mappingName":"nominalAccountCurrency","required":false,"type":"string"},{"displayName":"Nominal Account IBAN","name":"nominalAccountIBAN","mappingName":"nominalAccountIBAN","required":false,"type":"string"},{"displayName":"Nominal Account ID","name":"nominalAccountId","mappingName":"nominalAccountId","required":false,"type":"string"},{"displayName":"Commission Account Currency","name":"commissionAccountCurrency","mappingName":"commissionAccountCurrency","required":false,"type":"string"},{"displayName":"Commision Account IBAN","name":"commissionAccountIBAN","mappingName":"commissionAccountIBAN","required":false,"type":"string"},{"displayName":"Commission Account ID","name":"commissionAccountId","mappingName":"commissionAccountId","required":false,"type":"string"},{"displayName":"Customer Reference","name":"customerReference","mappingName":"customerReference","required":false,"type":"string"},{"displayName":"Debtor name","name":"debtorName","mappingName":"debtorName","required":false,"type":"string"},{"displayName":"Debtor Bank","name":"debtorBank","mappingName":"debtorBank","required":false,"type":"string"},{"displayName":"Collection Type","name":"collectionType","mappingName":"collectionType","required":false,"type":"string"},{"displayName":"Code","name":"code","mappingName":"code","required":false,"type":"string"}],"outputParameters":[],"config":{"queryColumns":[{"inputParameterName":"code","operator":"equals","columnName":"CODE"}],"updateColumns":[{"inputParameterName":"collectionType","columnName":"COLLECTION_TYPE","columnMappingName":"collectionType"},{"inputParameterName":"debtorBank","columnName":"DEBTOR_BANK","columnMappingName":"debtorBank"},{"inputParameterName":"debtorName","columnName":"DEBTOR_NAME","columnMappingName":"debtorName"},{"inputParameterName":"customerReference","columnName":"CUSTOMER_REFERENCE","columnMappingName":"customerReference"},{"inputParameterName":"commissionAccountId","columnName":"COMMISSION_ACCOUNT_ID","columnMappingName":"commissionAccountId"},{"inputParameterName":"commissionAccountIBAN","columnName":"COMMISSION_ACCOUNT_IBAN","columnMappingName":"commissionAccountIBAN"},{"inputParameterName":"commissionAccountCurrency","columnName":"COMMISSION_ACCOUNT_CURRENCY","columnMappingName":"commissionAccountCurrency"},{"inputParameterName":"nominalAccountId","columnName":"NOMINAL_ACCOUNT_ID","columnMappingName":"nominalAccountId"},{"inputParameterName":"nominalAccountIBAN","columnName":"NOMINAL_ACCOUNT_IBAN","columnMappingName":"nominalAccountIBAN"},{"inputParameterName":"nominalAccountCurrency","columnName":"NOMINAL_ACCOUNT_CURRENCY","columnMappingName":"nominalAccountCurrency"},{"inputParameterName":"advanceRiskLineExpiration","columnName":"ADVANCE_RISK_LINE_EXPIRATION","columnMappingName":"advanceRiskLineExpiration"},{"inputParameterName":"advanceRiskLineAvailableAmount","columnName":"ADVANCE_RISK_LINE_AVAILABLE_AMOUNT","columnMappingName":"advanceRiskLineAvailableAmount"},{"inputParameterName":"advanceRiskLineCurrency","columnName":"ADVANCE_RISK_LINE_CURRENCY","columnMappingName":"advanceRiskLineCurrency"},{"inputParameterName":"advanceRiskLineIBAN","columnName":"ADVANCE_RISK_LINE_IBAN","columnMappingName":"advanceRiskLineIBAN"},{"inputParameterName":"advanceRiskLineId","columnName":"ADVANCE_RISK_LINE_ID","columnMappingName":"advanceRiskLineId"},{"inputParameterName":"middleOffice","columnName":"MIDDLE_OFFICE","columnMappingName":"middleOffice"},{"inputParameterName":"office","columnName":"OFFICE","columnMappingName":"office"},{"inputParameterName":"customerPricesAgreementCollected","columnName":"CUSTOMER_PRICES_AGREEMENT_COLLECTED","columnMappingName":"customerPricesAgreementCollected"},{"inputParameterName":"advanceAmount","columnName":"ADVANCE_AMOUNT","columnMappingName":"advanceAmount"},{"inputParameterName":"advanceDueDate","columnName":"ADVANCE_DUE_DATE","columnMappingName":"advanceDueDate"},{"inputParameterName":"advanceCurrency","columnName":"ADVANCE_CURRENCY","columnMappingName":"advanceCurrency"},{"inputParameterName":"applyingForAdvance","columnName":"APPLYING_FOR_ADVANCE","columnMappingName":"applyingForAdvance"},{"inputParameterName":"customerHasAccount","columnName":"CUSTOMER_HAS_ACCOUNT","columnMappingName":"customerHasAccount"},{"inputParameterName":"amount","columnName":"AMOUNT","columnMappingName":"amount"},{"inputParameterName":"currency","columnName":"CURRENCY","columnMappingName":"currency"},{"inputParameterName":"priority","columnName":"PRIORITY","columnMappingName":"priority"}]},"type":"update"},{"name":"Create Draft","key":"createDraft","inputParameters":[{"displayName":"Code","name":"code","mappingName":"code","required":true,"type":"string"},{"displayName":"Priority","name":"priority","mappingName":"priority","required":false,"type":"string"},{"displayName":"Country","name":"country","mappingName":"country","required":true,"type":"string"},{"displayName":"Displayed status","name":"displayedStatus","mappingName":"displayedStatus","required":false,"type":"string","defaultValue":"DRAFT"},{"displayName":"Customer Full Name","name":"customerFullName","mappingName":"customerFullName","required":true,"type":"string"},{"displayName":"Customer ID","name":"customerID","mappingName":"customerID","required":true,"type":"string"},{"displayName":"Customer Code","name":"customerCode","mappingName":"customerCode","required":true,"type":"string"},{"displayName":"Customer Segment","name":"customerSegment","mappingName":"customerSegment","required":true,"type":"string"},{"displayName":"Customer email","name":"customerEmail","mappingName":"customerEmail","required":false,"type":"string"},{"displayName":"Currency","name":"currency","mappingName":"currency","required":true,"type":"string"},{"displayName":"Amount","name":"amount","mappingName":"amount","required":true,"type":"double"},{"displayName":"Customer has account","name":"customerHasAccount","mappingName":"customerHasAccount","required":false,"type":"string"},{"displayName":"Applying for advance","name":"applyingForAdvance","mappingName":"applyingForAdvance","required":false,"type":"string"},{"displayName":"Advance currency","name":"advanceCurrency","mappingName":"advanceCurrency","required":false,"type":"string"},{"displayName":"Advance due date","name":"advanceDueDate","mappingName":"advanceDueDate","required":false,"type":"localDate"},{"displayName":"Advance amount","name":"advanceAmount","mappingName":"advanceAmount","required":false,"type":"double"},{"displayName":"Customer prices agreement collected","name":"customerPricesAgreementCollected","mappingName":"customerPricesAgreementCollected","required":false,"type":"string"},{"displayName":"Requester Type","name":"requesterType","mappingName":"requesterType","required":true,"type":"string"},{"displayName":"Requester Displayed Name","name":"requesterDisplayedName","mappingName":"requesterDisplayedName","required":true,"type":"string"},{"displayName":"Requester ID","name":"requesterId","mappingName":"requesterId","required":true,"type":"string"},{"displayName":"Office","name":"office","mappingName":"office","required":true,"type":"string"},{"displayName":"Middle Office","name":"middleOffice","mappingName":"middleOffice","required":true,"type":"string"},{"displayName":"Comment","name":"comment","mappingName":"comment","required":false,"type":"string"},{"displayName":"Advance Risk Line ID","name":"advanceRiskLineId","mappingName":"advanceRiskLineId","required":false,"type":"string"},{"displayName":"Advance Risk Line IBAN","name":"advanceRiskLineIBAN","mappingName":"advanceRiskLineIBAN","required":false,"type":"string"},{"displayName":"Advance Risk Line Currency","name":"advanceRiskLineCurrency","mappingName":"advanceRiskLineCurrency","required":false,"type":"string"},{"displayName":"Advance Risk Line Available Amount","name":"advanceRiskLineAvailableAmount","mappingName":"advanceRiskLineAvailableAmount","required":false,"type":"double"},{"displayName":"Advance Risk Line Expiration Date","name":"advanceRiskLineExpiration","mappingName":"advanceRiskLineExpiration","required":false,"type":"localDate"},{"displayName":"Nominal Account Currency","name":"nominalAccountCurrency","mappingName":"nominalAccountCurrency","required":false,"type":"string"},{"displayName":"Nominal Account IBAN","name":"nominalAccountIBAN","mappingName":"nominalAccountIBAN","required":false,"type":"string"},{"displayName":"Nominal Account ID","name":"nominalAccountId","mappingName":"nominalAccountId","required":false,"type":"string"},{"displayName":"Commission Account Currency","name":"commissionAccountCurrency","mappingName":"commissionAccountCurrency","required":false,"type":"string"},{"displayName":"Commision Account IBAN","name":"commissionAccountIBAN","mappingName":"commissionAccountIBAN","required":false,"type":"string"},{"displayName":"Commission Account ID","name":"commissionAccountId","mappingName":"commissionAccountId","required":false,"type":"string"},{"displayName":"Customer Reference","name":"customerReference","mappingName":"customerReference","required":false,"type":"string"},{"displayName":"Debtor name","name":"debtorName","mappingName":"debtorName","required":false,"type":"string"},{"displayName":"Debtor Bank","name":"debtorBank","mappingName":"debtorBank","required":false,"type":"string"},{"displayName":"Collection Type","name":"collectionType","mappingName":"collectionType","required":false,"type":"string"}],"outputParameters":[],"config":{"insertColumns":[{"inputParameterName":"collectionType","columnName":"COLLECTION_TYPE","columnMappingName":"collectionType"},{"inputParameterName":"debtorBank","columnName":"DEBTOR_BANK","columnMappingName":"debtorBank"},{"inputParameterName":"debtorName","columnName":"DEBTOR_NAME","columnMappingName":"debtorName"},{"inputParameterName":"customerReference","columnName":"CUSTOMER_REFERENCE","columnMappingName":"customerReference"},{"inputParameterName":"commissionAccountId","columnName":"COMMISSION_ACCOUNT_ID","columnMappingName":"commissionAccountId"},{"inputParameterName":"commissionAccountIBAN","columnName":"COMMISSION_ACCOUNT_IBAN","columnMappingName":"commissionAccountIBAN"},{"inputParameterName":"commissionAccountCurrency","columnName":"COMMISSION_ACCOUNT_CURRENCY","columnMappingName":"commissionAccountCurrency"},{"inputParameterName":"nominalAccountId","columnName":"NOMINAL_ACCOUNT_ID","columnMappingName":"nominalAccountId"},{"inputParameterName":"nominalAccountIBAN","columnName":"NOMINAL_ACCOUNT_IBAN","columnMappingName":"nominalAccountIBAN"},{"inputParameterName":"nominalAccountCurrency","columnName":"NOMINAL_ACCOUNT_CURRENCY","columnMappingName":"nominalAccountCurrency"},{"inputParameterName":"advanceRiskLineExpiration","columnName":"ADVANCE_RISK_LINE_EXPIRATION","columnMappingName":"advanceRiskLineExpiration"},{"inputParameterName":"advanceRiskLineAvailableAmount","columnName":"ADVANCE_RISK_LINE_AVAILABLE_AMOUNT","columnMappingName":"advanceRiskLineAvailableAmount"},{"inputParameterName":"advanceRiskLineCurrency","columnName":"ADVANCE_RISK_LINE_CURRENCY","columnMappingName":"advanceRiskLineCurrency"},{"inputParameterName":"advanceRiskLineIBAN","columnName":"ADVANCE_RISK_LINE_IBAN","columnMappingName":"advanceRiskLineIBAN"},{"inputParameterName":"advanceRiskLineId","columnName":"ADVANCE_RISK_LINE_ID","columnMappingName":"advanceRiskLineId"},{"inputParameterName":"comment","columnName":"COMMENT","columnMappingName":"comment"},{"inputParameterName":"middleOffice","columnName":"MIDDLE_OFFICE","columnMappingName":"middleOffice"},{"inputParameterName":"office","columnName":"OFFICE","columnMappingName":"office"},{"inputParameterName":"requesterId","columnName":"REQUESTER_ID","columnMappingName":"requesterId"},{"inputParameterName":"requesterDisplayedName","columnName":"REQUESTER_DISPLAYED_NAME","columnMappingName":"requesterDisplayedName"},{"inputParameterName":"requesterType","columnName":"REQUESTER_TYPE","columnMappingName":"requesterType"},{"inputParameterName":"customerPricesAgreementCollected","columnName":"CUSTOMER_PRICES_AGREEMENT_COLLECTED","columnMappingName":"customerPricesAgreementCollected"},{"inputParameterName":"advanceAmount","columnName":"ADVANCE_AMOUNT","columnMappingName":"advanceAmount"},{"inputParameterName":"advanceDueDate","columnName":"ADVANCE_DUE_DATE","columnMappingName":"advanceDueDate"},{"inputParameterName":"advanceCurrency","columnName":"ADVANCE_CURRENCY","columnMappingName":"advanceCurrency"},{"inputParameterName":"applyingForAdvance","columnName":"APPLYING_FOR_ADVANCE","columnMappingName":"applyingForAdvance"},{"inputParameterName":"customerHasAccount","columnName":"CUSTOMER_HAS_ACCOUNT","columnMappingName":"customerHasAccount"},{"inputParameterName":"amount","columnName":"AMOUNT","columnMappingName":"amount"},{"inputParameterName":"currency","columnName":"CURRENCY","columnMappingName":"currency"},{"inputParameterName":"customerEmail","columnName":"CUSTOMER_EMAIL","columnMappingName":"customerEmail"},{"inputParameterName":"customerSegment","columnName":"CUSTOMER_SEGMENT","columnMappingName":"customerSegment"},{"inputParameterName":"customerCode","columnName":"CUSTOMER_CODE","columnMappingName":"customerCode"},{"inputParameterName":"customerID","columnName":"CUSTOMER_ID","columnMappingName":"customerID"},{"inputParameterName":"customerFullName","columnName":"CUSTOMER_FULL_NAME","columnMappingName":"customerFullName"},{"inputParameterName":"displayedStatus","columnName":"DISPLAYED_STATUS","columnMappingName":"displayedStatus"},{"inputParameterName":"country","columnName":"COUNTRY","columnMappingName":"country"},{"inputParameterName":"priority","columnName":"PRIORITY","columnMappingName":"priority"},{"inputParameterName":"code","columnName":"CODE","columnMappingName":"code"}]},"type":"create","description":"Create operation draft"},{"name":"Update Draft","key":"updateDraft","inputParameters":[{"displayName":"Priority","name":"priority","mappingName":"priority","required":false,"type":"string"},{"displayName":"Customer email","name":"customerEmail","mappingName":"customerEmail","required":false,"type":"string"},{"displayName":"Currency","name":"currency","mappingName":"currency","required":true,"type":"string"},{"displayName":"Amount","name":"amount","mappingName":"amount","required":true,"type":"double"},{"displayName":"Customer has account","name":"customerHasAccount","mappingName":"customerHasAccount","required":false,"type":"string"},{"displayName":"Applying for advance","name":"applyingForAdvance","mappingName":"applyingForAdvance","required":false,"type":"string"},{"displayName":"Advance currency","name":"advanceCurrency","mappingName":"advanceCurrency","required":false,"type":"string"},{"displayName":"Advance due date","name":"advanceDueDate","mappingName":"advanceDueDate","required":false,"type":"localDate"},{"displayName":"Advance amount","name":"advanceAmount","mappingName":"advanceAmount","required":false,"type":"double"},{"displayName":"Customer prices agreement collected","name":"customerPricesAgreementCollected","mappingName":"customerPricesAgreementCollected","required":false,"type":"string"},{"displayName":"Requester Type","name":"requesterType","mappingName":"requesterType","required":false,"type":"string"},{"displayName":"Requester Displayed Name","name":"requesterDisplayedName","mappingName":"requesterDisplayedName","required":false,"type":"string"},{"displayName":"Requester ID","name":"requesterId","mappingName":"requesterId","required":false,"type":"string"},{"displayName":"Comment","name":"comment","mappingName":"comment","required":false,"type":"string"},{"displayName":"Advance Risk Line ID","name":"advanceRiskLineId","mappingName":"advanceRiskLineId","required":false,"type":"string"},{"displayName":"Advance Risk Line IBAN","name":"advanceRiskLineIBAN","mappingName":"advanceRiskLineIBAN","required":false,"type":"string"},{"displayName":"Advance Risk Line Currency","name":"advanceRiskLineCurrency","mappingName":"advanceRiskLineCurrency","required":false,"type":"string"},{"displayName":"Advance Risk Line Available Amount","name":"advanceRiskLineAvailableAmount","mappingName":"advanceRiskLineAvailableAmount","required":false,"type":"double"},{"displayName":"Advance Risk Line Expiration Date","name":"advanceRiskLineExpiration","mappingName":"advanceRiskLineExpiration","required":false,"type":"localDate"},{"displayName":"Nominal Account Currency","name":"nominalAccountCurrency","mappingName":"nominalAccountCurrency","required":false,"type":"string"},{"displayName":"Nominal Account IBAN","name":"nominalAccountIBAN","mappingName":"nominalAccountIBAN","required":false,"type":"string"},{"displayName":"Nominal Account ID","name":"nominalAccountId","mappingName":"nominalAccountId","required":false,"type":"string"},{"displayName":"Commission Account Currency","name":"commissionAccountCurrency","mappingName":"commissionAccountCurrency","required":false,"type":"string"},{"displayName":"Commision Account IBAN","name":"commissionAccountIBAN","mappingName":"commissionAccountIBAN","required":false,"type":"string"},{"displayName":"Commission Account ID","name":"commissionAccountId","mappingName":"commissionAccountId","required":false,"type":"string"},{"displayName":"Customer Reference","name":"customerReference","mappingName":"customerReference","required":false,"type":"string"},{"displayName":"Debtor name","name":"debtorName","mappingName":"debtorName","required":false,"type":"string"},{"displayName":"Debtor Bank","name":"debtorBank","mappingName":"debtorBank","required":false,"type":"string"},{"displayName":"Collection Type","name":"collectionType","mappingName":"collectionType","required":false,"type":"string"},{"displayName":"Code","name":"code","mappingName":"code","required":true,"type":"string"},{"displayName":"Office","name":"office","mappingName":"office","required":true,"type":"string"},{"displayName":"Middle Office","name":"middleOffice","mappingName":"middleOffice","required":true,"type":"string"}],"outputParameters":[],"config":{"updateColumns":[{"inputParameterName":"middleOffice","columnName":"MIDDLE_OFFICE","columnMappingName":"middleOffice"},{"inputParameterName":"office","columnName":"OFFICE","columnMappingName":"office"},{"inputParameterName":"collectionType","columnName":"COLLECTION_TYPE","columnMappingName":"collectionType"},{"inputParameterName":"debtorBank","columnName":"DEBTOR_BANK","columnMappingName":"debtorBank"},{"inputParameterName":"debtorName","columnName":"DEBTOR_NAME","columnMappingName":"debtorName"},{"inputParameterName":"customerReference","columnName":"CUSTOMER_REFERENCE","columnMappingName":"customerReference"},{"inputParameterName":"commissionAccountId","columnName":"COMMISSION_ACCOUNT_ID","columnMappingName":"commissionAccountId"},{"inputParameterName":"commissionAccountIBAN","columnName":"COMMISSION_ACCOUNT_IBAN","columnMappingName":"commissionAccountIBAN"},{"inputParameterName":"commissionAccountCurrency","columnName":"COMMISSION_ACCOUNT_CURRENCY","columnMappingName":"commissionAccountCurrency"},{"inputParameterName":"nominalAccountId","columnName":"NOMINAL_ACCOUNT_ID","columnMappingName":"nominalAccountId"},{"inputParameterName":"nominalAccountIBAN","columnName":"NOMINAL_ACCOUNT_IBAN","columnMappingName":"nominalAccountIBAN"},{"inputParameterName":"nominalAccountCurrency","columnName":"NOMINAL_ACCOUNT_CURRENCY","columnMappingName":"nominalAccountCurrency"},{"inputParameterName":"advanceRiskLineExpiration","columnName":"ADVANCE_RISK_LINE_EXPIRATION","columnMappingName":"advanceRiskLineExpiration"},{"inputParameterName":"advanceRiskLineAvailableAmount","columnName":"ADVANCE_RISK_LINE_AVAILABLE_AMOUNT","columnMappingName":"advanceRiskLineAvailableAmount"},{"inputParameterName":"advanceRiskLineCurrency","columnName":"ADVANCE_RISK_LINE_CURRENCY","columnMappingName":"advanceRiskLineCurrency"},{"inputParameterName":"advanceRiskLineIBAN","columnName":"ADVANCE_RISK_LINE_IBAN","columnMappingName":"advanceRiskLineIBAN"},{"inputParameterName":"advanceRiskLineId","columnName":"ADVANCE_RISK_LINE_ID","columnMappingName":"advanceRiskLineId"},{"inputParameterName":"comment","columnName":"COMMENT","columnMappingName":"comment"},{"inputParameterName":"requesterId","columnName":"REQUESTER_ID","columnMappingName":"requesterId"},{"inputParameterName":"requesterDisplayedName","columnName":"REQUESTER_DISPLAYED_NAME","columnMappingName":"requesterDisplayedName"},{"inputParameterName":"requesterType","columnName":"REQUESTER_TYPE","columnMappingName":"requesterType"},{"inputParameterName":"customerPricesAgreementCollected","columnName":"CUSTOMER_PRICES_AGREEMENT_COLLECTED","columnMappingName":"customerPricesAgreementCollected"},{"inputParameterName":"advanceAmount","columnName":"ADVANCE_AMOUNT","columnMappingName":"advanceAmount"},{"inputParameterName":"advanceDueDate","columnName":"ADVANCE_DUE_DATE","columnMappingName":"advanceDueDate"},{"inputParameterName":"advanceCurrency","columnName":"ADVANCE_CURRENCY","columnMappingName":"advanceCurrency"},{"inputParameterName":"applyingForAdvance","columnName":"APPLYING_FOR_ADVANCE","columnMappingName":"applyingForAdvance"},{"inputParameterName":"customerHasAccount","columnName":"CUSTOMER_HAS_ACCOUNT","columnMappingName":"customerHasAccount"},{"inputParameterName":"amount","columnName":"AMOUNT","columnMappingName":"amount"},{"inputParameterName":"currency","columnName":"CURRENCY","columnMappingName":"currency"},{"inputParameterName":"customerEmail","columnName":"CUSTOMER_EMAIL","columnMappingName":"customerEmail"},{"inputParameterName":"priority","columnName":"PRIORITY","columnMappingName":"priority"}],"queryColumns":[{"inputParameterName":"code","operator":"equals","columnName":"CODE"}]},"type":"update","description":"Update request draft"},{"name":"Confirm Draft","key":"confirmDraft","inputParameters":[{"displayName":"Creation date","name":"creationDate","mappingName":"creationDate","required":true,"type":"date"},{"displayName":"Displayed status","name":"displayedStatus","mappingName":"displayedStatus","required":true,"type":"string"},{"displayName":"Code","name":"code","mappingName":"code","required":true,"type":"string"}],"outputParameters":[],"config":{"queryColumns":[{"inputParameterName":"code","operator":"equals","columnName":"CODE"}],"updateColumns":[{"inputParameterName":"displayedStatus","columnName":"DISPLAYED_STATUS","columnMappingName":"displayedStatus"},{"inputParameterName":"creationDate","columnName":"CREATION_DATE","columnMappingName":"creationDate"}]},"type":"update","description":"Confirm request draft"}],"lookupId":"code","columnMappings":[{"name":"code","type":"STRING","columnName":"CODE"},{"name":"creationDate","type":"DATE","columnName":"CREATION_DATE"},{"name":"country","type":"STRING","columnName":"COUNTRY"},{"name":"currency","type":"STRING","columnName":"CURRENCY"},{"name":"amount","type":"DOUBLE","columnName":"AMOUNT"},{"name":"applyingForAdvance","type":"STRING","columnName":"APPLYING_FOR_ADVANCE"},{"name":"advanceDueDate","type":"LOCAL-DATE","columnName":"ADVANCE_DUE_DATE"},{"name":"advanceCurrency","type":"STRING","columnName":"ADVANCE_CURRENCY"},{"name":"advanceAmount","type":"DOUBLE","columnName":"ADVANCE_AMOUNT"},{"name":"priority","type":"STRING","columnName":"PRIORITY"},{"name":"contractReference","type":"STRING","columnName":"CONTRACT_REFERENCE"},{"name":"displayedStatus","type":"STRING","columnName":"DISPLAYED_STATUS"},{"name":"customerFullName","type":"STRING","columnName":"CUSTOMER_FULL_NAME"},{"name":"customerID","type":"STRING","columnName":"CUSTOMER_ID"},{"name":"customerCode","type":"STRING","columnName":"CUSTOMER_CODE"},{"name":"customerSegment","type":"STRING","columnName":"CUSTOMER_SEGMENT"},{"name":"customerEmail","type":"STRING","columnName":"CUSTOMER_EMAIL"},{"name":"customerPricesAgreementCollected","type":"STRING","columnName":"CUSTOMER_PRICES_AGREEMENT_COLLECTED"},{"name":"resolution","type":"STRING","columnName":"RESOLUTION"},{"name":"resolutionReason","type":"STRING","columnName":"RESOLUTION_REASON"},{"name":"customerHasAccount","type":"STRING","columnName":"CUSTOMER_HAS_ACCOUNT"},{"name":"requesterType","type":"STRING","columnName":"REQUESTER_TYPE"},{"name":"requesterDisplayedName","type":"STRING","columnName":"REQUESTER_DISPLAYED_NAME"},{"name":"requesterId","type":"STRING","columnName":"REQUESTER_ID"},{"name":"office","type":"STRING","columnName":"OFFICE"},{"name":"comment","type":"STRING","columnName":"COMMENT"},{"name":"advanceRiskLineId","type":"STRING","columnName":"ADVANCE_RISK_LINE_ID"},{"name":"advanceRiskLineIBAN","type":"STRING","columnName":"ADVANCE_RISK_LINE_IBAN"},{"name":"advanceRiskLineAvailableAmount","type":"DOUBLE","columnName":"ADVANCE_RISK_LINE_AVAILABLE_AMOUNT"},{"name":"advanceRiskLineExpiration","type":"LOCAL-DATE","columnName":"ADVANCE_RISK_LINE_EXPIRATION"},{"name":"nominalAccountCurrency","type":"STRING","columnName":"NOMINAL_ACCOUNT_CURRENCY"},{"name":"nominalAccountIBAN","type":"STRING","columnName":"NOMINAL_ACCOUNT_IBAN"},{"name":"nominalAccountId","type":"STRING","columnName":"NOMINAL_ACCOUNT_ID"},{"name":"commissionAccountCurrency","type":"STRING","columnName":"COMMISSION_ACCOUNT_CURRENCY"},{"name":"commissionAccountIBAN","type":"STRING","columnName":"COMMISSION_ACCOUNT_IBAN"},{"name":"commissionAccountId","type":"STRING","columnName":"COMMISSION_ACCOUNT_ID"},{"name":"customerReference","type":"STRING","columnName":"CUSTOMER_REFERENCE"},{"name":"debtorName","type":"STRING","columnName":"DEBTOR_NAME"},{"name":"debtorBank","type":"STRING","columnName":"DEBTOR_BANK"},{"name":"collectionType","type":"STRING","columnName":"COLLECTION_TYPE"},{"name":"advanceRiskLineCurrency","type":"STRING","columnName":"ADVANCE_RISK_LINE_CURRENCY"},{"name":"middleOffice","type":"STRING","columnName":"MIDDLE_OFFICE"},{"name":"advanceContractReference","type":"STRING","columnName":"ADVANCE_CONTRACT_REFERENCE"}],"referencedLiquibaseModelKey":"CLE_DOS001","referenceKey":"CLE_DO001"}}