{"id":"SERVICE_DEFINITION_MODEL-a3325af1-4b05-4912-975f-919524fea465","name":"CLE_S007 Export Collection Advance Cancellation Data Service","key":"CLE_S007","description":null,"tenantId":"default","editorJson":{"referenceKey":"CLE_DO007","type":"database","tableName":"PGN_CLE_ADVANCE_CANCELLATION","lookupIdAutoGenerated":false,"operations":[{"name":"Lookup","key":"findById","inputParameters":[{"displayName":"Code","name":"code","mappingName":"code","required":false,"type":"string"}],"outputParameters":[],"config":{},"type":"lookup"},{"name":"Create","key":"create","inputParameters":[{"displayName":"Code","name":"code","mappingName":"code","required":false,"type":"string"},{"displayName":"Creation Date","name":"creationDate","mappingName":"creationDate","required":false,"type":"date"},{"displayName":"Displayed Status","name":"displayedStatus","mappingName":"displayedStatus","required":false,"type":"string"},{"displayName":"Priority","name":"priority","mappingName":"priority","required":false,"type":"string"},{"displayName":"Country","name":"country","mappingName":"country","required":false,"type":"string"},{"displayName":"Customer Full Name","name":"customerFullName","mappingName":"customerFullName","required":false,"type":"string"},{"displayName":"Customer ID","name":"customerID","mappingName":"customerID","required":false,"type":"string"},{"displayName":"Customer Code","name":"customerCode","mappingName":"customerCode","required":false,"type":"string"},{"displayName":"Customer Segment","name":"customerSegment","mappingName":"customerSegment","required":false,"type":"string"},{"displayName":"Customer Email","name":"customerEmail","mappingName":"customerEmail","required":false,"type":"string"},{"displayName":"Requester Type","name":"requesterType","mappingName":"requesterType","required":false,"type":"string"},{"displayName":"Requester Displayed Name","name":"requesterDisplayedName","mappingName":"requesterDisplayedName","required":false,"type":"string"},{"displayName":"Office","name":"office","mappingName":"office","required":false,"type":"string"},{"displayName":"Middle Office","name":"middleOffice","mappingName":"middleOffice","required":false,"type":"string"},{"displayName":"Comment","name":"comment","mappingName":"comment","required":false,"type":"string"},{"displayName":"Resolution","name":"resolution","mappingName":"resolution","required":false,"type":"string"},{"displayName":"Resolution Reason","name":"resolutionReason","mappingName":"resolutionReason","required":false,"type":"string"},{"displayName":"Export Collection Advance","name":"exportCollectionAdvance","mappingName":"exportCollectionAdvance","required":false,"type":"string"},{"displayName":"Requester ID","name":"requesterId","mappingName":"requesterId","required":false,"type":"string"}],"outputParameters":[],"config":{},"type":"create"},{"name":"Update","key":"update","inputParameters":[{"displayName":"Code","name":"code","mappingName":"code","required":false,"type":"string"},{"displayName":"Creation Date","name":"creationDate","mappingName":"creationDate","required":false,"type":"date"},{"displayName":"Displayed Status","name":"displayedStatus","mappingName":"displayedStatus","required":false,"type":"string"},{"displayName":"Priority","name":"priority","mappingName":"priority","required":false,"type":"string"},{"displayName":"Country","name":"country","mappingName":"country","required":false,"type":"string"},{"displayName":"Customer Full Name","name":"customerFullName","mappingName":"customerFullName","required":false,"type":"string"},{"displayName":"Customer ID","name":"customerID","mappingName":"customerID","required":false,"type":"string"},{"displayName":"Customer Code","name":"customerCode","mappingName":"customerCode","required":false,"type":"string"},{"displayName":"Customer Segment","name":"customerSegment","mappingName":"customerSegment","required":false,"type":"string"},{"displayName":"Customer Email","name":"customerEmail","mappingName":"customerEmail","required":false,"type":"string"},{"displayName":"Requester Type","name":"requesterType","mappingName":"requesterType","required":false,"type":"string"},{"displayName":"Requester Displayed Name","name":"requesterDisplayedName","mappingName":"requesterDisplayedName","required":false,"type":"string"},{"displayName":"Office","name":"office","mappingName":"office","required":false,"type":"string"},{"displayName":"Middle Office","name":"middleOffice","mappingName":"middleOffice","required":false,"type":"string"},{"displayName":"Comment","name":"comment","mappingName":"comment","required":false,"type":"string"},{"displayName":"Resolution","name":"resolution","mappingName":"resolution","required":false,"type":"string"},{"displayName":"Resolution Reason","name":"resolutionReason","mappingName":"resolutionReason","required":false,"type":"string"},{"displayName":"Export Collection Advance","name":"exportCollectionAdvance","mappingName":"exportCollectionAdvance","required":false,"type":"string"},{"displayName":"Requester ID","name":"requesterId","mappingName":"requesterId","required":false,"type":"string"}],"outputParameters":[],"config":{},"type":"update"},{"name":"Delete","key":"delete","inputParameters":[{"displayName":"Code","name":"code","mappingName":"code","required":false,"type":"string"}],"config":{},"type":"delete"},{"name":"Create Operation","key":"createOperation","inputParameters":[{"displayName":"Code","name":"code","mappingName":"code","required":true,"type":"string"},{"displayName":"Priority","name":"priority","mappingName":"priority","required":false,"type":"string"},{"displayName":"Country","name":"country","mappingName":"country","required":true,"type":"string"},{"displayName":"Customer Full Name","name":"customerFullName","mappingName":"customerFullName","required":true,"type":"string"},{"displayName":"Customer ID","name":"customerID","mappingName":"customerID","required":true,"type":"string"},{"displayName":"Customer Code","name":"customerCode","mappingName":"customerCode","required":true,"type":"string"},{"displayName":"Customer Segment","name":"customerSegment","mappingName":"customerSegment","required":true,"type":"string"},{"displayName":"Customer Email","name":"customerEmail","mappingName":"customerEmail","required":false,"type":"string"},{"displayName":"Requester Type","name":"requesterType","mappingName":"requesterType","required":true,"type":"string"},{"displayName":"Requester Displayed Name","name":"requesterDisplayedName","mappingName":"requesterDisplayedName","required":true,"type":"string"},{"displayName":"Office","name":"office","mappingName":"office","required":true,"type":"string"},{"displayName":"Middle Office","name":"middleOffice","mappingName":"middleOffice","required":true,"type":"string"},{"displayName":"Comment","name":"comment","mappingName":"comment","required":false,"type":"string"},{"displayName":"Export Collection Advance","name":"exportCollectionAdvance","mappingName":"exportCollectionAdvance","required":false,"type":"string"},{"displayName":"Displayed Status","name":"displayedStatus","mappingName":"displayedStatus","required":false,"type":"string","defaultValue":"IN_PROGRESS"},{"displayName":"Requester ID","name":"requesterId","mappingName":"requesterId","required":false,"type":"string"}],"outputParameters":[],"config":{"insertColumns":[{"inputParameterName":"requesterId","columnName":"REQUESTER_ID","columnMappingName":"requesterId"},{"inputParameterName":"displayedStatus","columnName":"DISPLAYED_STATUS","columnMappingName":"displayedStatus"},{"inputParameterName":"exportCollectionAdvance","columnMappingName":"exportCollectionAdvance"},{"inputParameterName":"comment","columnName":"COMMENT","columnMappingName":"comment"},{"inputParameterName":"middleOffice","columnName":"MIDDLE_OFFICE","columnMappingName":"middleOffice"},{"inputParameterName":"office","columnName":"OFFICE","columnMappingName":"office"},{"inputParameterName":"requesterDisplayedName","columnName":"REQUESTER_DISPLAYED_STATUS","columnMappingName":"requesterDisplayedName"},{"inputParameterName":"requesterType","columnName":"REQUESTER_TYPE","columnMappingName":"requesterType"},{"inputParameterName":"customerEmail","columnName":"CUSTOMER_EMAIL","columnMappingName":"customerEmail"},{"inputParameterName":"customerSegment","columnName":"CUSTOMER_SEGMENT","columnMappingName":"customerSegment"},{"inputParameterName":"customerCode","columnName":"CUSTOMER_CODE","columnMappingName":"customerCode"},{"inputParameterName":"customerID","columnName":"CUSTOMER_ID","columnMappingName":"customerID"},{"inputParameterName":"customerFullName","columnName":"CUSTOMER_FULL_NAME","columnMappingName":"customerFullName"},{"inputParameterName":"country","columnName":"COUNTRY","columnMappingName":"country"},{"inputParameterName":"priority","columnName":"PRIORITY","columnMappingName":"priority"},{"inputParameterName":"code","columnName":"CODE","columnMappingName":"code"}]},"type":"create","description":"Create a request from external application"},{"name":"Update Status","key":"updateStatus","inputParameters":[{"displayName":"Displayed Status","name":"displayedStatus","mappingName":"displayedStatus","required":true,"type":"string"},{"displayName":"Resolution","name":"resolution","mappingName":"resolution","required":true,"type":"string"},{"displayName":"Resolution Reason","name":"resolutionReason","mappingName":"resolutionReason","required":false,"type":"string"},{"displayName":"Code","name":"code","mappingName":"code","required":true,"type":"string"}],"outputParameters":[],"config":{"queryColumns":[{"inputParameterName":"code","operator":"equals","columnName":"CODE"}],"updateColumns":[{"inputParameterName":"resolutionReason","columnName":"RESOLUTION_REASON","columnMappingName":"resolutionReason"},{"inputParameterName":"resolution","columnName":"RESOLUTION","columnMappingName":"resolution"},{"inputParameterName":"displayedStatus","columnName":"DISPLAYED_STATUS","columnMappingName":"displayedStatus"}]},"type":"update"}],"lookupId":"code","columnMappings":[{"name":"code","type":"STRING","columnName":"CODE"},{"name":"creationDate","type":"DATE","columnName":"CREATION_DATE"},{"name":"displayedStatus","type":"STRING","columnName":"DISPLAYED_STATUS"},{"name":"priority","type":"STRING","columnName":"PRIORITY"},{"name":"country","type":"STRING","columnName":"COUNTRY"},{"name":"customerFullName","type":"STRING","columnName":"CUSTOMER_FULL_NAME"},{"name":"customerID","type":"STRING","columnName":"CUSTOMER_ID"},{"name":"customerCode","type":"STRING","columnName":"CUSTOMER_CODE"},{"name":"customerSegment","type":"STRING","columnName":"CUSTOMER_SEGMENT"},{"name":"customerEmail","type":"STRING","columnName":"CUSTOMER_EMAIL"},{"name":"requesterType","type":"STRING","columnName":"REQUESTER_TYPE"},{"name":"requesterDisplayedName","type":"STRING","columnName":"REQUESTER_DISPLAYED_STATUS"},{"name":"office","type":"STRING","columnName":"OFFICE"},{"name":"middleOffice","type":"STRING","columnName":"MIDDLE_OFFICE"},{"name":"comment","type":"STRING","columnName":"COMMENT"},{"name":"resolution","type":"STRING","columnName":"RESOLUTION"},{"name":"resolutionReason","type":"STRING","columnName":"RESOLUTION_REASON"},{"name":"exportCollectionAdvance","type":"object-relation","relation":{"joinTableName":"PGN_CLE_ADVANCE_CANCELLATION_PGN_CLE_ADVANCE","owningColumnName":"CLE_ADVANCE_CANCELLATION_CODE","referenceColumnName":"CLE_ADVANCE_CODE","eager":true}},{"name":"requesterId","type":"STRING","columnName":"REQUESTER_ID"}],"referencedLiquibaseModelKey":"CLE_DOS007"}}