{"id":"DATA_OBJECT_MODEL-180b9c84-adbc-4acf-8040-747c4a28e085","name":"CLI_DO003 Import Collection Data Object","key":"CLI_DO003","description":null,"tenantId":"default","editorJson":{"fieldMappings":[{"label":"Amount","name":"amount","type":"DOUBLE","lookupId":false,"description":""},{"label":"Code","name":"code","type":"STRING","lookupId":true,"description":""},{"label":"Collection Type","name":"collectionType","type":"STRING","lookupId":false,"description":""},{"label":"Comment","name":"comment","type":"STRING","lookupId":false,"description":""},{"label":"Commission Account Currency","name":"commissionAccountCurrency","type":"STRING","lookupId":false,"description":""},{"label":"Commision Account IBAN","name":"commisionAccountIBAN","type":"STRING","lookupId":false,"description":""},{"label":"Commission Account ID","name":"commissionAccountId","type":"STRING","lookupId":false,"description":""},{"label":"Contract Reference","name":"contractReference","type":"STRING","lookupId":false,"description":""},{"label":"Country","name":"country","type":"STRING","lookupId":false,"description":""},{"label":"Creation Date","name":"creationDate","type":"DATE","lookupId":false,"description":""},{"label":"Currency","name":"currency","type":"STRING","lookupId":false,"description":""},{"label":"Customer Full Name","name":"customerFullName","type":"STRING","lookupId":false,"description":""},{"label":"Customer ID","name":"customerID","type":"STRING","lookupId":false,"description":""},{"label":"Customer Code","name":"customerCode","type":"STRING","lookupId":false,"description":""},{"label":"Customer Segment","name":"customerSegment","type":"STRING","lookupId":false,"description":""},{"label":"Customer Email","name":"customerEmail","type":"STRING","lookupId":false,"description":""},{"label":"Customer has account","name":"customerHasAccount","type":"STRING","lookupId":false,"description":""},{"label":"Customer Reference","name":"customerReference","type":"STRING","lookupId":false,"description":""},{"label":"Customer prices agreement collected","name":"customerPricesAgreementCollected","type":"STRING","lookupId":false,"description":""},{"label":"Debtor Name","name":"debtorName","type":"STRING","lookupId":false,"description":""},{"label":"Debtor Bank","name":"debtorBank","type":"STRING","lookupId":false,"description":""},{"label":"Nominal Account Currency","name":"nominalAccountCurrency","type":"STRING","lookupId":false,"description":""},{"label":"Nominal Account IBAN","name":"nominalAccountIBAN","type":"STRING","lookupId":false,"description":""},{"label":"Nominal Account ID","name":"nominalAccountId","type":"STRING","lookupId":false,"description":""},{"label":"Approval date","name":"approvalDate","type":"DATE","lookupId":false,"description":""},{"label":"Status","name":"status","type":"STRING","lookupId":false,"description":""},{"label":"Status Reason","name":"statusReason","type":"STRING","lookupId":false,"description":""}],"dataObjectType":"serviceRegistryDataObject","sourceId":"flowableServiceRegistryDataSource","definitionIdentityLinks":{"queryInstances":{"groups":["flowableUser"]},"createInstances":{"groups":["flowableUser"]},"deleteInstances":{"groups":["flowableUser"]},"updateInstances":{"groups":["flowableUser"]}},"instanceIdentityLinks":[{"type":"owner","groups":["flowableUser"]},{"type":"watcher","groups":["flowableUser"]}],"referencedServiceDefinitionModelKey":"CLI_S003","externalId":"cli_request"}}