{"id":"DATA_OBJECT_MODEL-59cc2616-8f46-4dc0-ae96-3df0fa922a04","name":"CLI_DO001 Import Collection Request Data Object","key":"CLI_DO001","description":null,"tenantId":"default","editorJson":{"fieldMappings":[{"label":"Amount","name":"amount","type":"DOUBLE","lookupId":false,"description":""},{"label":"Code","name":"code","type":"STRING","lookupId":true,"description":""},{"label":"Collection Type","name":"collectionType","type":"STRING","lookupId":false,"description":""},{"label":"Comment","name":"comment","type":"STRING","lookupId":false,"description":""},{"label":"Commission Account Currency","name":"commissionAccountCurrency","type":"STRING","lookupId":false,"description":""},{"label":"Commision Account IBAN","name":"commisionAccountIBAN","type":"STRING","lookupId":false,"description":""},{"label":"Commission Account ID","name":"commissionAccountId","type":"STRING","lookupId":false,"description":""},{"label":"Contract Reference","name":"contractReference","type":"STRING","lookupId":false,"description":""},{"label":"Country","name":"country","type":"STRING","lookupId":false,"description":""},{"label":"Creation Date","name":"creationDate","type":"DATE","lookupId":false,"description":""},{"label":"Currency","name":"currency","type":"STRING","lookupId":false,"description":""},{"label":"Customer Full Name","name":"customerFullName","type":"STRING","lookupId":false,"description":""},{"label":"Customer ID","name":"customerID","type":"STRING","lookupId":false,"description":""},{"label":"Customer Code","name":"customerCode","type":"STRING","lookupId":false,"description":""},{"label":"Customer Segment","name":"customerSegment","type":"STRING","lookupId":false,"description":""},{"label":"Customer Email","name":"customerEmail","type":"STRING","lookupId":false,"description":""},{"label":"Customer has account","name":"customerHasAccount","type":"STRING","lookupId":false,"description":""},{"label":"Customer Reference","name":"customerReference","type":"STRING","lookupId":false,"description":""},{"label":"Customer prices agreement collected","name":"customerPricesAgreementCollected","type":"STRING","lookupId":false,"description":""},{"label":"Debtor Name","name":"debtorName","type":"STRING","lookupId":false,"description":""},{"label":"Debtor Bank","name":"debtorBank","type":"STRING","lookupId":false,"description":""},{"label":"Displayed Status","name":"displayedStatus","type":"STRING","lookupId":false,"description":""},{"label":"Middle Office","name":"middleOffice","type":"STRING","lookupId":false,"description":""},{"label":"Nominal Account Currency","name":"nominalAccountCurrency","type":"STRING","lookupId":false,"description":""},{"label":"Nominal Account IBAN","name":"nominalAccountIBAN","type":"STRING","lookupId":false,"description":""},{"label":"Nominal Account ID","name":"nominalAccountId","type":"STRING","lookupId":false,"description":""},{"label":"Office","name":"office","type":"STRING","lookupId":false,"description":""},{"label":"Priority","name":"priority","type":"STRING","lookupId":false,"description":""},{"label":"Requester Type","name":"requesterType","type":"STRING","lookupId":false,"description":""},{"label":"Requester Displayed Name","name":"requesterDisplayedName","type":"STRING","lookupId":false,"description":""},{"label":"Requester ID","name":"requesterId","type":"STRING","lookupId":false,"description":""},{"label":"Resolution","name":"resolution","type":"STRING","lookupId":false,"description":""},{"label":"Resolution Reason","name":"resolutionReason","type":"STRING","lookupId":false,"description":"Reason of the resolution, specially when canceled or rejected."}],"dataObjectType":"serviceRegistryDataObject","sourceId":"flowableServiceRegistryDataSource","definitionIdentityLinks":{"queryInstances":{"groups":["flowableUser"]},"createInstances":{"groups":["flowableUser"]},"deleteInstances":{"groups":["flowableUser"]},"updateInstances":{"groups":["flowableUser"]}},"instanceIdentityLinks":[{"type":"owner","groups":["flowableUser"]},{"type":"watcher","groups":["flowableUser"]}],"referencedServiceDefinitionModelKey":"CLI_S001"}}