{"id":"DATA_OBJECT_MODEL-0e052b13-d84d-4c72-98aa-db5b8478b6ce","name":"CLI_DO002 Import Collection Modification Data Object","key":"CLI_DO002","description":null,"tenantId":"default","editorJson":{"fieldMappings":[{"label":"Code","name":"code","type":"STRING","lookupId":true,"description":""},{"label":"Comment","name":"comment","type":"STRING","lookupId":false,"description":""},{"label":"Country","name":"country","type":"STRING","lookupId":false,"description":""},{"label":"Creation Date","name":"creationDate","type":"DATE","lookupId":false,"description":""},{"label":"Customer Full Name","name":"customerFullName","type":"STRING","lookupId":false,"description":""},{"label":"Customer ID","name":"customerID","type":"STRING","lookupId":false,"description":""},{"label":"Customer Code","name":"customerCode","type":"STRING","lookupId":false,"description":""},{"label":"Customer Segment","name":"customerSegment","type":"STRING","lookupId":false,"description":""},{"label":"Customer Email","name":"customerEmail","type":"STRING","lookupId":false,"description":""},{"label":"Displayed Status","name":"displayedStatus","type":"STRING","lookupId":false,"description":""},{"label":"Middle Office","name":"middleOffice","type":"STRING","lookupId":false,"description":""},{"label":"Office","name":"office","type":"STRING","lookupId":false,"description":""},{"label":"Priority","name":"priority","type":"STRING","lookupId":false,"description":""},{"label":"Requester Type","name":"requesterType","type":"STRING","lookupId":false,"description":""},{"label":"Requester Displayed Name","name":"requesterDisplayedName","type":"STRING","lookupId":false,"description":""},{"label":"Requester ID","name":"requesterId","type":"STRING","lookupId":false,"description":""},{"label":"Resolution","name":"resolution","type":"STRING","lookupId":false,"description":""},{"label":"Resolution Reason","name":"resolutionReason","type":"STRING","lookupId":false,"description":"Reason of the resolution, specially when canceled or rejected."},{"label":"Import Collection","name":"importCollection","type":"DATA-OBJECT","lookupId":false,"description":"","dataObjectModelKey":"CLI_DO003","dataObjectModelRelationshipType":"one-to-one"}],"dataObjectType":"serviceRegistryDataObject","sourceId":"flowableServiceRegistryDataSource","definitionIdentityLinks":{"queryInstances":{"groups":["flowableUser"]},"createInstances":{"groups":["flowableUser"]},"deleteInstances":{"groups":["flowableUser"]},"updateInstances":{"groups":["flowableUser"]}},"instanceIdentityLinks":[{"type":"owner","groups":["flowableUser"]},{"type":"watcher","groups":["flowableUser"]}],"referencedServiceDefinitionModelKey":"CLI_S002"}}