{"id":"FORM_MODEL-bf25a3ec-2775-4fea-b6d1-93b6cf135a05","name":"PGN_F006 Comments Form","key":"PGN_F006","description":"","tenantId":"default","editorJson":{"resourceId":"editor_FORM_MODEL-bf25a3ec-2775-4fea-b6d1-93b6cf135a05","stencil":{"id":"XForm"},"pathProperties":{"outcomes":"outcomes","outcomevariablename":"outcomeVariableName","events":"extraSettings.events","dialog-size":"dialogSize","dialog-size-run":"dialogSize","dialog-title":"dialogTitle","dialog-title_en_us":"i18n.en_us.dialogTitle","dialog-title_it_it":"i18n.it_it.dialogTitle","dialog-title_es_es":"i18n.es_es.dialogTitle","dialog-title_fr_fr":"i18n.fr_fr.dialogTitle","dialog-title_de_de":"i18n.de_de.dialogTitle","dialog-title_i18n-key":"dialogTitle","dialog-description":"dialogDescription","force-validation":"forceValidation","custom-validations":"customValidations","validation-panel-display":"extraSettings.validationPanelDisplay"},"pathMappingProperties":{},"xmlProperties":[],"childShapes":[{"resourceId":"panel1","stencil":{"id":"SlotPanel"},"pathProperties":{"id":"id"},"pathMappingProperties":{},"xmlProperties":[],"childShapes":[{"resourceId":"datatable2","stencil":{"id":"base-datatable"},"pathProperties":{"label":"label","label_en_us":"i18n.en_us.label","label_it_it":"i18n.it_it.label","label_es_es":"i18n.es_es.label","label_fr_fr":"i18n.fr_fr.label","label_de_de":"i18n.de_de.label","label_i18n-key":"label","enabled":"enabled","enabled-run":"enabled","datasource":"extraSettings.dataSource","options":"extraSettings.items","options-run":"extraSettings.items","table-key":"extraSettings.tableKey","table-key-run":"extraSettings.tableKey","master-data-include-translations":"extraSettings.masterDataIncludeTranslations","query-url":"extraSettings.queryUrl","query-url-run":"extraSettings.queryUrl","lookup-url":"extraSettings.lookupUrl","lookup-url-run":"extraSettings.lookupUrl","query-params":"extraSettings.queryParams","path":"extraSettings.path","search-query":"extraSettings.searchQuery","link-target-view":"extraSettings.linkTargetView","format-item":"extraSettings.formatItem","auto-complete-type":"extraSettings.storage","serialize-item":"extraSettings.identity","serialize-item-master":"extraSettings.identity","serialize-item-full":"extraSettings.identity","link-item":"extraSettings.linkUrl","link-target":"extraSettings.linkTarget","label-position":"labelAlign","tooltip":"tooltip","tooltip_en_us":"i18n.en_us.tooltip","tooltip_it_it":"i18n.it_it.tooltip","tooltip_es_es":"i18n.es_es.tooltip","tooltip_fr_fr":"i18n.fr_fr.tooltip","tooltip_de_de":"i18n.de_de.tooltip","tooltip_i18n-key":"tooltip","value":"value","default-value":"defaultValue","description":"description","description_en_us":"i18n.en_us.description","description_it_it":"i18n.it_it.description","description_es_es":"i18n.es_es.description","description_fr_fr":"i18n.fr_fr.description","description_de_de":"i18n.de_de.description","description_i18n-key":"description","col-span":"size","ignored":"ignore","ignored-run":"ignore","visible":"visible","visible-run":"visible","required":"isRequired","required-run":"isRequired","style-class":"styleClass","custom-validations":"customValidations","validation-panel-display":"extraSettings.validationPanelDisplay","id":"id","modelevents":"modelEvents","selectable":"extraSettings.selectable","output-num-rows":"extraSettings.output.numRows","infinite-scroll":"extraSettings.infiniteScroll","infinite-scroll-visible-elements":"extraSettings.infiniteScrollVisibleElements","show-pagination":"extraSettings.showPagination","show-pagination-run":"extraSettings.showPagination","auto-hide-pagination":"extraSettings.autoHidePagination","auto-hide-pagination-run":"extraSettings.autoHidePagination","client-pagination":"extraSettings.clientPagination","expandable-panel":"extraSettings.expandablePanel","expandable-panel-run":"extraSettings.expandablePanel","configurable-columns":"extraSettings.sortableColumns","configurable-columns-run":"extraSettings.sortableColumns","columns":"extraSettings.columns","filterable":"extraSettings.filterable","sortable":"extraSettings.sortable","multi-sort":"extraSettings.multiSort","page-size":"extraSettings.pageSize","page-size-options":"extraSettings.pageSizeOptions","show-total-records":"extraSettings.showTotalRecords","path-run":"extraSettings.path","response":"extraSettings.response","show-refresh-button":"extraSettings.showRefreshButton","refresh-time":"extraSettings.refreshTime","refresh-time-run":"extraSettings.refreshTime","data-polling-on-init":"extraSettings.dataPollingOnInit","url":"extraSettings.url","target":"extraSettings.target","sort-asc":"extraSettings.sortAsc","sort-desc":"extraSettings.sortDesc","sort-pattern":"extraSettings.sortPattern","sort-separator":"extraSettings.sortSeparator","filter-pattern":"extraSettings.filterPattern","filter-separator":"extraSettings.filterSeparator","no-data-message":"extraSettings.noDataMessage","no-data-message_en_us":"i18n.en_us.extraSettings.noDataMessage","no-data-message_it_it":"i18n.it_it.extraSettings.noDataMessage","no-data-message_es_es":"i18n.es_es.extraSettings.noDataMessage","no-data-message_fr_fr":"i18n.fr_fr.extraSettings.noDataMessage","no-data-message_de_de":"i18n.de_de.extraSettings.noDataMessage","no-data-message_i18n-key":"extraSettings.noDataMessage","no-data-position":"extraSettings.nodataPosition","conditional-formatting":"extraSettings.conditionalFormatting","favorite-key":"extraSettings.favorite.key"},"pathMappingProperties":{"dataobjectselectsearch":{"operationKey":"extraSettings.dataObjectOperationKey","queryParams":"extraSettings.queryParams","lookupIdName":"extraSettings.identity","key":"extraSettings.dataObjectDefinitionKey"},"dataobjectselectsearch-run":{"operationKey":"extraSettings.dataObjectOperationKey","queryParams":"extraSettings.queryParams","lookupIdName":"extraSettings.identity","key":"extraSettings.dataObjectDefinitionKey"}},"xmlProperties":["table-key","table-key-run","query-url","query-url-run","lookup-url","lookup-url-run","dataobjectselectsearch","dataobjectselectsearch-run","query-params","path","format-item","auto-complete-type","serialize-item","serialize-item-master","serialize-item-full","link-item","path-run"],"childShapes":[],"bounds":{"lowerRight":{"x":984,"y":186},"upperLeft":{"x":15,"y":118}},"specialproperties":{"expandable-panel":{"type":"treeview"}},"outputmappingproperties":{"options":{"type":"complex","placeholders":[]},"query-params":{"type":"formlist","placeholders":[]},"custom-validations":{"type":"formlist","placeholders":[]},"modelevents":{"type":"formlist","placeholders":[]},"columns":{"type":"formlist","placeholders":[]},"page-size-options":{"type":"complex","placeholders":[]},"response":{"type":"complexkeyvalue","keymap":{"type":"simpletext","key":"key"},"valuemap":{"type":"simpletext","key":"value"}},"conditional-formatting":{"type":"complex","placeholders":[]}},"properties":{"stencilid":"cloud-datatable","stencilsuperid":"base-datatable","stencilsuperids":["base-datatable"],"customstencil":false,"bordercolor":"#000000","notes":"","label":"","label_en_us":"","label_it_it":"","label_es_es":"","label_fr_fr":"","label_de_de":"","label_i18n-key":"","enabled":true,"enabled-run":"","datasource":"Static","options":"","options-run":"{{root.operationComments}}","table-key":"","table-key-run":"","master-data-include-translations":false,"query-url":"","query-url-run":"{{endpoints.cmmn}}/cmmn-history/historic-variable-instances?caseInstanceId={{root.id}}&variableName=operationComments","lookup-url":"","lookup-url-run":"","dataobjectselectsearch":"","dataobjectselectsearch-run":"","query-params":"","path":"","search-query":"","link-target-view":"browse","format-item":"","auto-complete-type":"Full","serialize-item":"value","serialize-item-master":"id","serialize-item-full":"","link-item":"","link-target":"_blank","label-position":"top","tooltip":"","tooltip_en_us":"","tooltip_it_it":"","tooltip_es_es":"","tooltip_fr_fr":"","tooltip_de_de":"","tooltip_i18n-key":"","value":"","default-value":"","description":"","description_en_us":"","description_it_it":"","description_es_es":"","description_fr_fr":"","description_de_de":"","description_i18n-key":"","col-span":"1","ignored":false,"ignored-run":"","visible":true,"visible-run":"","required":false,"required-run":"","style-class":"","documentation":"","custom-validations":"","validation-panel-display":"show","id":"datatable2","width":"200","height":"","col":1,"col-align":"fill","col-weight":"","row":2,"row-align":"top","row-weight":"","size":12,"description-position":"bottom","description-align":"left","node-type":"","modelevents":"","selectable":"","output-num-rows":"","infinite-scroll":false,"infinite-scroll-visible-elements":"","show-pagination":true,"show-pagination-run":"","auto-hide-pagination":true,"auto-hide-pagination-run":"","client-pagination":false,"expandable-panel":{"id":"FORM_MODEL-ca8d8f34-f0cd-4ea9-a8c7-9d75bdac4e8c","key":"PGN_F007"},"expandable-panel-run":"","configurable-columns":false,"configurable-columns-run":"","columns":{"totalCount":5,"items":[{"id":"timestamp","accessor":"","label":"Comment date","filterable":false,"sortable":"false","maxWidth":150,"minWidth":"","width":"","alignment":"left","className":"","show":true,"show_rt":"","component":{"type":"htmlComponent","value":"<span>{{flw.formatDate($item.timestamp, 'DD-MM-YYYY HH:mm')}}</span>"},"i18n":{"key":{"label":"commentDate.dataTable.colums.label"},"es_es":{"label":"Fecha"}}},{"id":"user","accessor":"","label":"User","filterable":"false","sortable":"false","maxWidth":250,"minWidth":"","width":"","alignment":"left","className":"","show":true,"show_rt":"","component":{"type":"htmlComponent","value":"<span>{{flw.getUser($item.userId) != null ? flw.getUser($item.userId).displayName : $item.userDisplayedName}}</span>"},"i18n":{"key":{"label":"user.dataTable.colums.label"},"es_es":{"label":"Usuario"}}},{"id":"displayedStatus","accessor":"displayedStatus","label":"Status","filterable":"false","sortable":"false","maxWidth":200,"minWidth":"","width":"","alignment":"left","className":"","show":true,"show_rt":"","component":"","i18n":{"key":{"label":"status..dataTable.colums.label"},"es_es":{"label":"Estado"}}},{"id":"taskName","accessor":"","label":"Task","filterable":false,"sortable":false,"maxWidth":"","minWidth":"","width":"","alignment":"left","className":"","show":true,"show_rt":"","component":{"type":"htmlComponent","value":"<span>{{$item.$temp.taskNameTranslation}}</span>"},"i18n":{"key":{"label":"task.dataTable.colums.label"},"es_es":{"label":"Tarea"}}},{"id":"comment","accessor":"content","label":"Coment","filterable":false,"sortable":false,"maxWidth":"","minWidth":"","width":"","alignment":"left","className":"","show":true,"show_rt":"","component":"","i18n":{"key":{"label":"comment.dataTable.colums.label"},"es_es":{"label":"Comentario"}}}]},"filterable":false,"sortable":false,"multi-sort":false,"page-size":"","page-size-options":{"totalCount":6,"items":[{"page-size":5},{"page-size":10},{"page-size":20},{"page-size":25},{"page-size":50},{"page-size":100}]},"show-total-records":false,"path-run":"data[0].variable.value","response":{"totalCount":3,"items":[{"key":"next","value":""},{"key":"previous","value":""},{"key":"total","value":""}]},"show-refresh-button":"","refresh-time":"","refresh-time-run":"","data-polling-on-init":false,"url":"","target":"_blank","sort-asc":"","sort-desc":"","sort-pattern":"","sort-separator":"","filter-pattern":"","filter-separator":"","no-data-message":"There are no comments","no-data-message_en_us":"There are no comments","no-data-message_it_it":"","no-data-message_es_es":"No existen comentarios","no-data-message_fr_fr":"","no-data-message_de_de":"","no-data-message_i18n-key":"thereAreNoComments.dataTable.noDataMessage","no-data-position":"middle-center","conditional-formatting":"","favorite-key":"","xmlTag":"dataTable"},"ssextensions":[],"outgoing":[],"dockers":[],"labels":[{"styles":{"fill":"#000000","size":"12","italic":false,"bold":false},"ref":"label_text"},{"styles":{"fill":"#000000","size":"12","italic":false,"bold":false},"ref":"input_text"},{"styles":{"fill":"#000000","size":"12","italic":false,"bold":false},"ref":"input_dependent_text_1"},{"styles":{"fill":"#000000","size":"12","italic":false,"bold":false},"ref":"desc_text"}]},{"resourceId":"sub-form1","stencil":{"id":"SubForm"},"pathProperties":{"label-position":"labelAlign","tooltip":"tooltip","tooltip_en_us":"i18n.en_us.tooltip","tooltip_it_it":"i18n.it_it.tooltip","tooltip_es_es":"i18n.es_es.tooltip","tooltip_fr_fr":"i18n.fr_fr.tooltip","tooltip_de_de":"i18n.de_de.tooltip","tooltip_i18n-key":"tooltip","value":"value","default-value":"defaultValue","description":"description","description_en_us":"i18n.en_us.description","description_it_it":"i18n.it_it.description","description_es_es":"i18n.es_es.description","description_fr_fr":"i18n.fr_fr.description","description_de_de":"i18n.de_de.description","description_i18n-key":"description","col-span":"size","ignored":"ignore","ignored-run":"ignore","visible":"visible","visible-run":"visible","enabled":"enabled","enabled-run":"enabled","required":"isRequired","required-run":"isRequired","style-class":"styleClass","custom-validations":"customValidations","validation-panel-display":"extraSettings.validationPanelDisplay","label":"label","label_en_us":"i18n.en_us.label","label_it_it":"i18n.it_it.label","label_es_es":"i18n.es_es.label","label_fr_fr":"i18n.fr_fr.label","label_de_de":"i18n.de_de.label","label_i18n-key":"label","show-border":"extraSettings.showBorder","min-children":"extraSettings.minItems","min-children-run":"extraSettings.minItems","min-children-error-msg":"extraSettings.minItemsErrorMessage","min-children-error-msg_en_us":"i18n.en_us.extraSettings.minItemsErrorMessage","min-children-error-msg_it_it":"i18n.it_it.extraSettings.minItemsErrorMessage","min-children-error-msg_es_es":"i18n.es_es.extraSettings.minItemsErrorMessage","min-children-error-msg_fr_fr":"i18n.fr_fr.extraSettings.minItemsErrorMessage","min-children-error-msg_de_de":"i18n.de_de.extraSettings.minItemsErrorMessage","min-children-error-msg_i18n-key":"extraSettings.minItemsErrorMessage","max-children":"extraSettings.maxItems","max-children-run":"extraSettings.maxItems","max-children-error-msg":"extraSettings.maxItemsErrorMessage","max-children-error-msg_en_us":"i18n.en_us.extraSettings.maxItemsErrorMessage","max-children-error-msg_it_it":"i18n.it_it.extraSettings.maxItemsErrorMessage","max-children-error-msg_es_es":"i18n.es_es.extraSettings.maxItemsErrorMessage","max-children-error-msg_fr_fr":"i18n.fr_fr.extraSettings.maxItemsErrorMessage","max-children-error-msg_de_de":"i18n.de_de.extraSettings.maxItemsErrorMessage","max-children-error-msg_i18n-key":"extraSettings.maxItemsErrorMessage","collapsible":"extraSettings.collapsible","collapsed":"extraSettings.collapsed","collapsed-run":"extraSettings.collapsed","id":"id","modelevents":"modelEvents","form-ref":"extraSettings.formRef","form-ref-run":"extraSettings.formRef","multiple-entries":"extraSettings.multipleEntries","show-add-button":"extraSettings.showAddButton","show-add-button-run":"extraSettings.showAddButton","show-remove-button":"extraSettings.showDeleteButton","show-remove-button-run":"extraSettings.showDeleteButton","add-button-text":"extraSettings.addButtonText","add-button-text_en_us":"i18n.en_us.extraSettings.addButtonText","add-button-text_it_it":"i18n.it_it.extraSettings.addButtonText","add-button-text_es_es":"i18n.es_es.extraSettings.addButtonText","add-button-text_fr_fr":"i18n.fr_fr.extraSettings.addButtonText","add-button-text_de_de":"i18n.de_de.extraSettings.addButtonText","add-button-text_i18n-key":"extraSettings.addButtonText","show-no-items-message":"extraSettings.showNoItemsMessage","no-items-message":"extraSettings.noItemsMessage","no-items-message_en_us":"i18n.en_us.extraSettings.noItemsMessage","no-items-message_it_it":"i18n.it_it.extraSettings.noItemsMessage","no-items-message_es_es":"i18n.es_es.extraSettings.noItemsMessage","no-items-message_fr_fr":"i18n.fr_fr.extraSettings.noItemsMessage","no-items-message_de_de":"i18n.de_de.extraSettings.noItemsMessage","no-items-message_i18n-key":"extraSettings.noItemsMessage"},"pathMappingProperties":{},"xmlProperties":["value","show-border","form-ref","form-ref-run","multiple-entries","show-add-button","show-add-button-run","show-remove-button","show-remove-button-run"],"childShapes":[],"bounds":{"lowerRight":{"x":984,"y":93},"upperLeft":{"x":15,"y":25}},"specialproperties":{"form-ref":{"type":"treeview"}},"outputmappingproperties":{"custom-validations":{"type":"formlist","placeholders":[]},"modelevents":{"type":"formlist","placeholders":[]}},"properties":{"stencilid":"cloud-sub-form","stencilsuperid":"SubForm","stencilsuperids":["SubForm"],"customstencil":false,"bordercolor":"#777777","notes":"","label-position":"top","tooltip":"","tooltip_en_us":"","tooltip_it_it":"","tooltip_es_es":"","tooltip_fr_fr":"","tooltip_de_de":"","tooltip_i18n-key":"","value":"{{root.operationComments}}","default-value":"","description":"","description_en_us":"","description_it_it":"","description_es_es":"","description_fr_fr":"","description_de_de":"","description_i18n-key":"","col-span":"1","ignored":false,"ignored-run":"","visible":true,"visible-run":"","enabled":true,"enabled-run":"","required":false,"style-class":"","documentation":"Sub Form to calculate task names translations","custom-validations":"","validation-panel-display":"","label":"","label_en_us":"","label_it_it":"","label_es_es":"","label_fr_fr":"","label_de_de":"","label_i18n-key":"","show-border":false,"min-children":"","min-children-run":"","min-children-error-msg":"","min-children-error-msg_en_us":"","min-children-error-msg_it_it":"","min-children-error-msg_es_es":"","min-children-error-msg_fr_fr":"","min-children-error-msg_de_de":"","min-children-error-msg_i18n-key":"","max-children":"","max-children-run":"","max-children-error-msg":"","max-children-error-msg_en_us":"","max-children-error-msg_it_it":"","max-children-error-msg_es_es":"","max-children-error-msg_fr_fr":"","max-children-error-msg_de_de":"","max-children-error-msg_i18n-key":"","collapsible":false,"collapsed":false,"collapsed-run":"","id":"operationComentsSub-form","width":"200","height":"","col":1,"col-align":"fill","col-weight":"","row":1,"row-align":"top","row-weight":"","size":12,"description-position":"bottom","description-align":"left","node-type":"","modelevents":"","discriminator":"","form-ref":{"id":"FORM_MODEL-a91c66e3-24bb-4d18-9e08-0e68a1cf5b94","key":"PGN_F014"},"form-ref-run":"","multiple-entries":true,"required-run":"","show-add-button":false,"show-add-button-run":"","show-remove-button":false,"show-remove-button-run":"","add-button-text":"","add-button-text_en_us":"","add-button-text_it_it":"","add-button-text_es_es":"","add-button-text_fr_fr":"","add-button-text_de_de":"","add-button-text_i18n-key":"","show-no-items-message":false,"no-items-message":"","no-items-message_en_us":"","no-items-message_it_it":"","no-items-message_es_es":"","no-items-message_fr_fr":"","no-items-message_de_de":"","no-items-message_i18n-key":"","xmlTag":"subform"},"ssextensions":[],"outgoing":[],"dockers":[],"labels":[{"styles":{"fill":"#000000","size":"12","italic":false,"bold":false},"ref":"input_text"},{"styles":{"fill":"#000000","size":"12","italic":false,"bold":false},"ref":"label_text"},{"styles":{"fill":"#000000","size":"12","italic":false,"bold":false},"ref":"input_u_text"}]}],"bounds":{"lowerRight":{"x":1049,"y":261},"upperLeft":{"x":50,"y":50}},"oldResourceId":"sid-8D9FC954-EB33-4C05-ADF0-5706EF50E974","properties":{"stencilid":"SlotPanel","stencilsuperid":"SlotPanel","stencilsuperids":["SlotPanel"],"customstencil":false,"id":"panel1","notes":"","width":"300"},"ssextensions":[],"outgoing":[],"dockers":[]}],"bounds":{"lowerRight":{"x":1485,"y":1050},"upperLeft":{"x":0,"y":0}},"outputmappingproperties":{"outcomes":{"type":"formlist","placeholders":[]},"events":{"type":"formlist","placeholders":[]},"custom-validations":{"type":"formlist","placeholders":[]}},"properties":{"stencilid":"XForm","stencilsuperid":"XForm","stencilsuperids":["XForm"],"customstencil":false,"id":"PGN_F006","notes":"","name":"PGN_F006 Comments Form","guid":"FORM_MODEL-bf25a3ec-2775-4fea-b6d1-93b6cf135a05","creationdate":"2022-12-27T10:07:56.196Z","modificationdate":"2023-01-17T10:58:57.422Z","outcomes":"","outcomevariablename":"","events":{"totalCount":0,"items":[]},"dialog-size":"","dialog-size-run":"","dialog-title":"","dialog-title_en_us":"","dialog-title_it_it":"","dialog-title_es_es":"","dialog-title_fr_fr":"","dialog-title_de_de":"","dialog-title_i18n-key":"","dialog-description":"","force-validation":"","custom-validations":"","validation-panel-display":"show","description":""},"ssextensions":[],"stencilset":{"url":"./app/editor_stencilset","paletteKey":"flowable-form-palette","namespace":"http://b3mn.org/stencilset/xforms2.0#"}}}