{"id":"TEMPLATE_MODEL-297f040f-586d-4b3f-926b-28946ec8edf1","name":"MTR_TPL001 MiniTrade Email Subject Template","key":"MTR_TPL001","description":"Template for email subject by notification type and language code","tenantId":"default","editorJson":{"variationParameters":[{"name":"notificationType"},{"name":"languageCode"}],"templateVariations":[{"variationParameters":[{"name":"notificationType","value":"commonCompleteInformationNotification"},{"name":"languageCode","value":"es_es"}],"templateText":"La operación ${root.operationCode} del producto '${masterDataExpressions.getInstanceName(\"md-product-type\",root.product,\"es_es\")}' ha sido devuelta por '${masterDataExpressions.getInstanceName(root.config.returnReasonMasterDataDefinitionKey,root.returnReason,\"es_es\")}'","templateResourceType":"word"},{"variationParameters":[{"name":"notificationType","value":"commonCompleteInformationNotification"},{"name":"languageCode","value":"en_us"}],"templateText":"The operation ${root.operationCode} has been returned","templateResourceType":"word"},{"variationParameters":[{"name":"notificationType","value":"commonOperationCompletedNotification"},{"name":"languageCode","value":"es_es"}],"templateText":"La operación ${root.operationCode} ha sido ${resolution}","templateResourceType":"word"},{"variationParameters":[{"name":"notificationType","value":"commonOperationCompletedNotification"},{"name":"languageCode","value":"en_us"}],"templateText":"The operation ${root.operationCode} has been has been ${flwStringUtils.toLowerCase(operationJSON.resolution).","templateResourceType":"word"},{"variationParameters":[{"name":"notificationType","value":"commonOperationExpirationNotification"},{"name":"languageCode","value":"en_us"}],"templateText":"The operation ${root.operationCode} of the product ${masterDataExpressions.getInstanceName(\"md-product-type\", root.product, \"en_us\")} is about to expire.","templateResourceType":"word"},{"variationParameters":[{"name":"notificationType","value":"commonOperationExpirationNotification"},{"name":"languageCode","value":"es_es"}],"templateText":"La operación ${root.operationCode} del producto ${masterDataExpressions.getInstanceName(\"md-product-type\", root.product, \"es_es\")} está a punto de expirar.","templateResourceType":"word"}],"templateType":"text"}}