{"id":"TEMPLATE_MODEL-5fc1f2b0-a221-4819-aa4d-330c192a468b","name":"MTR_TPL002 MiniTrade Email Body Template","key":"MTR_TPL002","description":"Email body template by notification type an language code","tenantId":"default","editorJson":{"variationParameters":[{"name":"notificationType","defaultValue":"commonCompleteInformationNotification"},{"name":"languageCode"}],"templateVariations":[{"variationParameters":[{"name":"notificationType","value":"commonCompleteInformationNotification"},{"name":"languageCode","value":"es_es"}],"templateText":"<pre>\nEstimado ${operationJSON.customerFullName}, el caso del producto '${masterDataExpressions.getInstanceName(\"md-product-type\",root.product,languageCode)}' con referencia ${root.operationCode}  requiere de información adicional.\n  \n${root.returnComment}\n  \nHaz clic en el enlace para poder continuar con la gestión de la operación: <a href=\"${environmentExpressions.getExternalTaskUrl(completeInformationTaskId)}\">Completar información | ${root.operationCode}</a>\n\nMuchas gracias\n\nEquipo de soporte\n</pre>","templateResourceType":"word"},{"variationParameters":[{"name":"notificationType","value":"commonCompleteInformationNotification"},{"name":"languageCode","value":"en_us"}],"templateText":"<pre>\nDear ${operationJSON.customerFullName}, the product case '${masterDataExpressions.getInstanceName(\"md-product-type\",root.product)}' with reference ${root.operationCode} requires additional information.\n  \n${root.returnComment}\n\nPlease click on the link to be able to continue with the management of the operation: <a href=\"${environmentExpressions.getExternalTaskUrl(completeInformationTaskId)}\">Complete information | ${root.operationCode}</a>\n\nThank you very much\n\nSupport Team\n</pre>","templateResourceType":"word"},{"variationParameters":[{"name":"notificationType","value":"commonOperationCompletedNotification"},{"name":"languageCode","value":"es_es"}],"templateText":"<pre>\nEstimado ${operationJSON.customerFullName}, el caso del producto '${masterDataExpressions.getInstanceName(\"md-product-type\",root.product,languageCode)}' con referencia ${root.operationCode} ha sido ${resolution}.\n\nHaz clic en el enlace en caso de querer acceder al detalle de la operación <a href=\"${environmentExpressions.getExternalRequestsQueryUrl()}\">${root.operationCode}</a>\n\nMuchas gracias\n\nEquipo de soporte\n</pre>","templateResourceType":"word"},{"variationParameters":[{"name":"notificationType","value":"commonOperationCompletedNotification"},{"name":"languageCode","value":"es_us"}],"templateText":"<pre>\nDear ${operationJSON.customerFullName}, the product case '${masterDataExpressions.getInstanceName(\"md-product-type\",root.product,languageCode)}' with reference ${root.operationCode} has been ${flwStringUtils.toLowerCase(operationJSON.resolution).\n\nPlease click on the link if you want to access the detail of the operation <a href=\"${environmentExpressions.getExternalRequestsQueryUrl()}\">${root.operationCode}</a>\n\nThank you very much\n\nSupport Team\n</pre>","templateResourceType":"word"},{"variationParameters":[{"name":"notificationType","value":"commonOperationExpirationNotification"},{"name":"languageCode","value":"es_es"}],"templateText":"<pre>\n  Estimado ${operationJSON.customerFullName}, el caso del producto '${masterDataExpressions.getInstanceName(\"md-product-type\",root.product,languageCode)}' con referencia ${root.operationCode}, está pendiente de confirmar.  \n\nEn el plazo de un día, se borrará automáticamente.\n\nMuchas gracias\n\nEquipo de soporte\n</pre>","templateResourceType":"word"},{"variationParameters":[{"name":"notificationType","value":"commonOperationExpirationNotification"},{"name":"languageCode","value":"en_us"}],"templateText":"<pre>\nDear customer, the product case '${masterDataExpressions.getInstanceName(\"md-product-type\",root.product,languageCode)}' with reference ${root.operationCode}, is pending confirmation,\n\nWithin one day, it will be deleted automatically.\n\nThank you very much\n\nSupport Team\n</pre>","templateResourceType":"word"}],"templateType":"text"}}