{"id":"APP_MODEL-005ca878-8bee-4abb-91f3-8c81f48deb67","name":"Users management","key":"users-management-app","description":"User Management pages:\n\n* Groups and countries management page","editorJson":{"models":[],"cmmnModels":[],"formModels":[{"id":"FORM_MODEL-1a3591bd-4106-488c-8ed2-ad36a75f63b6","name":"UM_F006 Activate User Confirmation Form","version":1,"modelType":2,"createdBy":"admin","lastUpdatedBy":"admin","lastUpdated":"2022-12-27T10:06:10.099+00:00","key":"UM_F006","tenantId":"default","tags":[],"modelLockingEnabled":true,"modelEditable":false,"isModelEditable":false,"isModelLockingEnabled":true}],"dmnModels":[],"decisionServiceModels":[],"workModels":[],"linkedModels":[],"pages":[{"id":"PAGE_MODEL-81d7f2ab-dab8-4929-80a9-1b68a118b1c3","name":"UM_PG001 User Management Page","version":1,"modelType":9,"description":"","createdBy":"admin","lastUpdatedBy":"admin","lastUpdated":"2022-12-27T10:06:10.425+00:00","key":"UM_P001","tenantId":"default","tags":[],"accessPermissions":"flowableAdministrator, userManagement","label":"Groups","url":"UM_P001","i18n":{"key":{"label":"um.user-groups.page.title"},"es_es":{"label":"Grupos"}},"modelLockingEnabled":true,"modelEditable":false,"isModelEditable":false,"isModelLockingEnabled":true}],"theme":"theme-1","icon":"glyphicon-user","name":"Users management","key":"users-management-app","flowApp":true,"url":"users-management","order":60,"i18n":{"key":{"name":"um.application.title"},"es_es":{"name":"Usuarios"}},"isRelease":false}}