{"id":"PROCESS_MODEL-2af0885f-05e1-4aad-aa39-6d8cb93edc40","name":"CLE_P056 Export Collection Advance Cancellation Classify and Refine Process","key":"CLE_P056","description":"","tenantId":"default","editorJson":{"resourceId":"editor_PROCESS_MODEL-2af0885f-05e1-4aad-aa39-6d8cb93edc40","stencil":{"id":"BPMNDiagram"},"pathProperties":{},"pathMappingProperties":{},"xmlProperties":["processsequence","processsequence-run","processsequencevariablename","processsequencevariablename-run","processinstancename","processinstancename_en_us","processinstancename_en_us-run","processinstancename_it_it","processinstancename_it_it-run","processinstancename_es_es","processinstancename_es_es-run","processinstancename_fr_fr","processinstancename_fr_fr-run","processinstancename_de_de","processinstancename_de_de-run","processinstancename-run","processinstancename_i18n-key","processinstancebusinessstatus","processinstancebusinessstatus-run","processinstancebusinesskey","processinstancebusinesskey-run","process_namespace"],"childShapes":[{"resourceId":"startnoneevent1","stencil":{"id":"StartNoneEvent"},"pathProperties":{},"pathMappingProperties":{},"xmlProperties":["formproperties"],"childShapes":[],"bounds":{"lowerRight":{"x":147,"y":291},"upperLeft":{"x":117,"y":261}},"specialproperties":{"formreference":{"type":"treeview"},"workformreference":{"type":"treeview"}},"outputmappingproperties":{"formproperties":{"type":"formlist","placeholders":[]},"fields":{"type":"complex","placeholders":[]},"executionlistener":{"type":"complex","placeholders":[]},"workforminputmappings":{"type":"complex","placeholders":[]}},"properties":{"stencilid":"StartNoneEvent","stencilsuperid":"StartNoneEvent","stencilsuperids":["StartNoneEvent"],"customstencil":false,"formproperties":"","notes":"","interrupting":true,"bgcolor":"#ffffff","bordercolor":"#000000","executionlistener":"","name":"","name-run":"","id":"startnoneevent1","documentation":"","fontsize":"","fontweight":"","fontstyle":"","fontcolor":"#000000","async":false,"exclusive":true,"asyncleave":false,"trigger":"None","initiator":"initiator","formreference":"","samedeployment":true,"formfieldvalidation":false,"formfieldvalidation-run":"","workformreference":"","workformsamedeployment":true,"workformfieldvalidation":false,"workformfieldvalidation-run":"","workforminputmappingtype":"allowed","workforminputmappings":"","xmlTag":"StartNoneEvent"},"ssextensions":[],"outgoing":[{"resourceId":"sequenceFlow1"}],"dockers":[],"labels":[{"styles":{"fill":"#000000","size":"12","italic":false,"bold":false},"ref":"text_name"}]},{"resourceId":"endNoneEvent1","stencil":{"id":"EndNoneEvent"},"pathProperties":{},"pathMappingProperties":{},"xmlProperties":[],"childShapes":[],"bounds":{"lowerRight":{"x":1303,"y":290},"upperLeft":{"x":1275,"y":262}},"outputmappingproperties":{"fields":{"type":"complex","placeholders":[]},"executionlistener":{"type":"complex","placeholders":[]}},"properties":{"stencilid":"EndNoneEvent","stencilsuperid":"EndNoneEvent","stencilsuperids":["EndNoneEvent"],"customstencil":false,"bgcolor":"#ffffff","notes":"","bordercolor":"#000000","executionlistener":"","name":"","name-run":"","id":"endNoneEvent1","documentation":"","fontsize":"12","fontweight":"normal","fontstyle":"normal","fontcolor":"#000000","async":false,"exclusive":true,"asyncleave":false,"trigger":"None","terminateall":false,"xmlTag":"EndNoneEvent"},"ssextensions":[],"outgoing":[],"dockers":[],"labels":[{"styles":{"fill":"#000000","size":"12","italic":false,"bold":false},"ref":"text_name"}]},{"resourceId":"sequenceFlow1","stencil":{"id":"SequenceFlow"},"pathProperties":{},"pathMappingProperties":{},"xmlProperties":[],"childShapes":[],"bounds":{"lowerRight":{"x":191,"y":276},"upperLeft":{"x":147,"y":276}},"outputmappingproperties":{"fields":{"type":"complex","placeholders":[]},"executionlistener":{"type":"complex","placeholders":[]}},"properties":{"stencilid":"SequenceFlow","stencilsuperid":"SequenceFlow","stencilsuperids":["SequenceFlow"],"customstencil":false,"bordercolor":"#000000","notes":"","executionlistener":"","name":"","name-run":"","id":"sequenceFlow1","bgcolor":"#ffffff","documentation":"","fontsize":"12","fontweight":"normal","fontstyle":"normal","fontcolor":"#000000","conditionexpression":"","skipexpression":"","showdiamondmarker":false,"defaultflow":false,"xmlTag":"SequenceFlow"},"ssextensions":[],"outgoing":[{"resourceId":"exclusive_Databased_Gateway1"}],"dockers":[{"x":15,"y":15},{"x":20,"y":20}],"labels":[{"styles":{"fill":"#000000","size":"12","italic":false,"bold":false},"ref":"text_name"}],"target":{"resourceId":"exclusive_Databased_Gateway1"}},{"resourceId":"exclusive_Databased_Gateway1","stencil":{"id":"Exclusive_Databased_Gateway"},"pathProperties":{},"pathMappingProperties":{},"xmlProperties":[],"childShapes":[],"bounds":{"lowerRight":{"x":231,"y":296},"upperLeft":{"x":191,"y":256}},"properties":{"stencilid":"Exclusive_Databased_Gateway","stencilsuperid":"Exclusive_Databased_Gateway","stencilsuperids":["Exclusive_Databased_Gateway"],"customstencil":false,"includeinhistory":false,"notes":"","categories":"","sequencefloworder":"","bgcolor":"#ffffff","name":"","name-run":"","id":"exclusive_Databased_Gateway1","documentation":"","fontsize":"12","fontweight":"normal","fontstyle":"normal","fontcolor":"#000000","async":false,"exclusive":true,"asyncleave":false,"bordercolor":"#000000","gatewaytype":"XOR","xmlTag":"Exclusive_Databased_Gateway"},"ssextensions":[],"outgoing":[{"resourceId":"sequenceFlow2"}],"dockers":[],"labels":[{"styles":{"fill":"#000000","size":"12","italic":false,"bold":false},"ref":"text_name"}]},{"resourceId":"sequenceFlow2","stencil":{"id":"SequenceFlow"},"pathProperties":{},"pathMappingProperties":{},"xmlProperties":[],"childShapes":[],"bounds":{"lowerRight":{"x":269,"y":276},"upperLeft":{"x":230,"y":276}},"outputmappingproperties":{"fields":{"type":"complex","placeholders":[]},"executionlistener":{"type":"complex","placeholders":[]}},"properties":{"stencilid":"SequenceFlow","stencilsuperid":"SequenceFlow","stencilsuperids":["SequenceFlow"],"customstencil":false,"bordercolor":"#000000","notes":"","executionlistener":"","name":"","name-run":"","id":"sequenceFlow2","bgcolor":"#ffffff","documentation":"","fontsize":"12","fontweight":"normal","fontstyle":"normal","fontcolor":"#000000","conditionexpression":"","skipexpression":"","showdiamondmarker":false,"defaultflow":false,"xmlTag":"SequenceFlow"},"ssextensions":[],"outgoing":[{"resourceId":"variableActivity1"}],"dockers":[{"x":20,"y":20},{"x":50,"y":40}],"labels":[{"styles":{"fill":"#000000","size":"12","italic":false,"bold":false},"ref":"text_name"}],"target":{"resourceId":"variableActivity1"}},{"resourceId":"variableActivity1","stencil":{"id":"ServiceTask"},"pathProperties":{},"pathMappingProperties":{},"xmlProperties":["loopvariableaggregation","initvariablemap","overwrite","overwrite-run"],"childShapes":[],"bounds":{"lowerRight":{"x":370,"y":316},"upperLeft":{"x":270,"y":236}},"outputmappingproperties":{"loopvariableaggregation":{"type":"formlist","placeholders":[]},"fields":{"type":"complex","placeholders":[]},"executionlistener":{"type":"complex","placeholders":[]},"classfields":{"type":"complex","placeholders":[]},"exceptionmappings":{"type":"complex","placeholders":[]}},"properties":{"stencilid":"VariableActivity","stencilsuperid":"ServiceTask","stencilsuperids":["ServiceTask"],"customstencil":false,"includeinhistory":false,"notes":"","categories":"","looptype":"None","loopcollection":"","loopelementvariable":"","loopelementindexvariable":"loopCounter","loopcardinality":"","completioncondition":"","nowaitstatesasyncleave":"","loopvariableaggregation":"","tasktype":"Service","bgcolor":"#ffffff","guid":"","skipexpression":"","isforcompensation":false,"expression":"","delegateexpression":"${initVariablesService}","resultvariable":"","class":"","executionlistener":"","bordercolor":"#000000","async":false,"exclusive":true,"asyncleave":false,"name":"Initialize variables","name-run":"Initialize variables","id":"variableActivity1","documentation":"","fontsize":"12","fontweight":"normal","fontstyle":"normal","fontcolor":"#000000","classfields":"","servicetasktriggerable":false,"servicetaskstoreresultvariabletransient":"","servicetaskuselocalscopeforresultvariable":false,"exceptionmappings":"","servicetaskfailedjobretrytimecycle":"","initvariablemap":{"totalCount":3,"items":[{"target":"","name":"refineComment","valueExpression":"${null}"},{"target":"","name":"refineTaskAction","valueExpression":"${null}"},{"target":"","name":"classifyAndRefineOutcome","valueExpression":"${null}"}]},"overwrite":true,"overwrite-run":"","genericproperty":"","xmlTag":"ServiceTask"},"ssextensions":[],"outgoing":[{"resourceId":"sequenceFlow3"}],"dockers":[],"labels":[{"styles":{"fill":"#000000","size":"12","italic":false,"bold":false},"ref":"text_name"}]},{"resourceId":"sequenceFlow3","stencil":{"id":"SequenceFlow"},"pathProperties":{},"pathMappingProperties":{},"xmlProperties":[],"childShapes":[],"bounds":{"lowerRight":{"x":418,"y":276},"upperLeft":{"x":370,"y":276}},"outputmappingproperties":{"fields":{"type":"complex","placeholders":[]},"executionlistener":{"type":"complex","placeholders":[]}},"properties":{"stencilid":"SequenceFlow","stencilsuperid":"SequenceFlow","stencilsuperids":["SequenceFlow"],"customstencil":false,"bordercolor":"#000000","notes":"","executionlistener":"","name":"","name-run":"","id":"sequenceFlow3","bgcolor":"#ffffff","documentation":"","fontsize":"12","fontweight":"normal","fontstyle":"normal","fontcolor":"#000000","conditionexpression":"","skipexpression":"","showdiamondmarker":false,"defaultflow":false,"xmlTag":"SequenceFlow"},"ssextensions":[],"outgoing":[{"resourceId":"formTask1"}],"dockers":[{"x":50,"y":40},{"x":50,"y":40}],"labels":[{"styles":{"fill":"#000000","size":"12","italic":false,"bold":false},"ref":"text_name"}],"target":{"resourceId":"formTask1"}},{"resourceId":"formTask1","stencil":{"id":"Task"},"pathProperties":{},"pathMappingProperties":{},"xmlProperties":["loopvariableaggregation","exposetoobjectitems","exposeasmessageitems","formproperties"],"childShapes":[],"bounds":{"lowerRight":{"x":519,"y":316},"upperLeft":{"x":419,"y":236}},"specialproperties":{"form_entry":{"type":"treeview"},"securitypolicy":{"type":"treeview"}},"outputmappingproperties":{"loopvariableaggregation":{"type":"formlist","placeholders":[]},"fields":{"type":"complex","placeholders":[]},"executionlistener":{"type":"complex","placeholders":[]},"exposetoobjectitems":{"type":"complex","placeholders":[]},"exposeasmessageitems":{"type":"complex","placeholders":[]},"formproperties":{"type":"formlist","placeholders":[]},"genericproperty":{"type":"complex","placeholders":[]},"taskinputmappings":{"type":"complex","placeholders":[]},"tasklistener":{"type":"complex","placeholders":[]}},"properties":{"stencilid":"FormTask","stencilsuperid":"Task","stencilsuperids":["Task"],"customstencil":false,"includeinhistory":false,"notes":"","categories":"","looptype":"None","loopcollection":"","loopelementvariable":"","loopelementindexvariable":"loopCounter","loopcardinality":"","completioncondition":"","nowaitstatesasyncleave":"","loopvariableaggregation":"","isforcompensation":false,"executionlistener":"","exposetoobjectitems":"","async":false,"exclusive":true,"asyncleave":false,"exposeasmessageitems":"","customcaseviewheadersize":"sm","customcaseviewheadersize-run":"sm","formproperties":"","bordercolor":"#000000","tasktype":"FormTask","bgcolor":"#ffffff","guid":"","skipexpression":"","owner":"","owner-run":"","assignee":"${initiator}","assignee-run":"${initiator}","candidateusers":"","candidateusers-run":"","candidategroups":"","candidategroups-run":"","participantusers":"","participantusers-run":"","participantgroups":"","participantgroups-run":"","watcherusers":"","watcherusers-run":"","watchergroups":"","watchergroups-run":"","name":"Classify and Refine operation | ${root.operation.code}","name-run":"Classify and Refine operation | ${root.operation.code}","id":"formTask1","documentation":"","fontsize":"12","fontweight":"normal","fontstyle":"normal","fontcolor":"#000000","genericproperty":"","priority":"","duedate":"","categorydefinition":"REFINE","candidatestype":"all","name_en_us":"Classify and Refine operation | ${root.operation.code}","name_en_us-run":"Classify and Refine operation | ${root.operation.code}","name_it_it":"","name_it_it-run":"","name_es_es":"Clasificar y Refinar operación | ${root.operation.code}","name_es_es-run":"Clasificar y Refinar operación | ${root.operation.code}","name_fr_fr":"","name_fr_fr-run":"","name_de_de":"","name_de_de-run":"","name_i18n-key":"classifyAndRefineOperation.userTask.name","form_entry":{"id":"FORM_MODEL-51136bf1-12d4-4a62-ab3a-cae5eb4ab24c","key":"CLE_F099"},"samedeployment":true,"formfieldvalidation":false,"formfieldvalidation-run":"","taskidvariablename":"refineTaskId","securitypolicy":"","exposetocaseview":true,"elementlabel":"","elementlabel_en_us":"","elementlabel_it_it":"","elementlabel_es_es":"","elementlabel_fr_fr":"","elementlabel_de_de":"","elementlabel_i18n-key":"","elementicon":"clipboard-list/regular","elementindex":"10","activestaterendering":"fullAccess","completedstaterendering":"hidden","taskinputmappingtype":"allowed","taskinputmappings":"","tasklistener":"","customfolderpath":"","xmlTag":"FormTask"},"ssextensions":[],"outgoing":[{"resourceId":"sequenceFlow4"}],"dockers":[],"labels":[{"styles":{"fill":"#000000","size":"12","italic":false,"bold":false},"ref":"text_name"}]},{"resourceId":"sequenceFlow4","stencil":{"id":"SequenceFlow"},"pathProperties":{},"pathMappingProperties":{},"xmlProperties":[],"childShapes":[],"bounds":{"lowerRight":{"x":578,"y":276},"upperLeft":{"x":520,"y":276}},"outputmappingproperties":{"fields":{"type":"complex","placeholders":[]},"executionlistener":{"type":"complex","placeholders":[]}},"properties":{"stencilid":"SequenceFlow","stencilsuperid":"SequenceFlow","stencilsuperids":["SequenceFlow"],"customstencil":false,"bordercolor":"#000000","notes":"","executionlistener":"","name":"","name-run":"","id":"sequenceFlow4","bgcolor":"#ffffff","documentation":"","fontsize":"12","fontweight":"normal","fontstyle":"normal","fontcolor":"#000000","conditionexpression":"","skipexpression":"","showdiamondmarker":false,"defaultflow":false,"xmlTag":"SequenceFlow"},"ssextensions":[],"outgoing":[{"resourceId":"callActivity1"}],"dockers":[{"x":50,"y":40},{"x":50,"y":40}],"labels":[{"styles":{"fill":"#000000","size":"12","italic":false,"bold":false},"ref":"text_name"}],"target":{"resourceId":"callActivity1"}},{"resourceId":"callActivity1","stencil":{"id":"CallActivity"},"pathProperties":{},"pathMappingProperties":{},"xmlProperties":["loopvariableaggregation"],"childShapes":[],"bounds":{"lowerRight":{"x":679,"y":316},"upperLeft":{"x":579,"y":236}},"specialproperties":{"entry":{"type":"treeview"}},"outputmappingproperties":{"dataproperties":{"type":"complex","placeholders":[]},"loopvariableaggregation":{"type":"formlist","placeholders":[]},"fields":{"type":"complex","placeholders":[]},"executionlistener":{"type":"complex","placeholders":[]},"in":{"type":"complex","placeholders":[]},"out":{"type":"complex","placeholders":[]},"exceptionmappings":{"type":"complex","placeholders":[]}},"properties":{"stencilid":"CallActivity","stencilsuperid":"CallActivity","stencilsuperids":["CallActivity"],"customstencil":false,"dataproperties":"","notes":"","includeinhistory":false,"categories":"","looptype":"None","loopcollection":"","loopelementvariable":"","loopelementindexvariable":"loopCounter","loopcardinality":"","completioncondition":"","nowaitstatesasyncleave":"","loopvariableaggregation":"","isforcompensation":false,"bgcolor":"#ffffff","bordercolor":"#000000","executionlistener":"","async":false,"exclusive":true,"asyncleave":false,"name":"Add new comment","name-run":"Add new comment","id":"callActivity1","documentation":"","fontsize":"12","fontweight":"normal","fontstyle":"normal","fontcolor":"#000000","in":{"totalCount":6,"items":[{"source":"refineTaskId","sourceExpression":"","target":"taskId"},{"source":"refineTaskAction","sourceExpression":"","target":"action"},{"source":"","sourceExpression":"${null}","target":"reason"},{"source":"refineComment","sourceExpression":"","target":"content"},{"source":"","sourceExpression":"${false}","target":"visibleForClient"},{"source":"","sourceExpression":"${root.advanceCancellationDisplayedStatus}","target":"displayedStatus"}]},"out":"","subprocesstype":"Embedded","istransaction":false,"transactionmethod":"compensate","activitytype":"Sub-Process","samedeployment":true,"entry":{"id":"PROCESS_MODEL-3566be45-90d5-48c2-b881-6c420f96e158","key":"TMP_P001"},"entry-run":"","process-instance-name":"","callactivityinheritvariables":false,"callactivitybusinesskey":"","callactivityinheritbusinesskey":false,"callactivityuselocalscopeforoutparameters":false,"callactivitycompleteasync":false,"fallback-to-default-tenant":true,"callactivityidvariablename":"","exceptionmappings":"","xmlTag":"CallActivity"},"ssextensions":[],"outgoing":[{"resourceId":"sequenceFlow5"}],"dockers":[],"labels":[{"styles":{"fill":"#000000","size":"12","italic":false,"bold":false},"ref":"text_name"},{"styles":{"fill":"#000000","size":"12","italic":false,"bold":false},"ref":"_oryx_580017B8-DE56-43FC-9E66-262BC2D8CFD4_23"}]},{"resourceId":"sequenceFlow5","stencil":{"id":"SequenceFlow"},"pathProperties":{},"pathMappingProperties":{},"xmlProperties":[],"childShapes":[],"bounds":{"lowerRight":{"x":735,"y":276},"upperLeft":{"x":679,"y":276}},"outputmappingproperties":{"fields":{"type":"complex","placeholders":[]},"executionlistener":{"type":"complex","placeholders":[]}},"properties":{"stencilid":"SequenceFlow","stencilsuperid":"SequenceFlow","stencilsuperids":["SequenceFlow"],"customstencil":false,"bordercolor":"#000000","notes":"","executionlistener":"","name":"","name-run":"","id":"sequenceFlow5","bgcolor":"#ffffff","documentation":"","fontsize":"12","fontweight":"normal","fontstyle":"normal","fontcolor":"#000000","conditionexpression":"","skipexpression":"","showdiamondmarker":false,"defaultflow":false,"xmlTag":"SequenceFlow"},"ssextensions":[],"outgoing":[{"resourceId":"exclusive_Databased_Gateway2"}],"dockers":[{"x":50,"y":40},{"x":20,"y":20}],"labels":[{"styles":{"fill":"#000000","size":"12","italic":false,"bold":false},"ref":"text_name"}],"target":{"resourceId":"exclusive_Databased_Gateway2"}},{"resourceId":"exclusive_Databased_Gateway2","stencil":{"id":"Exclusive_Databased_Gateway"},"pathProperties":{},"pathMappingProperties":{},"xmlProperties":[],"childShapes":[],"bounds":{"lowerRight":{"x":775,"y":296},"upperLeft":{"x":735,"y":256}},"properties":{"stencilid":"Exclusive_Databased_Gateway","stencilsuperid":"Exclusive_Databased_Gateway","stencilsuperids":["Exclusive_Databased_Gateway"],"customstencil":false,"includeinhistory":false,"notes":"","categories":"","sequencefloworder":"","bgcolor":"#ffffff","name":"Classify and refine action?","name-run":"Classify and refine action?","id":"exclusive_Databased_Gateway2","documentation":"","fontsize":"12","fontweight":"normal","fontstyle":"normal","fontcolor":"#000000","async":false,"exclusive":true,"asyncleave":false,"bordercolor":"#000000","gatewaytype":"XOR","xmlTag":"Exclusive_Databased_Gateway"},"ssextensions":[],"outgoing":[{"resourceId":"sequenceFlow6"},{"resourceId":"sequenceFlow10"}],"dockers":[],"labels":[{"x":-48.9375,"y":-23,"ref":"text_name"},{"styles":{"fill":"#000000","size":"12","italic":false,"bold":false},"ref":"text_name"}]},{"resourceId":"sequenceFlow6","stencil":{"id":"SequenceFlow"},"pathProperties":{},"pathMappingProperties":{},"xmlProperties":[],"childShapes":[],"bounds":{"lowerRight":{"x":1049,"y":276},"upperLeft":{"x":774,"y":276}},"outputmappingproperties":{"fields":{"type":"complex","placeholders":[]},"executionlistener":{"type":"complex","placeholders":[]}},"properties":{"stencilid":"SequenceFlow","stencilsuperid":"SequenceFlow","stencilsuperids":["SequenceFlow"],"customstencil":false,"bordercolor":"#000000","notes":"","executionlistener":"","name":"continue","name-run":"continue","id":"sequenceFlow6","bgcolor":"#ffffff","documentation":"","fontsize":"12","fontweight":"normal","fontstyle":"normal","fontcolor":"#000000","conditionexpression":{"children":[{"sourceValue":{"name":"refineTaskAction","variableType":"variable"},"operator":"equals","targetValue":{"value":"CONTINUE","type":"string","variableType":"value"}}],"match":"all"},"skipexpression":"","showdiamondmarker":false,"defaultflow":false,"xmlTag":"SequenceFlow"},"ssextensions":[],"outgoing":[{"resourceId":"variableActivity2"}],"dockers":[{"x":20,"y":20},{"x":50,"y":40}],"labels":[{"x":901.8046875,"y":272,"valign":"bottom","align":"left","ref":"text_name"},{"styles":{"fill":"#000000","size":"12","italic":false,"bold":false},"ref":"text_name"}],"target":{"resourceId":"variableActivity2"}},{"resourceId":"variableActivity2","stencil":{"id":"ServiceTask"},"pathProperties":{},"pathMappingProperties":{},"xmlProperties":["loopvariableaggregation","initvariablemap","overwrite","overwrite-run"],"childShapes":[],"bounds":{"lowerRight":{"x":1150,"y":316},"upperLeft":{"x":1050,"y":236}},"outputmappingproperties":{"loopvariableaggregation":{"type":"formlist","placeholders":[]},"fields":{"type":"complex","placeholders":[]},"executionlistener":{"type":"complex","placeholders":[]},"classfields":{"type":"complex","placeholders":[]},"exceptionmappings":{"type":"complex","placeholders":[]}},"properties":{"stencilid":"VariableActivity","stencilsuperid":"ServiceTask","stencilsuperids":["ServiceTask"],"customstencil":false,"includeinhistory":false,"notes":"","categories":"","looptype":"None","loopcollection":"","loopelementvariable":"","loopelementindexvariable":"loopCounter","loopcardinality":"","completioncondition":"","nowaitstatesasyncleave":"","loopvariableaggregation":"","tasktype":"Service","bgcolor":"#ffffff","guid":"","skipexpression":"","isforcompensation":false,"expression":"","delegateexpression":"${initVariablesService}","resultvariable":"","class":"","executionlistener":"","bordercolor":"#000000","async":false,"exclusive":true,"asyncleave":false,"name":"Set outcome as continue","name-run":"Set outcome as continue","id":"variableActivity2","documentation":"","fontsize":"12","fontweight":"normal","fontstyle":"normal","fontcolor":"#000000","classfields":"","servicetasktriggerable":false,"servicetaskstoreresultvariabletransient":"","servicetaskuselocalscopeforresultvariable":false,"exceptionmappings":"","servicetaskfailedjobretrytimecycle":"","initvariablemap":{"totalCount":1,"items":[{"target":"","name":"classifyAndRefineOutcome","valueExpression":"${refineTaskAction}"}]},"overwrite":true,"overwrite-run":"","genericproperty":"","xmlTag":"ServiceTask"},"ssextensions":[],"outgoing":[{"resourceId":"sequenceFlow7"}],"dockers":[],"labels":[{"styles":{"fill":"#000000","size":"12","italic":false,"bold":false},"ref":"text_name"}]},{"resourceId":"sequenceFlow7","stencil":{"id":"SequenceFlow"},"pathProperties":{},"pathMappingProperties":{},"xmlProperties":[],"childShapes":[],"bounds":{"lowerRight":{"x":1207,"y":276},"upperLeft":{"x":1150,"y":276}},"outputmappingproperties":{"fields":{"type":"complex","placeholders":[]},"executionlistener":{"type":"complex","placeholders":[]}},"properties":{"stencilid":"SequenceFlow","stencilsuperid":"SequenceFlow","stencilsuperids":["SequenceFlow"],"customstencil":false,"bordercolor":"#000000","notes":"","executionlistener":"","name":"","name-run":"","id":"sequenceFlow7","bgcolor":"#ffffff","documentation":"","fontsize":"12","fontweight":"normal","fontstyle":"normal","fontcolor":"#000000","conditionexpression":"","skipexpression":"","showdiamondmarker":false,"defaultflow":false,"xmlTag":"SequenceFlow"},"ssextensions":[],"outgoing":[{"resourceId":"exclusive_Databased_Gateway3"}],"dockers":[{"x":50,"y":40},{"x":20,"y":20}],"labels":[{"styles":{"fill":"#000000","size":"12","italic":false,"bold":false},"ref":"text_name"}],"target":{"resourceId":"exclusive_Databased_Gateway3"}},{"resourceId":"exclusive_Databased_Gateway3","stencil":{"id":"Exclusive_Databased_Gateway"},"pathProperties":{},"pathMappingProperties":{},"xmlProperties":[],"childShapes":[],"bounds":{"lowerRight":{"x":1247,"y":296},"upperLeft":{"x":1207,"y":256}},"properties":{"stencilid":"Exclusive_Databased_Gateway","stencilsuperid":"Exclusive_Databased_Gateway","stencilsuperids":["Exclusive_Databased_Gateway"],"customstencil":false,"includeinhistory":false,"notes":"","categories":"","sequencefloworder":"","bgcolor":"#ffffff","name":"","name-run":"","id":"exclusive_Databased_Gateway3","documentation":"","fontsize":"12","fontweight":"normal","fontstyle":"normal","fontcolor":"#000000","async":false,"exclusive":true,"asyncleave":false,"bordercolor":"#000000","gatewaytype":"XOR","xmlTag":"Exclusive_Databased_Gateway"},"ssextensions":[],"outgoing":[{"resourceId":"sequenceFlow8"}],"dockers":[],"labels":[{"styles":{"fill":"#000000","size":"12","italic":false,"bold":false},"ref":"text_name"}]},{"resourceId":"sequenceFlow8","stencil":{"id":"SequenceFlow"},"pathProperties":{},"pathMappingProperties":{},"xmlProperties":[],"childShapes":[],"bounds":{"lowerRight":{"x":1274,"y":276},"upperLeft":{"x":1247,"y":276}},"outputmappingproperties":{"fields":{"type":"complex","placeholders":[]},"executionlistener":{"type":"complex","placeholders":[]}},"properties":{"stencilid":"SequenceFlow","stencilsuperid":"SequenceFlow","stencilsuperids":["SequenceFlow"],"customstencil":false,"bordercolor":"#000000","notes":"","executionlistener":"","name":"","name-run":"","id":"sequenceFlow8","bgcolor":"#ffffff","documentation":"","fontsize":"12","fontweight":"normal","fontstyle":"normal","fontcolor":"#000000","conditionexpression":"","skipexpression":"","showdiamondmarker":false,"defaultflow":false,"xmlTag":"SequenceFlow"},"ssextensions":[],"outgoing":[{"resourceId":"endNoneEvent1"}],"dockers":[{"x":20,"y":20},{"x":14,"y":14}],"labels":[{"styles":{"fill":"#000000","size":"12","italic":false,"bold":false},"ref":"text_name"}],"target":{"resourceId":"endNoneEvent1"}},{"resourceId":"variableActivity3","stencil":{"id":"ServiceTask"},"pathProperties":{},"pathMappingProperties":{},"xmlProperties":["loopvariableaggregation","initvariablemap","overwrite","overwrite-run"],"childShapes":[],"bounds":{"lowerRight":{"x":1165,"y":500},"upperLeft":{"x":1065,"y":420}},"outputmappingproperties":{"loopvariableaggregation":{"type":"formlist","placeholders":[]},"fields":{"type":"complex","placeholders":[]},"executionlistener":{"type":"complex","placeholders":[]},"classfields":{"type":"complex","placeholders":[]},"exceptionmappings":{"type":"complex","placeholders":[]}},"properties":{"stencilid":"VariableActivity","stencilsuperid":"ServiceTask","stencilsuperids":["ServiceTask"],"customstencil":false,"includeinhistory":false,"notes":"","categories":"","looptype":"None","loopcollection":"","loopelementvariable":"","loopelementindexvariable":"loopCounter","loopcardinality":"","completioncondition":"","nowaitstatesasyncleave":"","loopvariableaggregation":"","tasktype":"Service","bgcolor":"#ffffff","guid":"","skipexpression":"","isforcompensation":false,"expression":"","delegateexpression":"${initVariablesService}","resultvariable":"","class":"","executionlistener":"","bordercolor":"#000000","async":false,"exclusive":true,"asyncleave":false,"name":"Set outcome as clarify outcome","name-run":"Set outcome as clarify outcome","id":"variableActivity3","documentation":"","fontsize":"12","fontweight":"normal","fontstyle":"normal","fontcolor":"#000000","classfields":"","servicetasktriggerable":false,"servicetaskstoreresultvariabletransient":"","servicetaskuselocalscopeforresultvariable":false,"exceptionmappings":"","servicetaskfailedjobretrytimecycle":"","initvariablemap":{"totalCount":1,"items":[{"target":"","name":"classifyAndRefineOutcome","valueExpression":"${clarifyDoubtsAMLOutcome}"}]},"overwrite":true,"overwrite-run":"","genericproperty":"","xmlTag":"ServiceTask"},"ssextensions":[],"outgoing":[{"resourceId":"sequenceFlow9"}],"dockers":[],"labels":[{"styles":{"fill":"#000000","size":"12","italic":false,"bold":false},"ref":"text_name"}]},{"resourceId":"sequenceFlow9","stencil":{"id":"SequenceFlow"},"pathProperties":{},"pathMappingProperties":{},"xmlProperties":[],"childShapes":[],"bounds":{"lowerRight":{"x":1227,"y":460},"upperLeft":{"x":1165,"y":295}},"outputmappingproperties":{"fields":{"type":"complex","placeholders":[]},"executionlistener":{"type":"complex","placeholders":[]}},"properties":{"stencilid":"SequenceFlow","stencilsuperid":"SequenceFlow","stencilsuperids":["SequenceFlow"],"customstencil":false,"bordercolor":"#000000","notes":"","executionlistener":"","name":"","name-run":"","id":"sequenceFlow9","bgcolor":"#ffffff","documentation":"","fontsize":"12","fontweight":"normal","fontstyle":"normal","fontcolor":"#000000","conditionexpression":"","skipexpression":"","showdiamondmarker":false,"defaultflow":false,"xmlTag":"SequenceFlow"},"ssextensions":[],"outgoing":[{"resourceId":"exclusive_Databased_Gateway3"}],"dockers":[{"x":50,"y":40},{"x":1227,"y":460},{"x":20,"y":20}],"labels":[{"styles":{"fill":"#000000","size":"12","italic":false,"bold":false},"ref":"text_name"}],"target":{"resourceId":"exclusive_Databased_Gateway3"}},{"resourceId":"sequenceFlow10","stencil":{"id":"SequenceFlow"},"pathProperties":{},"pathMappingProperties":{},"xmlProperties":[],"childShapes":[],"bounds":{"lowerRight":{"x":779,"y":460},"upperLeft":{"x":755,"y":296}},"outputmappingproperties":{"fields":{"type":"complex","placeholders":[]},"executionlistener":{"type":"complex","placeholders":[]}},"properties":{"stencilid":"SequenceFlow","stencilsuperid":"SequenceFlow","stencilsuperids":["SequenceFlow"],"customstencil":false,"bordercolor":"#000000","notes":"","executionlistener":"","name":"Request information from Trade","name-run":"Request information from Trade","id":"sequenceFlow10","bgcolor":"#ffffff","documentation":"","fontsize":"12","fontweight":"normal","fontstyle":"normal","fontcolor":"#000000","conditionexpression":"","skipexpression":"","showdiamondmarker":false,"defaultflow":true,"xmlTag":"SequenceFlow"},"ssextensions":[],"outgoing":[{"resourceId":"callActivity2"}],"dockers":[{"x":20.5,"y":20.5},{"x":755.5,"y":460},{"x":50,"y":40}],"labels":[{"x":574.0625,"y":398,"valign":"bottom","align":"left","ref":"text_name"},{"styles":{"fill":"#000000","size":"12","italic":false,"bold":false},"ref":"text_name"}],"target":{"resourceId":"callActivity2"}},{"resourceId":"callActivity2","stencil":{"id":"CallActivity"},"pathProperties":{},"pathMappingProperties":{},"xmlProperties":["loopvariableaggregation"],"childShapes":[],"bounds":{"lowerRight":{"x":880,"y":500},"upperLeft":{"x":780,"y":420}},"specialproperties":{"entry":{"type":"treeview"}},"outputmappingproperties":{"dataproperties":{"type":"complex","placeholders":[]},"loopvariableaggregation":{"type":"formlist","placeholders":[]},"fields":{"type":"complex","placeholders":[]},"executionlistener":{"type":"complex","placeholders":[]},"in":{"type":"complex","placeholders":[]},"out":{"type":"complex","placeholders":[]},"exceptionmappings":{"type":"complex","placeholders":[]}},"properties":{"stencilid":"CallActivity","stencilsuperid":"CallActivity","stencilsuperids":["CallActivity"],"customstencil":false,"dataproperties":"","notes":"","includeinhistory":false,"categories":"","looptype":"None","loopcollection":"","loopelementvariable":"","loopelementindexvariable":"loopCounter","loopcardinality":"","completioncondition":"","nowaitstatesasyncleave":"","loopvariableaggregation":"","isforcompensation":false,"bgcolor":"#ffffff","bordercolor":"#000000","executionlistener":"","async":false,"exclusive":true,"asyncleave":false,"name":"Clarify doubts-AML | ${root.operation.code}","name-run":"Clarify doubts-AML | ${root.operation.code}","id":"callActivity2","documentation":"","fontsize":"12","fontweight":"normal","fontstyle":"normal","fontcolor":"#000000","in":{"totalCount":1,"items":[{"source":"","sourceExpression":"${initiator}","target":"initiator"}]},"out":{"totalCount":1,"items":[{"source":"clarifyDoubtsAMLOutcome","sourceExpression":"","target":"clarifyDoubtsAMLOutcome"}]},"subprocesstype":"Embedded","istransaction":false,"transactionmethod":"compensate","activitytype":"Sub-Process","samedeployment":true,"entry":{"id":"PROCESS_MODEL-de5fda25-ee94-4f53-a8eb-b0b95a8240b2","key":"CLE_P058"},"entry-run":"","process-instance-name":"","callactivityinheritvariables":false,"callactivitybusinesskey":"","callactivityinheritbusinesskey":false,"callactivityuselocalscopeforoutparameters":false,"callactivitycompleteasync":false,"fallback-to-default-tenant":true,"callactivityidvariablename":"","exceptionmappings":"","xmlTag":"CallActivity"},"ssextensions":[],"outgoing":[{"resourceId":"sequenceFlow11"}],"dockers":[],"labels":[{"styles":{"fill":"#000000","size":"12","italic":false,"bold":false},"ref":"text_name"},{"styles":{"fill":"#000000","size":"12","italic":false,"bold":false},"ref":"_oryx_689A141B-DCF2-4FC8-885E-927B438C5314_23"}]},{"resourceId":"sequenceFlow11","stencil":{"id":"SequenceFlow"},"pathProperties":{},"pathMappingProperties":{},"xmlProperties":[],"childShapes":[],"bounds":{"lowerRight":{"x":955,"y":460},"upperLeft":{"x":880,"y":460}},"outputmappingproperties":{"fields":{"type":"complex","placeholders":[]},"executionlistener":{"type":"complex","placeholders":[]}},"properties":{"stencilid":"SequenceFlow","stencilsuperid":"SequenceFlow","stencilsuperids":["SequenceFlow"],"customstencil":false,"bordercolor":"#000000","notes":"","executionlistener":"","name":"","name-run":"","id":"sequenceFlow11","bgcolor":"#ffffff","documentation":"","fontsize":"12","fontweight":"normal","fontstyle":"normal","fontcolor":"#000000","conditionexpression":"","skipexpression":"","showdiamondmarker":false,"defaultflow":false,"xmlTag":"SequenceFlow"},"ssextensions":[],"outgoing":[{"resourceId":"exclusive_Databased_Gateway4"}],"dockers":[{"x":50,"y":40},{"x":20,"y":20}],"labels":[{"styles":{"fill":"#000000","size":"12","italic":false,"bold":false},"ref":"text_name"}],"target":{"resourceId":"exclusive_Databased_Gateway4"}},{"resourceId":"exclusive_Databased_Gateway4","stencil":{"id":"Exclusive_Databased_Gateway"},"pathProperties":{},"pathMappingProperties":{},"xmlProperties":[],"childShapes":[],"bounds":{"lowerRight":{"x":996,"y":480},"upperLeft":{"x":956,"y":440}},"properties":{"stencilid":"Exclusive_Databased_Gateway","stencilsuperid":"Exclusive_Databased_Gateway","stencilsuperids":["Exclusive_Databased_Gateway"],"customstencil":false,"includeinhistory":false,"notes":"","categories":"","sequencefloworder":"","bgcolor":"#ffffff","name":"clarify doubts AML outcome?","name-run":"clarify doubts AML outcome?","id":"exclusive_Databased_Gateway4","documentation":"","fontsize":"12","fontweight":"normal","fontstyle":"normal","fontcolor":"#000000","async":false,"exclusive":true,"asyncleave":false,"bordercolor":"#000000","gatewaytype":"XOR","xmlTag":"Exclusive_Databased_Gateway"},"ssextensions":[],"outgoing":[{"resourceId":"sequenceFlow12"},{"resourceId":"sequenceFlow13"}],"dockers":[],"labels":[{"x":-37.974815368652344,"y":-22.23495101928711,"ref":"text_name"},{"styles":{"fill":"#000000","size":"12","italic":false,"bold":false},"ref":"text_name"}]},{"resourceId":"sequenceFlow12","stencil":{"id":"SequenceFlow"},"pathProperties":{},"pathMappingProperties":{},"xmlProperties":[],"childShapes":[],"bounds":{"lowerRight":{"x":1064,"y":460},"upperLeft":{"x":996,"y":460}},"outputmappingproperties":{"fields":{"type":"complex","placeholders":[]},"executionlistener":{"type":"complex","placeholders":[]}},"properties":{"stencilid":"SequenceFlow","stencilsuperid":"SequenceFlow","stencilsuperids":["SequenceFlow"],"customstencil":false,"bordercolor":"#000000","notes":"","executionlistener":"","name":"","name-run":"","id":"sequenceFlow12","bgcolor":"#ffffff","documentation":"","fontsize":"12","fontweight":"normal","fontstyle":"normal","fontcolor":"#000000","conditionexpression":"","skipexpression":"","showdiamondmarker":false,"defaultflow":true,"xmlTag":"SequenceFlow"},"ssextensions":[],"outgoing":[{"resourceId":"variableActivity3"}],"dockers":[{"x":20,"y":20},{"x":50,"y":40}],"labels":[{"styles":{"fill":"#000000","size":"12","italic":false,"bold":false},"ref":"text_name"}],"target":{"resourceId":"variableActivity3"}},{"resourceId":"sequenceFlow13","stencil":{"id":"SequenceFlow"},"pathProperties":{},"pathMappingProperties":{},"xmlProperties":[],"childShapes":[],"bounds":{"lowerRight":{"x":976.5,"y":595},"upperLeft":{"x":211,"y":295}},"outputmappingproperties":{"fields":{"type":"complex","placeholders":[]},"executionlistener":{"type":"complex","placeholders":[]}},"properties":{"stencilid":"SequenceFlow","stencilsuperid":"SequenceFlow","stencilsuperids":["SequenceFlow"],"customstencil":false,"bordercolor":"#000000","notes":"","executionlistener":"","name":"","name-run":"","id":"sequenceFlow13","bgcolor":"#ffffff","documentation":"","fontsize":"12","fontweight":"normal","fontstyle":"normal","fontcolor":"#000000","conditionexpression":{"children":[{"sourceValue":{"name":"clarifyDoubtsAMLOutcome","variableType":"variable"},"operator":"equals","targetValue":{"value":"CONTINUE","type":"string","variableType":"value"}}],"match":"all"},"skipexpression":"","showdiamondmarker":false,"defaultflow":false,"xmlTag":"SequenceFlow"},"ssextensions":[],"outgoing":[{"resourceId":"exclusive_Databased_Gateway1"}],"dockers":[{"x":20.5,"y":20.5},{"x":976.5,"y":595},{"x":211,"y":595},{"x":20,"y":20}],"labels":[{"styles":{"fill":"#000000","size":"12","italic":false,"bold":false},"ref":"text_name"}],"target":{"resourceId":"exclusive_Databased_Gateway1"}}],"bounds":{"lowerRight":{"x":1485,"y":1050},"upperLeft":{"x":0,"y":0}},"specialproperties":{"processsequence":{"type":"treeview"},"securitypolicy":{"type":"treeview"}},"outputmappingproperties":{"fields":{"type":"complex","placeholders":[]},"executionlistener":{"type":"complex","placeholders":[]},"dataproperties":{"type":"complex","placeholders":[]},"modelstatuselements":{"type":"formlist","placeholders":[]},"namespaces":{"type":"complex","placeholders":[]},"allowedhistoricvariables":{"type":"complex","placeholders":[]},"eventlisteners":{"type":"complex","placeholders":[]},"signaldefinitions":{"type":"complex","placeholders":[]},"messagedefinitions":{"type":"complex","placeholders":[]}},"properties":{"stencilid":"BPMNDiagram","stencilsuperid":"BPMNDiagram","stencilsuperids":["BPMNDiagram"],"customstencil":false,"executionlistener":"","notes":"","dataproperties":"","owner":"","owner-run":"","assignee":"","assignee-run":"","participantusers":"","participantusers-run":"","participantgroups":"","participantgroups-run":"","modelstatuselements":"","watcherusers":"","watcherusers-run":"","watchergroups":"","watchergroups-run":"","name":"CLE_P056 Export Collection Advance Cancellation Classify and Refine Process","id":"CLE_P056","bgcolor":"#ffffff","documentation":"","fontsize":"12","fontweight":"normal","fontstyle":"normal","fontcolor":"#000000","labelexpression":"","name_en_us":"","name_it_it":"","name_es_es":"","name_fr_fr":"","name_de_de":"","name_i18n-key":"","guid":"PROCESS_MODEL-2af0885f-05e1-4aad-aa39-6d8cb93edc40","author":"","language":"English","namespaces":"","creationdate":"2022-11-25T14:03:17.207Z","modificationdate":"2022-12-12T07:11:16.868Z","processsequence":"","processsequence-run":"","processsequencevariablename":"","processsequencevariablename-run":"","processinstancename":"","processinstancename_en_us":"","processinstancename_en_us-run":"","processinstancename_it_it":"","processinstancename_it_it-run":"","processinstancename_es_es":"","processinstancename_es_es-run":"","processinstancename_fr_fr":"","processinstancename_fr_fr-run":"","processinstancename_de_de":"","processinstancename_de_de-run":"","processinstancename-run":"","processinstancename_i18n-key":"","processinstancebusinessstatus":"","processinstancebusinessstatus-run":"","processinstancebusinesskey":"","processinstancebusinesskey-run":"","isprocessexecutable":true,"securitypolicy":"","allowedhistoricvariables":"","customfolderpath":"","comments-only-on-root":"","documents-only-on-root":"","process_potentialstarteruser":"","process_potentialstarteruser-run":"","process_potentialstartergroup":"flowableUser","process_potentialstartergroup-run":"","do-not-inherit-start-user-as-owner":"","do-not-inherit-start-user-as-assignee":"","process_namespace":"","process_historylevel":"","eventlisteners":"","signaldefinitions":"","messagedefinitions":"","iseagerexecutionfetch":false,"initiator":"","version":"","process_author":"","xmlTag":"BPMNDiagram","description":""},"ssextensions":[],"stencilset":{"url":"./app/editor_stencilset","paletteKey":"flowable-process-palette","namespace":"http://b3mn.org/stencilset/bpmn2.0#"}}}