{"id":"PROCESS_MODEL-6bd9752d-0886-4e18-a577-bdc64aff78a2","name":"CLE_P094 Export Collection Other Operations Manage Process","key":"CLE_P094","description":"","tenantId":"default","editorJson":{"resourceId":"editor_PROCESS_MODEL-6bd9752d-0886-4e18-a577-bdc64aff78a2","stencil":{"id":"BPMNDiagram"},"pathProperties":{},"pathMappingProperties":{},"xmlProperties":["processsequence","processsequence-run","processsequencevariablename","processsequencevariablename-run","processinstancename","processinstancename_en_us","processinstancename_en_us-run","processinstancename_it_it","processinstancename_it_it-run","processinstancename_es_es","processinstancename_es_es-run","processinstancename_fr_fr","processinstancename_fr_fr-run","processinstancename_de_de","processinstancename_de_de-run","processinstancename-run","processinstancename_i18n-key","processinstancebusinessstatus","processinstancebusinessstatus-run","processinstancebusinesskey","processinstancebusinesskey-run","process_namespace"],"childShapes":[{"resourceId":"startnoneevent1","stencil":{"id":"StartNoneEvent"},"pathProperties":{},"pathMappingProperties":{},"xmlProperties":["formproperties"],"childShapes":[],"bounds":{"lowerRight":{"x":30,"y":420},"upperLeft":{"x":0,"y":390}},"specialproperties":{"formreference":{"type":"treeview"},"workformreference":{"type":"treeview"}},"outputmappingproperties":{"formproperties":{"type":"formlist","placeholders":[]},"fields":{"type":"complex","placeholders":[]},"executionlistener":{"type":"complex","placeholders":[]},"workforminputmappings":{"type":"complex","placeholders":[]}},"properties":{"stencilid":"StartNoneEvent","stencilsuperid":"StartNoneEvent","stencilsuperids":["StartNoneEvent"],"customstencil":false,"formproperties":"","notes":"","interrupting":true,"bgcolor":"#ffffff","bordercolor":"#000000","executionlistener":"","name":"","name-run":"","id":"startnoneevent1","documentation":"","fontsize":"","fontweight":"","fontstyle":"","fontcolor":"#000000","async":false,"exclusive":true,"asyncleave":false,"trigger":"None","initiator":"initiator","formreference":"","samedeployment":true,"formfieldvalidation":false,"formfieldvalidation-run":"","workformreference":"","workformsamedeployment":true,"workformfieldvalidation":false,"workformfieldvalidation-run":"","workforminputmappingtype":"allowed","workforminputmappings":"","xmlTag":"StartNoneEvent"},"ssextensions":[],"outgoing":[{"resourceId":"sequenceFlow1"}],"dockers":[],"labels":[{"styles":{"fill":"#000000","size":"12","italic":false,"bold":false},"ref":"text_name"}]},{"resourceId":"endNoneEvent1","stencil":{"id":"EndNoneEvent"},"pathProperties":{},"pathMappingProperties":{},"xmlProperties":[],"childShapes":[],"bounds":{"lowerRight":{"x":1543,"y":419},"upperLeft":{"x":1515,"y":391}},"outputmappingproperties":{"fields":{"type":"complex","placeholders":[]},"executionlistener":{"type":"complex","placeholders":[]}},"properties":{"stencilid":"EndNoneEvent","stencilsuperid":"EndNoneEvent","stencilsuperids":["EndNoneEvent"],"customstencil":false,"bgcolor":"#ffffff","notes":"","bordercolor":"#000000","executionlistener":"","name":"","name-run":"","id":"endNoneEvent1","documentation":"","fontsize":"12","fontweight":"normal","fontstyle":"normal","fontcolor":"#000000","async":false,"exclusive":true,"asyncleave":false,"trigger":"None","terminateall":false,"xmlTag":"EndNoneEvent"},"ssextensions":[],"outgoing":[],"dockers":[],"labels":[{"styles":{"fill":"#000000","size":"12","italic":false,"bold":false},"ref":"text_name"}]},{"resourceId":"sequenceFlow1","stencil":{"id":"SequenceFlow"},"pathProperties":{},"pathMappingProperties":{},"xmlProperties":[],"childShapes":[],"bounds":{"lowerRight":{"x":75,"y":405},"upperLeft":{"x":30,"y":405}},"outputmappingproperties":{"fields":{"type":"complex","placeholders":[]},"executionlistener":{"type":"complex","placeholders":[]}},"properties":{"stencilid":"SequenceFlow","stencilsuperid":"SequenceFlow","stencilsuperids":["SequenceFlow"],"customstencil":false,"bordercolor":"#000000","notes":"","executionlistener":"","name":"","name-run":"","id":"sequenceFlow1","bgcolor":"#ffffff","documentation":"","fontsize":"12","fontweight":"normal","fontstyle":"normal","fontcolor":"#000000","conditionexpression":"","skipexpression":"","showdiamondmarker":false,"defaultflow":false,"xmlTag":"SequenceFlow"},"ssextensions":[],"outgoing":[{"resourceId":"exclusive_Databased_Gateway1"}],"dockers":[{"x":15,"y":15},{"x":20,"y":20}],"labels":[{"styles":{"fill":"#000000","size":"12","italic":false,"bold":false},"ref":"text_name"}],"target":{"resourceId":"exclusive_Databased_Gateway1"}},{"resourceId":"exclusive_Databased_Gateway1","stencil":{"id":"Exclusive_Databased_Gateway"},"pathProperties":{},"pathMappingProperties":{},"xmlProperties":[],"childShapes":[],"bounds":{"lowerRight":{"x":115,"y":425},"upperLeft":{"x":75,"y":385}},"properties":{"stencilid":"Exclusive_Databased_Gateway","stencilsuperid":"Exclusive_Databased_Gateway","stencilsuperids":["Exclusive_Databased_Gateway"],"customstencil":false,"includeinhistory":false,"notes":"","categories":"","sequencefloworder":"","bgcolor":"#ffffff","name":"","name-run":"","id":"exclusive_Databased_Gateway1","documentation":"","fontsize":"12","fontweight":"normal","fontstyle":"normal","fontcolor":"#000000","async":false,"exclusive":true,"asyncleave":false,"bordercolor":"#000000","gatewaytype":"XOR","xmlTag":"Exclusive_Databased_Gateway"},"ssextensions":[],"outgoing":[{"resourceId":"sequenceFlow2"}],"dockers":[],"labels":[{"styles":{"fill":"#000000","size":"12","italic":false,"bold":false},"ref":"text_name"}]},{"resourceId":"sequenceFlow2","stencil":{"id":"SequenceFlow"},"pathProperties":{},"pathMappingProperties":{},"xmlProperties":[],"childShapes":[],"bounds":{"lowerRight":{"x":149,"y":405},"upperLeft":{"x":114,"y":405}},"outputmappingproperties":{"fields":{"type":"complex","placeholders":[]},"executionlistener":{"type":"complex","placeholders":[]}},"properties":{"stencilid":"SequenceFlow","stencilsuperid":"SequenceFlow","stencilsuperids":["SequenceFlow"],"customstencil":false,"bordercolor":"#000000","notes":"","executionlistener":"","name":"","name-run":"","id":"sequenceFlow2","bgcolor":"#ffffff","documentation":"","fontsize":"12","fontweight":"normal","fontstyle":"normal","fontcolor":"#000000","conditionexpression":"","skipexpression":"","showdiamondmarker":false,"defaultflow":false,"xmlTag":"SequenceFlow"},"ssextensions":[],"outgoing":[{"resourceId":"variableActivity1"}],"dockers":[{"x":20,"y":20},{"x":50,"y":40}],"labels":[{"styles":{"fill":"#000000","size":"12","italic":false,"bold":false},"ref":"text_name"}],"target":{"resourceId":"variableActivity1"}},{"resourceId":"variableActivity1","stencil":{"id":"ServiceTask"},"pathProperties":{},"pathMappingProperties":{},"xmlProperties":["loopvariableaggregation","initvariablemap","overwrite","overwrite-run"],"childShapes":[],"bounds":{"lowerRight":{"x":250,"y":445},"upperLeft":{"x":150,"y":365}},"outputmappingproperties":{"loopvariableaggregation":{"type":"formlist","placeholders":[]},"fields":{"type":"complex","placeholders":[]},"executionlistener":{"type":"complex","placeholders":[]},"classfields":{"type":"complex","placeholders":[]},"exceptionmappings":{"type":"complex","placeholders":[]}},"properties":{"stencilid":"VariableActivity","stencilsuperid":"ServiceTask","stencilsuperids":["ServiceTask"],"customstencil":false,"includeinhistory":false,"notes":"","categories":"","looptype":"None","loopcollection":"","loopelementvariable":"","loopelementindexvariable":"loopCounter","loopcardinality":"","completioncondition":"","nowaitstatesasyncleave":"","loopvariableaggregation":"","tasktype":"Service","bgcolor":"#ffffff","guid":"","skipexpression":"","isforcompensation":false,"expression":"","delegateexpression":"${initVariablesService}","resultvariable":"","class":"","executionlistener":"","bordercolor":"#000000","async":false,"exclusive":true,"asyncleave":false,"name":"Initialize management actions","name-run":"Initialize management actions","id":"variableActivity1","documentation":"","fontsize":"12","fontweight":"normal","fontstyle":"normal","fontcolor":"#000000","classfields":"","servicetasktriggerable":false,"servicetaskstoreresultvariabletransient":"","servicetaskuselocalscopeforresultvariable":false,"exceptionmappings":"","servicetaskfailedjobretrytimecycle":"","initvariablemap":{"totalCount":12,"items":[{"target":"","name":"manageAction","valueExpression":"${null}"},{"target":"","name":"manageOutcome","valueExpression":"${null}"},{"target":"","name":"manageComment","valueExpression":"${null}"},{"target":"","name":"languageCode","valueExpression":"${languageCodeExpressions.getByCountry(root.operation.country)}"},{"target":"","name":"returnReason","valueExpression":"${null}"},{"target":"","name":"deferReason","valueExpression":"${null}"},{"target":"","name":"customerCode","valueExpression":"${root.operation.customerCode}"},{"target":"","name":"officeCode","valueExpression":"${root.operation.office}"},{"target":"","name":"middleOfficeCode","valueExpression":"${root.operation.middleOffice}"},{"target":"","name":"root.operation.displayedStatus","valueType":"string","value":"IN_PROGRESS"},{"target":"","name":"completeInfoOutcome","valueExpression":"${null}"},{"target":"","name":"requesterId","valueExpression":"${root.operation.requesterId}"}]},"overwrite":true,"overwrite-run":"","genericproperty":"","xmlTag":"ServiceTask"},"ssextensions":[],"outgoing":[{"resourceId":"sequenceFlow3"}],"dockers":[],"labels":[{"styles":{"fill":"#000000","size":"12","italic":false,"bold":false},"ref":"text_name"}]},{"resourceId":"sequenceFlow3","stencil":{"id":"SequenceFlow"},"pathProperties":{},"pathMappingProperties":{},"xmlProperties":[],"childShapes":[],"bounds":{"lowerRight":{"x":314,"y":405},"upperLeft":{"x":250,"y":405}},"outputmappingproperties":{"fields":{"type":"complex","placeholders":[]},"executionlistener":{"type":"complex","placeholders":[]}},"properties":{"stencilid":"SequenceFlow","stencilsuperid":"SequenceFlow","stencilsuperids":["SequenceFlow"],"customstencil":false,"bordercolor":"#000000","notes":"","executionlistener":"","name":"","name-run":"","id":"sequenceFlow3","bgcolor":"#ffffff","documentation":"","fontsize":"12","fontweight":"normal","fontstyle":"normal","fontcolor":"#000000","conditionexpression":"","skipexpression":"","showdiamondmarker":false,"defaultflow":false,"xmlTag":"SequenceFlow"},"ssextensions":[],"outgoing":[{"resourceId":"dmnTask1"}],"dockers":[{"x":50,"y":40},{"x":50,"y":40}],"labels":[{"styles":{"fill":"#000000","size":"12","italic":false,"bold":false},"ref":"text_name"}],"target":{"resourceId":"dmnTask1"}},{"resourceId":"dmnTask1","stencil":{"id":"Task"},"pathProperties":{},"pathMappingProperties":{},"xmlProperties":["loopvariableaggregation"],"childShapes":[],"bounds":{"lowerRight":{"x":415,"y":445},"upperLeft":{"x":315,"y":365}},"specialproperties":{"decisiontablereference":{"type":"treeview"},"decisionservicereference":{"type":"treeview"}},"outputmappingproperties":{"loopvariableaggregation":{"type":"formlist","placeholders":[]},"fields":{"type":"complex","placeholders":[]},"executionlistener":{"type":"complex","placeholders":[]}},"properties":{"stencilid":"DmnTask","stencilsuperid":"Task","stencilsuperids":["Task"],"customstencil":false,"includeinhistory":false,"notes":"","categories":"","looptype":"None","loopcollection":"","loopelementvariable":"","loopelementindexvariable":"loopCounter","loopcardinality":"","completioncondition":"","nowaitstatesasyncleave":"","loopvariableaggregation":"","tasktype":"dmn","bgcolor":"#ffffff","guid":"","skipexpression":"","isforcompensation":false,"bordercolor":"#000000","executionlistener":"","name":"Get complete information notification recipients","name-run":"Get complete information notification recipients","id":"dmnTask1","documentation":"","fontsize":"12","fontweight":"normal","fontstyle":"normal","fontcolor":"#000000","async":false,"exclusive":true,"asyncleave":false,"decisiontablereference":{"id":"DMN_MODEL-3a0faf6d-734b-4b4f-98e1-f0864d755ee8","key":"PGN_D001"},"decisionservicereference":"","samedeployment":true,"decisiontaskthrowerroronnohits":false,"fallback-to-default-tenant":true,"xmlTag":"DmnTask"},"ssextensions":[],"outgoing":[{"resourceId":"sequenceFlow4"}],"dockers":[],"labels":[{"styles":{"fill":"#000000","size":"12","italic":false,"bold":false},"ref":"text_name"}]},{"resourceId":"sequenceFlow4","stencil":{"id":"SequenceFlow"},"pathProperties":{},"pathMappingProperties":{},"xmlProperties":[],"childShapes":[],"bounds":{"lowerRight":{"x":464,"y":405},"upperLeft":{"x":415,"y":405}},"outputmappingproperties":{"fields":{"type":"complex","placeholders":[]},"executionlistener":{"type":"complex","placeholders":[]}},"properties":{"stencilid":"SequenceFlow","stencilsuperid":"SequenceFlow","stencilsuperids":["SequenceFlow"],"customstencil":false,"bordercolor":"#000000","notes":"","executionlistener":"","name":"","name-run":"","id":"sequenceFlow4","bgcolor":"#ffffff","documentation":"","fontsize":"12","fontweight":"normal","fontstyle":"normal","fontcolor":"#000000","conditionexpression":"","skipexpression":"","showdiamondmarker":false,"defaultflow":false,"xmlTag":"SequenceFlow"},"ssextensions":[],"outgoing":[{"resourceId":"pagoNxtFormTask1"}],"dockers":[{"x":50,"y":40},{"x":50,"y":40}],"labels":[{"styles":{"fill":"#000000","size":"12","italic":false,"bold":false},"ref":"text_name"}],"target":{"resourceId":"pagoNxtFormTask1"}},{"resourceId":"pagoNxtFormTask1","stencil":{"id":"FormTask"},"pathProperties":{},"pathMappingProperties":{},"xmlProperties":["loopvariableaggregation","exposetoobjectitems","exposeasmessageitems","formproperties"],"childShapes":[],"bounds":{"lowerRight":{"x":565,"y":445},"upperLeft":{"x":465,"y":365}},"specialproperties":{"form_entry":{"type":"treeview"},"securitypolicy":{"type":"treeview"}},"outputmappingproperties":{"loopvariableaggregation":{"type":"formlist","placeholders":[]},"fields":{"type":"complex","placeholders":[]},"executionlistener":{"type":"complex","placeholders":[]},"exposetoobjectitems":{"type":"complex","placeholders":[]},"exposeasmessageitems":{"type":"complex","placeholders":[]},"formproperties":{"type":"formlist","placeholders":[]},"genericproperty":{"type":"complex","placeholders":[]},"taskinputmappings":{"type":"complex","placeholders":[]},"tasklistener":{"type":"complex","placeholders":[]},"usertasklabels":{"type":"complex","placeholders":[]}},"properties":{"stencilid":"pagoNxtFormTask","stencilsuperid":"FormTask","stencilsuperids":["FormTask"],"customstencil":false,"includeinhistory":false,"notes":"","categories":"","looptype":"None","loopcollection":"","loopelementvariable":"","loopelementindexvariable":"loopCounter","loopcardinality":"","completioncondition":"","nowaitstatesasyncleave":"","loopvariableaggregation":"","isforcompensation":false,"executionlistener":"","exposetoobjectitems":"","async":false,"exclusive":true,"asyncleave":false,"exposeasmessageitems":"","customcaseviewheadersize":"sm","customcaseviewheadersize-run":"sm","formproperties":"","bordercolor":"#000000","tasktype":"FormTask","bgcolor":"#ffffff","guid":"","skipexpression":"","owner":"","owner-run":"","assignee":"","assignee-run":"","candidateusers":"","candidateusers-run":"","candidategroups":"BOI_01_User","candidategroups-run":"BOI_01_User","participantusers":"","participantusers-run":"","participantgroups":"","participantgroups-run":"","watcherusers":"","watcherusers-run":"","watchergroups":"","watchergroups-run":"","name":"Manage Request | ${root.operation.code}","name-run":"Manage Request | ${root.operation.code}","id":"pagoNxtFormTask1","documentation":"","fontsize":"12","fontweight":"normal","fontstyle":"normal","fontcolor":"#000000","genericproperty":"","priority":"","duedate":"","categorydefinition":"MANAGE","candidatestype":"all","name_en_us":"Manage Request | ${root.operation.code}","name_en_us-run":"Manage Request | ${root.operation.code}","name_it_it":"","name_it_it-run":"","name_es_es":"Gestionar Solicitud | ${root.operation.code}","name_es_es-run":"Gestionar Solicitud | ${root.operation.code}","name_fr_fr":"","name_fr_fr-run":"","name_de_de":"","name_de_de-run":"","name_i18n-key":"","form_entry":{"id":"FORM_MODEL-e2d5ba61-56c4-4c4e-bb9d-8d691c1d08fd","key":"CLE_F128"},"samedeployment":true,"formfieldvalidation":false,"formfieldvalidation-run":"","taskidvariablename":"manageTaskId","securitypolicy":"","exposetocaseview":true,"elementlabel":"","elementlabel_en_us":"","elementlabel_it_it":"","elementlabel_es_es":"","elementlabel_fr_fr":"","elementlabel_de_de":"","elementlabel_i18n-key":"","elementicon":"clipboard-list/regular","elementindex":"11","activestaterendering":"fullAccess","completedstaterendering":"hidden","taskinputmappingtype":"allowed","taskinputmappings":"","tasklistener":"","customfolderpath":"","disalloweduserexpression":"","completionuservariable":"","usertasklabels":"","categoryl1":"MANAGE_TASK","categoryl2":"","categoryl3":"","xmlTag":"FormTask"},"ssextensions":[],"outgoing":[{"resourceId":"sequenceFlow5"}],"dockers":[],"labels":[{"styles":{"fill":"#000000","size":"12","italic":false,"bold":false},"ref":"text_name"}]},{"resourceId":"sequenceFlow5","stencil":{"id":"SequenceFlow"},"pathProperties":{},"pathMappingProperties":{},"xmlProperties":[],"childShapes":[],"bounds":{"lowerRight":{"x":614,"y":405},"upperLeft":{"x":565,"y":405}},"outputmappingproperties":{"fields":{"type":"complex","placeholders":[]},"executionlistener":{"type":"complex","placeholders":[]}},"properties":{"stencilid":"SequenceFlow","stencilsuperid":"SequenceFlow","stencilsuperids":["SequenceFlow"],"customstencil":false,"bordercolor":"#000000","notes":"","executionlistener":"","name":"","name-run":"","id":"sequenceFlow5","bgcolor":"#ffffff","documentation":"","fontsize":"12","fontweight":"normal","fontstyle":"normal","fontcolor":"#000000","conditionexpression":"","skipexpression":"","showdiamondmarker":false,"defaultflow":false,"xmlTag":"SequenceFlow"},"ssextensions":[],"outgoing":[{"resourceId":"callActivity1"}],"dockers":[{"x":50,"y":40},{"x":50,"y":40}],"labels":[{"styles":{"fill":"#000000","size":"12","italic":false,"bold":false},"ref":"text_name"}],"target":{"resourceId":"callActivity1"}},{"resourceId":"callActivity1","stencil":{"id":"CallActivity"},"pathProperties":{},"pathMappingProperties":{},"xmlProperties":["loopvariableaggregation"],"childShapes":[],"bounds":{"lowerRight":{"x":715,"y":445},"upperLeft":{"x":615,"y":365}},"specialproperties":{"entry":{"type":"treeview"}},"outputmappingproperties":{"dataproperties":{"type":"complex","placeholders":[]},"loopvariableaggregation":{"type":"formlist","placeholders":[]},"fields":{"type":"complex","placeholders":[]},"executionlistener":{"type":"complex","placeholders":[]},"in":{"type":"complex","placeholders":[]},"out":{"type":"complex","placeholders":[]},"exceptionmappings":{"type":"complex","placeholders":[]}},"properties":{"stencilid":"CallActivity","stencilsuperid":"CallActivity","stencilsuperids":["CallActivity"],"customstencil":false,"dataproperties":"","notes":"","includeinhistory":false,"categories":"","looptype":"None","loopcollection":"","loopelementvariable":"","loopelementindexvariable":"loopCounter","loopcardinality":"","completioncondition":"","nowaitstatesasyncleave":"","loopvariableaggregation":"","isforcompensation":false,"bgcolor":"#ffffff","bordercolor":"#000000","executionlistener":"","async":false,"exclusive":true,"asyncleave":false,"name":"Add new comment","name-run":"Add new comment","id":"callActivity1","documentation":"","fontsize":"12","fontweight":"normal","fontstyle":"normal","fontcolor":"#000000","in":{"totalCount":5,"items":[{"source":"manageTaskId","sourceExpression":"","target":"taskId"},{"source":"manageAction","sourceExpression":"","target":"action"},{"source":"","sourceExpression":"${manageAction == \"RETURN\" && root.operation.operationType == \"exportUnpaid\"?dataObjectRuntimeService.createMasterDataInstanceQuery().key(returnReason).includeTranslations().definitionKey(\"md-cle-other-operations-nonPayments-return-reason\").singleResult().getTranslations().get(languageCodeExpressions.getByCountry(root.operation.country)).get(\"name\"):(manageAction == \"RETURN\" && root.operation.operationType == \"exportReliquidations\"?dataObjectRuntimeService.createMasterDataInstanceQuery().key(returnReason).includeTranslations().definitionKey(\"md-cle-other-operations-reliquidations-return-reason\").singleResult().getTranslations().get(languageCodeExpressions.getByCountry(root.operation.country)).get(\"name\"):(manageAction == \"RETURN\" && root.operation.operationType == \"exportUnpaid\"?dataObjectRuntimeService.createMasterDataInstanceQuery().key(returnReason).includeTranslations().definitionKey(\"md-cle-other-operations-queries-return-reason\").singleResult().getTranslations().get(languageCodeExpressions.getByCountry(root.operation.country)).get(\"name\"):(manageAction == \"BACK\" && root.operation.operationType == \"exportUnpaid\"?dataObjectRuntimeService.createMasterDataInstanceQuery().key(retrocessionReason).includeTranslations().definitionKey(\"md-cle-other-operations-nonPayments-retrocession-reason\").singleResult().getTranslations().get(languageCodeExpressions.getByCountry(root.operation.country)).get(\"name\"):(manageAction == \"BACK\" && root.operation.operationType == \"exportReliquidations\"?dataObjectRuntimeService.createMasterDataInstanceQuery().key(retrocessionReason).includeTranslations().definitionKey(\"md-cle-other-operations-reliquidations-retrocession-reason\").singleResult().getTranslations().get(languageCodeExpressions.getByCountry(root.operation.country)).get(\"name\"):(manageAction == \"BACK\" && root.operation.operationType == \"exportOtherProcedures\"?dataObjectRuntimeService.createMasterDataInstanceQuery().key(retrocessionReason).includeTranslations().definitionKey(\"md-cle-other-operations-queries-retrocession-reason\").singleResult().getTranslations().get(languageCodeExpressions.getByCountry(root.operation.country)).get(\"name\"):null)))))}","target":"reason"},{"source":"manageComment","sourceExpression":"","target":"content"},{"source":"","sourceExpression":"${true}","target":"visibleForClient"}]},"out":"","subprocesstype":"Embedded","istransaction":false,"transactionmethod":"compensate","activitytype":"Sub-Process","samedeployment":true,"entry":{"id":"PROCESS_MODEL-6b6e3386-8a88-4f66-98d3-0d86ffdb34b0","key":"PGN_P002"},"entry-run":"","process-instance-name":"","callactivityinheritvariables":false,"callactivitybusinesskey":"","callactivityinheritbusinesskey":false,"callactivityuselocalscopeforoutparameters":false,"callactivitycompleteasync":false,"fallback-to-default-tenant":true,"callactivityidvariablename":"","exceptionmappings":"","xmlTag":"CallActivity"},"ssextensions":[],"outgoing":[{"resourceId":"sequenceFlow6"}],"dockers":[],"labels":[{"styles":{"fill":"#000000","size":"12","italic":false,"bold":false},"ref":"text_name"},{"styles":{"fill":"#000000","size":"12","italic":false,"bold":false},"ref":"_oryx_31198122-0A56-45BB-8CC1-F5E94518B5DA_23"}]},{"resourceId":"sequenceFlow6","stencil":{"id":"SequenceFlow"},"pathProperties":{},"pathMappingProperties":{},"xmlProperties":[],"childShapes":[],"bounds":{"lowerRight":{"x":825,"y":405},"upperLeft":{"x":715,"y":405}},"outputmappingproperties":{"fields":{"type":"complex","placeholders":[]},"executionlistener":{"type":"complex","placeholders":[]}},"properties":{"stencilid":"SequenceFlow","stencilsuperid":"SequenceFlow","stencilsuperids":["SequenceFlow"],"customstencil":false,"bordercolor":"#000000","notes":"","executionlistener":"","name":"","name-run":"","id":"sequenceFlow6","bgcolor":"#ffffff","documentation":"","fontsize":"12","fontweight":"normal","fontstyle":"normal","fontcolor":"#000000","conditionexpression":"","skipexpression":"","showdiamondmarker":false,"defaultflow":false,"xmlTag":"SequenceFlow"},"ssextensions":[],"outgoing":[{"resourceId":"exclusive_Databased_Gateway2"}],"dockers":[{"x":50,"y":40},{"x":20,"y":20}],"labels":[{"styles":{"fill":"#000000","size":"12","italic":false,"bold":false},"ref":"text_name"}],"target":{"resourceId":"exclusive_Databased_Gateway2"}},{"resourceId":"pagoNxtFormTask2","stencil":{"id":"FormTask"},"pathProperties":{},"pathMappingProperties":{},"xmlProperties":["loopvariableaggregation","exposetoobjectitems","exposeasmessageitems","formproperties"],"childShapes":[],"bounds":{"lowerRight":{"x":895,"y":290},"upperLeft":{"x":795,"y":210}},"specialproperties":{"form_entry":{"type":"treeview"},"securitypolicy":{"type":"treeview"}},"outputmappingproperties":{"loopvariableaggregation":{"type":"formlist","placeholders":[]},"fields":{"type":"complex","placeholders":[]},"executionlistener":{"type":"complex","placeholders":[]},"exposetoobjectitems":{"type":"complex","placeholders":[]},"exposeasmessageitems":{"type":"complex","placeholders":[]},"formproperties":{"type":"formlist","placeholders":[]},"genericproperty":{"type":"complex","placeholders":[]},"taskinputmappings":{"type":"complex","placeholders":[]},"tasklistener":{"type":"complex","placeholders":[]},"usertasklabels":{"type":"complex","placeholders":[]}},"properties":{"stencilid":"pagoNxtFormTask","stencilsuperid":"FormTask","stencilsuperids":["FormTask"],"customstencil":false,"includeinhistory":false,"notes":"","categories":"","looptype":"None","loopcollection":"","loopelementvariable":"","loopelementindexvariable":"loopCounter","loopcardinality":"","completioncondition":"","nowaitstatesasyncleave":"","loopvariableaggregation":"","isforcompensation":false,"executionlistener":"","exposetoobjectitems":"","async":false,"exclusive":true,"asyncleave":false,"exposeasmessageitems":"","customcaseviewheadersize":"sm","customcaseviewheadersize-run":"sm","formproperties":"","bordercolor":"#000000","tasktype":"FormTask","bgcolor":"#ffffff","guid":"","skipexpression":"","owner":"","owner-run":"","assignee":"","assignee-run":"","candidateusers":"","candidateusers-run":"","candidategroups":"BOI_01_User","candidategroups-run":"BOI_01_User","participantusers":"","participantusers-run":"","participantgroups":"","participantgroups-run":"","watcherusers":"","watcherusers-run":"","watchergroups":"","watchergroups-run":"","name":"Manage Request (${deferReason.name}) | ${root.operation.code}","name-run":"Manage Request (${deferReason.name}) | ${root.operation.code}","id":"pagoNxtFormTask2","documentation":"","fontsize":"12","fontweight":"normal","fontstyle":"normal","fontcolor":"#000000","genericproperty":"","priority":"","duedate":"","categorydefinition":"DEFERED_MANAGE","candidatestype":"all","name_en_us":"Manage Request (${deferReason.name}) | ${root.operation.code}","name_en_us-run":"Manage Request (${deferReason.name}) | ${root.operation.code}","name_it_it":"","name_it_it-run":"","name_es_es":"Gestionar Solicitud (${deferReason.translations.es_es.name}) | ${root.operation.code}","name_es_es-run":"Gestionar Solicitud (${deferReason.translations.es_es.name}) | ${root.operation.code}","name_fr_fr":"","name_fr_fr-run":"","name_de_de":"","name_de_de-run":"","name_i18n-key":"","form_entry":{"id":"FORM_MODEL-d6bc61fc-7ba6-4b40-87a1-4b63a819b9a4","key":"CLE_F125"},"samedeployment":true,"formfieldvalidation":false,"formfieldvalidation-run":"","taskidvariablename":"deferedTaskId","securitypolicy":"","exposetocaseview":true,"elementlabel":"","elementlabel_en_us":"","elementlabel_it_it":"","elementlabel_es_es":"","elementlabel_fr_fr":"","elementlabel_de_de":"","elementlabel_i18n-key":"","elementicon":"clipboard-list/regular","elementindex":"10","activestaterendering":"fullAccess","completedstaterendering":"hidden","taskinputmappingtype":"allowed","taskinputmappings":"","tasklistener":"","customfolderpath":"","disalloweduserexpression":"","completionuservariable":"","usertasklabels":"","categoryl1":"DEFERED_TASK","categoryl2":"","categoryl3":"","xmlTag":"FormTask"},"ssextensions":[],"outgoing":[{"resourceId":"intermediateTimerEventBoundary1"},{"resourceId":"sequenceFlow11"}],"dockers":[],"labels":[{"styles":{"fill":"#000000","size":"12","italic":false,"bold":false},"ref":"text_name"}]},{"resourceId":"exclusive_Databased_Gateway2","stencil":{"id":"Exclusive_Databased_Gateway"},"pathProperties":{},"pathMappingProperties":{},"xmlProperties":[],"childShapes":[],"bounds":{"lowerRight":{"x":865,"y":425},"upperLeft":{"x":825,"y":385}},"properties":{"stencilid":"Exclusive_Databased_Gateway","stencilsuperid":"Exclusive_Databased_Gateway","stencilsuperids":["Exclusive_Databased_Gateway"],"customstencil":false,"includeinhistory":false,"notes":"","categories":"","sequencefloworder":"","bgcolor":"#ffffff","name":"manage action","name-run":"manage action","id":"exclusive_Databased_Gateway2","documentation":"","fontsize":"12","fontweight":"normal","fontstyle":"normal","fontcolor":"#000000","async":false,"exclusive":true,"asyncleave":false,"bordercolor":"#000000","gatewaytype":"XOR","xmlTag":"Exclusive_Databased_Gateway"},"ssextensions":[],"outgoing":[{"resourceId":"sequenceFlow7"},{"resourceId":"sequenceFlow8"},{"resourceId":"sequenceFlow17"}],"dockers":[],"labels":[{"styles":{"fill":"#000000","size":"12","italic":false,"bold":false},"ref":"text_name"}]},{"resourceId":"sequenceFlow7","stencil":{"id":"SequenceFlow"},"pathProperties":{},"pathMappingProperties":{},"xmlProperties":[],"childShapes":[],"bounds":{"lowerRight":{"x":1304,"y":405},"upperLeft":{"x":864,"y":405}},"outputmappingproperties":{"fields":{"type":"complex","placeholders":[]},"executionlistener":{"type":"complex","placeholders":[]}},"properties":{"stencilid":"SequenceFlow","stencilsuperid":"SequenceFlow","stencilsuperids":["SequenceFlow"],"customstencil":false,"bordercolor":"#000000","notes":"","executionlistener":"","name":"finish/release/back/cancel","name-run":"finish/release/back/cancel","id":"sequenceFlow7","bgcolor":"#ffffff","documentation":"","fontsize":"12","fontweight":"normal","fontstyle":"normal","fontcolor":"#000000","conditionexpression":"","skipexpression":"","showdiamondmarker":false,"defaultflow":true,"xmlTag":"SequenceFlow"},"ssextensions":[],"outgoing":[{"resourceId":"variableActivity3"}],"dockers":[{"x":20,"y":20},{"x":50,"y":40}],"labels":[{"styles":{"fill":"#000000","size":"12","italic":false,"bold":false},"ref":"text_name"}],"target":{"resourceId":"variableActivity3"}},{"resourceId":"sequenceFlow8","stencil":{"id":"SequenceFlow"},"pathProperties":{},"pathMappingProperties":{},"xmlProperties":[],"childShapes":[],"bounds":{"lowerRight":{"x":845,"y":385},"upperLeft":{"x":845,"y":290}},"outputmappingproperties":{"fields":{"type":"complex","placeholders":[]},"executionlistener":{"type":"complex","placeholders":[]}},"properties":{"stencilid":"SequenceFlow","stencilsuperid":"SequenceFlow","stencilsuperids":["SequenceFlow"],"customstencil":false,"bordercolor":"#000000","notes":"","executionlistener":"","name":"defer","name-run":"defer","id":"sequenceFlow8","bgcolor":"#ffffff","documentation":"","fontsize":"12","fontweight":"normal","fontstyle":"normal","fontcolor":"#000000","conditionexpression":{"children":[{"sourceValue":{"variableType":"customVariable","name":"manageAction"},"operator":"equals","targetValue":{"value":"DEFER","type":"string","variableType":"value"}}],"match":"all"},"skipexpression":"","showdiamondmarker":false,"defaultflow":false,"xmlTag":"SequenceFlow"},"ssextensions":[],"outgoing":[{"resourceId":"pagoNxtFormTask2"}],"dockers":[{"x":20.5,"y":20.5},{"x":50,"y":40}],"labels":[{"x":853.8385620117188,"y":346.11803245544434,"valign":"bottom","align":"left","ref":"text_name"},{"styles":{"fill":"#000000","size":"12","italic":false,"bold":false},"ref":"text_name"}],"target":{"resourceId":"pagoNxtFormTask2"}},{"resourceId":"sequenceFlow9","stencil":{"id":"SequenceFlow"},"pathProperties":{},"pathMappingProperties":{},"xmlProperties":[],"childShapes":[],"bounds":{"lowerRight":{"x":793,"y":384},"upperLeft":{"x":95,"y":210}},"outputmappingproperties":{"fields":{"type":"complex","placeholders":[]},"executionlistener":{"type":"complex","placeholders":[]}},"properties":{"stencilid":"SequenceFlow","stencilsuperid":"SequenceFlow","stencilsuperids":["SequenceFlow"],"customstencil":false,"bordercolor":"#000000","notes":"","executionlistener":"","name":"","name-run":"","id":"sequenceFlow9","bgcolor":"#ffffff","documentation":"","fontsize":"12","fontweight":"normal","fontstyle":"normal","fontcolor":"#000000","conditionexpression":"","skipexpression":"","showdiamondmarker":false,"defaultflow":false,"xmlTag":"SequenceFlow"},"ssextensions":[],"outgoing":[{"resourceId":"exclusive_Databased_Gateway1"}],"dockers":[{"x":15,"y":15},{"x":95,"y":210},{"x":20,"y":20}],"labels":[{"styles":{"fill":"#000000","size":"12","italic":false,"bold":false},"ref":"text_name"}],"target":{"resourceId":"exclusive_Databased_Gateway1"}},{"resourceId":"sequenceFlow10","stencil":{"id":"SequenceFlow"},"pathProperties":{},"pathMappingProperties":{},"xmlProperties":[],"childShapes":[],"bounds":{"lowerRight":{"x":1205,"y":385},"upperLeft":{"x":95,"y":136.22915649414062}},"outputmappingproperties":{"fields":{"type":"complex","placeholders":[]},"executionlistener":{"type":"complex","placeholders":[]}},"properties":{"stencilid":"SequenceFlow","stencilsuperid":"SequenceFlow","stencilsuperids":["SequenceFlow"],"customstencil":false,"bordercolor":"#000000","notes":"","executionlistener":"","name":"continue","name-run":"continue","id":"sequenceFlow10","bgcolor":"#ffffff","documentation":"","fontsize":"12","fontweight":"normal","fontstyle":"normal","fontcolor":"#000000","conditionexpression":"","skipexpression":"","showdiamondmarker":false,"defaultflow":true,"xmlTag":"SequenceFlow"},"ssextensions":[],"outgoing":[{"resourceId":"exclusive_Databased_Gateway1"}],"dockers":[{"x":20,"y":20},{"x":1205,"y":136.22915649414062},{"x":95,"y":136.22915649414062},{"x":20,"y":20}],"labels":[{"x":721.8802280426025,"y":129.11805534362793,"valign":"bottom","align":"left","ref":"text_name"},{"styles":{"fill":"#000000","size":"12","italic":false,"bold":false},"ref":"text_name"}],"target":{"resourceId":"exclusive_Databased_Gateway1"}},{"resourceId":"callActivity2","stencil":{"id":"CallActivity"},"pathProperties":{},"pathMappingProperties":{},"xmlProperties":["loopvariableaggregation"],"childShapes":[],"bounds":{"lowerRight":{"x":1090,"y":290},"upperLeft":{"x":990,"y":210}},"specialproperties":{"entry":{"type":"treeview"}},"outputmappingproperties":{"dataproperties":{"type":"complex","placeholders":[]},"loopvariableaggregation":{"type":"formlist","placeholders":[]},"fields":{"type":"complex","placeholders":[]},"executionlistener":{"type":"complex","placeholders":[]},"in":{"type":"complex","placeholders":[]},"out":{"type":"complex","placeholders":[]},"exceptionmappings":{"type":"complex","placeholders":[]}},"properties":{"stencilid":"CallActivity","stencilsuperid":"CallActivity","stencilsuperids":["CallActivity"],"customstencil":false,"dataproperties":"","notes":"","includeinhistory":false,"categories":"","looptype":"None","loopcollection":"","loopelementvariable":"","loopelementindexvariable":"loopCounter","loopcardinality":"","completioncondition":"","nowaitstatesasyncleave":"","loopvariableaggregation":"","isforcompensation":false,"bgcolor":"#ffffff","bordercolor":"#000000","executionlistener":"","async":false,"exclusive":true,"asyncleave":false,"name":"Add new comment","name-run":"Add new comment","id":"callActivity2","documentation":"","fontsize":"12","fontweight":"normal","fontstyle":"normal","fontcolor":"#000000","in":{"totalCount":5,"items":[{"source":"deferedTaskId","sourceExpression":"","target":"taskId"},{"source":"deferedTaskAction","sourceExpression":"","target":"action"},{"source":"","sourceExpression":"${null}","target":"reason"},{"source":"deferedTaskComment","sourceExpression":"","target":"content"},{"source":"","sourceExpression":"${true}","target":"visibleForClient"}]},"out":"","subprocesstype":"Embedded","istransaction":false,"transactionmethod":"compensate","activitytype":"Sub-Process","samedeployment":true,"entry":{"id":"PROCESS_MODEL-6b6e3386-8a88-4f66-98d3-0d86ffdb34b0","key":"PGN_P002"},"entry-run":"","process-instance-name":"","callactivityinheritvariables":false,"callactivitybusinesskey":"","callactivityinheritbusinesskey":false,"callactivityuselocalscopeforoutparameters":false,"callactivitycompleteasync":false,"fallback-to-default-tenant":true,"callactivityidvariablename":"","exceptionmappings":"","xmlTag":"CallActivity"},"ssextensions":[],"outgoing":[{"resourceId":"sequenceFlow12"}],"dockers":[],"labels":[{"styles":{"fill":"#000000","size":"12","italic":false,"bold":false},"ref":"text_name"},{"styles":{"fill":"#000000","size":"12","italic":false,"bold":false},"ref":"_oryx_4AF33CC7-577A-4B11-BC0F-6C94433958C1_23"}]},{"resourceId":"sequenceFlow11","stencil":{"id":"SequenceFlow"},"pathProperties":{},"pathMappingProperties":{},"xmlProperties":[],"childShapes":[],"bounds":{"lowerRight":{"x":989,"y":250},"upperLeft":{"x":895,"y":250}},"outputmappingproperties":{"fields":{"type":"complex","placeholders":[]},"executionlistener":{"type":"complex","placeholders":[]}},"properties":{"stencilid":"SequenceFlow","stencilsuperid":"SequenceFlow","stencilsuperids":["SequenceFlow"],"customstencil":false,"bordercolor":"#000000","notes":"","executionlistener":"","name":"","name-run":"","id":"sequenceFlow11","bgcolor":"#ffffff","documentation":"","fontsize":"12","fontweight":"normal","fontstyle":"normal","fontcolor":"#000000","conditionexpression":"","skipexpression":"","showdiamondmarker":false,"defaultflow":false,"xmlTag":"SequenceFlow"},"ssextensions":[],"outgoing":[{"resourceId":"callActivity2"}],"dockers":[{"x":50,"y":40},{"x":50,"y":40}],"labels":[{"styles":{"fill":"#000000","size":"12","italic":false,"bold":false},"ref":"text_name"}],"target":{"resourceId":"callActivity2"}},{"resourceId":"exclusive_Databased_Gateway3","stencil":{"id":"Exclusive_Databased_Gateway"},"pathProperties":{},"pathMappingProperties":{},"xmlProperties":[],"childShapes":[],"bounds":{"lowerRight":{"x":1225,"y":270},"upperLeft":{"x":1185,"y":230}},"properties":{"stencilid":"Exclusive_Databased_Gateway","stencilsuperid":"Exclusive_Databased_Gateway","stencilsuperids":["Exclusive_Databased_Gateway"],"customstencil":false,"includeinhistory":false,"notes":"","categories":"","sequencefloworder":"","bgcolor":"#ffffff","name":"defer action?","name-run":"defer action?","id":"exclusive_Databased_Gateway3","documentation":"","fontsize":"12","fontweight":"normal","fontstyle":"normal","fontcolor":"#000000","async":false,"exclusive":true,"asyncleave":false,"bordercolor":"#000000","gatewaytype":"XOR","xmlTag":"Exclusive_Databased_Gateway"},"ssextensions":[],"outgoing":[{"resourceId":"sequenceFlow10"},{"resourceId":"sequenceFlow13"}],"dockers":[],"labels":[{"x":-17.234375,"y":43,"ref":"text_name"},{"styles":{"fill":"#000000","size":"12","italic":false,"bold":false},"ref":"text_name"}]},{"resourceId":"sequenceFlow12","stencil":{"id":"SequenceFlow"},"pathProperties":{},"pathMappingProperties":{},"xmlProperties":[],"childShapes":[],"bounds":{"lowerRight":{"x":1184,"y":250},"upperLeft":{"x":1090,"y":250}},"outputmappingproperties":{"fields":{"type":"complex","placeholders":[]},"executionlistener":{"type":"complex","placeholders":[]}},"properties":{"stencilid":"SequenceFlow","stencilsuperid":"SequenceFlow","stencilsuperids":["SequenceFlow"],"customstencil":false,"bordercolor":"#000000","notes":"","executionlistener":"","name":"","name-run":"","id":"sequenceFlow12","bgcolor":"#ffffff","documentation":"","fontsize":"12","fontweight":"normal","fontstyle":"normal","fontcolor":"#000000","conditionexpression":"","skipexpression":"","showdiamondmarker":false,"defaultflow":false,"xmlTag":"SequenceFlow"},"ssextensions":[],"outgoing":[{"resourceId":"exclusive_Databased_Gateway3"}],"dockers":[{"x":50,"y":40},{"x":20,"y":20}],"labels":[{"styles":{"fill":"#000000","size":"12","italic":false,"bold":false},"ref":"text_name"}],"target":{"resourceId":"exclusive_Databased_Gateway3"}},{"resourceId":"variableActivity2","stencil":{"id":"ServiceTask"},"pathProperties":{},"pathMappingProperties":{},"xmlProperties":["loopvariableaggregation","initvariablemap","overwrite","overwrite-run"],"childShapes":[],"bounds":{"lowerRight":{"x":1405,"y":290},"upperLeft":{"x":1305,"y":210}},"outputmappingproperties":{"loopvariableaggregation":{"type":"formlist","placeholders":[]},"fields":{"type":"complex","placeholders":[]},"executionlistener":{"type":"complex","placeholders":[]},"classfields":{"type":"complex","placeholders":[]},"exceptionmappings":{"type":"complex","placeholders":[]}},"properties":{"stencilid":"VariableActivity","stencilsuperid":"ServiceTask","stencilsuperids":["ServiceTask"],"customstencil":false,"includeinhistory":false,"notes":"","categories":"","looptype":"None","loopcollection":"","loopelementvariable":"","loopelementindexvariable":"loopCounter","loopcardinality":"","completioncondition":"","nowaitstatesasyncleave":"","loopvariableaggregation":"","tasktype":"Service","bgcolor":"#ffffff","guid":"","skipexpression":"","isforcompensation":false,"expression":"","delegateexpression":"${initVariablesService}","resultvariable":"","class":"","executionlistener":"","bordercolor":"#000000","async":false,"exclusive":true,"asyncleave":false,"name":"Set result as cancel","name-run":"Set result as cancel","id":"variableActivity2","documentation":"","fontsize":"12","fontweight":"normal","fontstyle":"normal","fontcolor":"#000000","classfields":"","servicetasktriggerable":false,"servicetaskstoreresultvariabletransient":"","servicetaskuselocalscopeforresultvariable":false,"exceptionmappings":"","servicetaskfailedjobretrytimecycle":"","initvariablemap":{"totalCount":1,"items":[{"target":"","name":"manageOutcome","valueExpression":"${deferedTaskAction}"}]},"overwrite":true,"overwrite-run":"","genericproperty":"","xmlTag":"ServiceTask"},"ssextensions":[],"outgoing":[{"resourceId":"sequenceFlow15"}],"dockers":[],"labels":[{"styles":{"fill":"#000000","size":"12","italic":false,"bold":false},"ref":"text_name"}]},{"resourceId":"sequenceFlow13","stencil":{"id":"SequenceFlow"},"pathProperties":{},"pathMappingProperties":{},"xmlProperties":[],"childShapes":[],"bounds":{"lowerRight":{"x":1304,"y":250},"upperLeft":{"x":1225,"y":250}},"outputmappingproperties":{"fields":{"type":"complex","placeholders":[]},"executionlistener":{"type":"complex","placeholders":[]}},"properties":{"stencilid":"SequenceFlow","stencilsuperid":"SequenceFlow","stencilsuperids":["SequenceFlow"],"customstencil":false,"bordercolor":"#000000","notes":"","executionlistener":"","name":"cancel","name-run":"cancel","id":"sequenceFlow13","bgcolor":"#ffffff","documentation":"","fontsize":"12","fontweight":"normal","fontstyle":"normal","fontcolor":"#000000","conditionexpression":{"children":[{"sourceValue":{"variableType":"customVariable","name":"deferedTaskAction"},"operator":"equals","targetValue":{"value":"CANCEL","type":"string","variableType":"value"}}],"match":"all"},"skipexpression":"","showdiamondmarker":false,"defaultflow":false,"xmlTag":"SequenceFlow"},"ssextensions":[],"outgoing":[{"resourceId":"variableActivity2"}],"dockers":[{"x":20.5,"y":20.5},{"x":50,"y":40}],"labels":[{"styles":{"fill":"#000000","size":"12","italic":false,"bold":false},"ref":"text_name"}],"target":{"resourceId":"variableActivity2"}},{"resourceId":"exclusive_Databased_Gateway4","stencil":{"id":"Exclusive_Databased_Gateway"},"pathProperties":{},"pathMappingProperties":{},"xmlProperties":[],"childShapes":[],"bounds":{"lowerRight":{"x":1491.0103759765625,"y":425},"upperLeft":{"x":1451.0103759765625,"y":385}},"properties":{"stencilid":"Exclusive_Databased_Gateway","stencilsuperid":"Exclusive_Databased_Gateway","stencilsuperids":["Exclusive_Databased_Gateway"],"customstencil":false,"includeinhistory":false,"notes":"","categories":"","sequencefloworder":"","bgcolor":"#ffffff","name":"","name-run":"","id":"exclusive_Databased_Gateway4","documentation":"","fontsize":"12","fontweight":"normal","fontstyle":"normal","fontcolor":"#000000","async":false,"exclusive":true,"asyncleave":false,"bordercolor":"#000000","gatewaytype":"XOR","xmlTag":"Exclusive_Databased_Gateway"},"ssextensions":[],"outgoing":[{"resourceId":"sequenceFlow14"}],"dockers":[],"labels":[{"styles":{"fill":"#000000","size":"12","italic":false,"bold":false},"ref":"text_name"}]},{"resourceId":"sequenceFlow14","stencil":{"id":"SequenceFlow"},"pathProperties":{},"pathMappingProperties":{},"xmlProperties":[],"childShapes":[],"bounds":{"lowerRight":{"x":1514,"y":405},"upperLeft":{"x":1491,"y":405}},"outputmappingproperties":{"fields":{"type":"complex","placeholders":[]},"executionlistener":{"type":"complex","placeholders":[]}},"properties":{"stencilid":"SequenceFlow","stencilsuperid":"SequenceFlow","stencilsuperids":["SequenceFlow"],"customstencil":false,"bordercolor":"#000000","notes":"","executionlistener":"","name":"","name-run":"","id":"sequenceFlow14","bgcolor":"#ffffff","documentation":"","fontsize":"12","fontweight":"normal","fontstyle":"normal","fontcolor":"#000000","conditionexpression":"","skipexpression":"","showdiamondmarker":false,"defaultflow":false,"xmlTag":"SequenceFlow"},"ssextensions":[],"outgoing":[{"resourceId":"endNoneEvent1"}],"dockers":[{"x":20,"y":20},{"x":14,"y":14}],"labels":[{"styles":{"fill":"#000000","size":"12","italic":false,"bold":false},"ref":"text_name"}],"target":{"resourceId":"endNoneEvent1"}},{"resourceId":"sequenceFlow15","stencil":{"id":"SequenceFlow"},"pathProperties":{},"pathMappingProperties":{},"xmlProperties":[],"childShapes":[],"bounds":{"lowerRight":{"x":1471.0103759765625,"y":384},"upperLeft":{"x":1405,"y":250}},"outputmappingproperties":{"fields":{"type":"complex","placeholders":[]},"executionlistener":{"type":"complex","placeholders":[]}},"properties":{"stencilid":"SequenceFlow","stencilsuperid":"SequenceFlow","stencilsuperids":["SequenceFlow"],"customstencil":false,"bordercolor":"#000000","notes":"","executionlistener":"","name":"","name-run":"","id":"sequenceFlow15","bgcolor":"#ffffff","documentation":"","fontsize":"12","fontweight":"normal","fontstyle":"normal","fontcolor":"#000000","conditionexpression":"","skipexpression":"","showdiamondmarker":false,"defaultflow":false,"xmlTag":"SequenceFlow"},"ssextensions":[],"outgoing":[{"resourceId":"exclusive_Databased_Gateway4"}],"dockers":[{"x":50,"y":40},{"x":1471.0103759765625,"y":250},{"x":20,"y":20}],"labels":[{"styles":{"fill":"#000000","size":"12","italic":false,"bold":false},"ref":"text_name"}],"target":{"resourceId":"exclusive_Databased_Gateway4"}},{"resourceId":"variableActivity3","stencil":{"id":"ServiceTask"},"pathProperties":{},"pathMappingProperties":{},"xmlProperties":["loopvariableaggregation","initvariablemap","overwrite","overwrite-run"],"childShapes":[],"bounds":{"lowerRight":{"x":1405,"y":445},"upperLeft":{"x":1305,"y":365}},"outputmappingproperties":{"loopvariableaggregation":{"type":"formlist","placeholders":[]},"fields":{"type":"complex","placeholders":[]},"executionlistener":{"type":"complex","placeholders":[]},"classfields":{"type":"complex","placeholders":[]},"exceptionmappings":{"type":"complex","placeholders":[]}},"properties":{"stencilid":"VariableActivity","stencilsuperid":"ServiceTask","stencilsuperids":["ServiceTask"],"customstencil":false,"includeinhistory":false,"notes":"","categories":"","looptype":"None","loopcollection":"","loopelementvariable":"","loopelementindexvariable":"loopCounter","loopcardinality":"","completioncondition":"","nowaitstatesasyncleave":"","loopvariableaggregation":"","tasktype":"Service","bgcolor":"#ffffff","guid":"","skipexpression":"","isforcompensation":false,"expression":"","delegateexpression":"${initVariablesService}","resultvariable":"","class":"","executionlistener":"","bordercolor":"#000000","async":false,"exclusive":true,"asyncleave":false,"name":"Set manage outcome","name-run":"Set manage outcome","id":"variableActivity3","documentation":"","fontsize":"12","fontweight":"normal","fontstyle":"normal","fontcolor":"#000000","classfields":"","servicetasktriggerable":false,"servicetaskstoreresultvariabletransient":"","servicetaskuselocalscopeforresultvariable":false,"exceptionmappings":"","servicetaskfailedjobretrytimecycle":"","initvariablemap":{"totalCount":1,"items":[{"target":"","name":"manageOutcome","valueExpression":"${manageAction}"}]},"overwrite":true,"overwrite-run":"","genericproperty":"","xmlTag":"ServiceTask"},"ssextensions":[],"outgoing":[{"resourceId":"sequenceFlow16"}],"dockers":[],"labels":[{"styles":{"fill":"#000000","size":"12","italic":false,"bold":false},"ref":"text_name"}]},{"resourceId":"sequenceFlow16","stencil":{"id":"SequenceFlow"},"pathProperties":{},"pathMappingProperties":{},"xmlProperties":[],"childShapes":[],"bounds":{"lowerRight":{"x":1450,"y":405},"upperLeft":{"x":1405,"y":405}},"outputmappingproperties":{"fields":{"type":"complex","placeholders":[]},"executionlistener":{"type":"complex","placeholders":[]}},"properties":{"stencilid":"SequenceFlow","stencilsuperid":"SequenceFlow","stencilsuperids":["SequenceFlow"],"customstencil":false,"bordercolor":"#000000","notes":"","executionlistener":"","name":"","name-run":"","id":"sequenceFlow16","bgcolor":"#ffffff","documentation":"","fontsize":"12","fontweight":"normal","fontstyle":"normal","fontcolor":"#000000","conditionexpression":"","skipexpression":"","showdiamondmarker":false,"defaultflow":false,"xmlTag":"SequenceFlow"},"ssextensions":[],"outgoing":[{"resourceId":"exclusive_Databased_Gateway4"}],"dockers":[{"x":50,"y":40},{"x":20,"y":20}],"labels":[{"styles":{"fill":"#000000","size":"12","italic":false,"bold":false},"ref":"text_name"}],"target":{"resourceId":"exclusive_Databased_Gateway4"}},{"resourceId":"callActivity3","stencil":{"id":"CallActivity"},"pathProperties":{},"pathMappingProperties":{},"xmlProperties":["loopvariableaggregation"],"childShapes":[],"bounds":{"lowerRight":{"x":895,"y":605},"upperLeft":{"x":795,"y":525}},"specialproperties":{"entry":{"type":"treeview"}},"outputmappingproperties":{"dataproperties":{"type":"complex","placeholders":[]},"loopvariableaggregation":{"type":"formlist","placeholders":[]},"fields":{"type":"complex","placeholders":[]},"executionlistener":{"type":"complex","placeholders":[]},"in":{"type":"complex","placeholders":[]},"out":{"type":"complex","placeholders":[]},"exceptionmappings":{"type":"complex","placeholders":[]}},"properties":{"stencilid":"CallActivity","stencilsuperid":"CallActivity","stencilsuperids":["CallActivity"],"customstencil":false,"dataproperties":"","notes":"","includeinhistory":false,"categories":"","looptype":"None","loopcollection":"","loopelementvariable":"","loopelementindexvariable":"loopCounter","loopcardinality":"","completioncondition":"","nowaitstatesasyncleave":"","loopvariableaggregation":"","isforcompensation":false,"bgcolor":"#ffffff","bordercolor":"#000000","executionlistener":"","async":false,"exclusive":true,"asyncleave":false,"name":"Complete Information of registration request","name-run":"Complete Information of registration request","id":"callActivity3","documentation":"","fontsize":"12","fontweight":"normal","fontstyle":"normal","fontcolor":"#000000","in":{"totalCount":11,"items":[{"source":"","sourceExpression":"${root.operation.requesterType}","target":"requesterType"},{"source":"","sourceExpression":"${languageCodeExpressions.getByCountry(root.operation.country)}","target":"languageCode"},{"source":"","sourceExpression":"${root.operation.code}","target":"operationCode"},{"source":"","sourceExpression":"${root.product}","target":"operationProduct"},{"source":"","sourceExpression":"${root.operation.operationType == \"exportUnpaid\"?\"md-cle-other-operations-nonPayments-return-reason\":(root.operation.operationType == \"exportReliquidations\"?\"md-cle-other-operations-reliquidations-return-reason\":\"md-cle-other-operations-queries-return-reason\")}","target":"returnReasonMasterDataKey"},{"source":"","sourceExpression":"${returnReason}","target":"returnReason"},{"source":"","sourceExpression":"${manageComment}","target":"returnComment"},{"source":"","sourceExpression":"${root.operation.customerCode}","target":"customerCode"},{"source":"","sourceExpression":"${root.operation.customerFullName}","target":"customerFullName"},{"source":"","sourceExpression":"${recipientTO}","target":"recipientTO"},{"source":"","sourceExpression":"${recipientCC}","target":"recipientCC"}]},"out":{"totalCount":1,"items":[{"source":"completeInfoAction","sourceExpression":"","target":"completeInfoOutcome"}]},"subprocesstype":"Embedded","istransaction":false,"transactionmethod":"compensate","activitytype":"Sub-Process","samedeployment":true,"entry":{"id":"PROCESS_MODEL-958b8e5f-d2f5-4988-a4e1-8d8d6e4837b9","key":"CLE_P086"},"entry-run":"","process-instance-name":"","callactivityinheritvariables":false,"callactivitybusinesskey":"","callactivityinheritbusinesskey":false,"callactivityuselocalscopeforoutparameters":false,"callactivitycompleteasync":false,"fallback-to-default-tenant":true,"callactivityidvariablename":"","exceptionmappings":"","xmlTag":"CallActivity"},"ssextensions":[],"outgoing":[{"resourceId":"sequenceFlow18"}],"dockers":[],"labels":[{"styles":{"fill":"#000000","size":"12","italic":false,"bold":false},"ref":"text_name"},{"styles":{"fill":"#000000","size":"12","italic":false,"bold":false},"ref":"_oryx_B73EFCA6-E66C-42AD-9C45-0A943C130EAD_23"}]},{"resourceId":"sequenceFlow17","stencil":{"id":"SequenceFlow"},"pathProperties":{},"pathMappingProperties":{},"xmlProperties":[],"childShapes":[],"bounds":{"lowerRight":{"x":845,"y":524},"upperLeft":{"x":845,"y":425}},"outputmappingproperties":{"fields":{"type":"complex","placeholders":[]},"executionlistener":{"type":"complex","placeholders":[]}},"properties":{"stencilid":"SequenceFlow","stencilsuperid":"SequenceFlow","stencilsuperids":["SequenceFlow"],"customstencil":false,"bordercolor":"#000000","notes":"","executionlistener":"","name":"","name-run":"","id":"sequenceFlow17","bgcolor":"#ffffff","documentation":"","fontsize":"12","fontweight":"normal","fontstyle":"normal","fontcolor":"#000000","conditionexpression":{"children":[{"sourceValue":{"name":"manageAction","variableType":"variable"},"operator":"equals","targetValue":{"value":"RETURN","type":"string","variableType":"value"}}],"match":"all"},"skipexpression":"","showdiamondmarker":false,"defaultflow":false,"xmlTag":"SequenceFlow"},"ssextensions":[],"outgoing":[{"resourceId":"callActivity3"}],"dockers":[{"x":20.5,"y":20.5},{"x":50,"y":40}],"labels":[{"styles":{"fill":"#000000","size":"12","italic":false,"bold":false},"ref":"text_name"}],"target":{"resourceId":"callActivity3"}},{"resourceId":"exclusive_Databased_Gateway5","stencil":{"id":"Exclusive_Databased_Gateway"},"pathProperties":{},"pathMappingProperties":{},"xmlProperties":[],"childShapes":[],"bounds":{"lowerRight":{"x":1075,"y":585},"upperLeft":{"x":1035,"y":545}},"properties":{"stencilid":"Exclusive_Databased_Gateway","stencilsuperid":"Exclusive_Databased_Gateway","stencilsuperids":["Exclusive_Databased_Gateway"],"customstencil":false,"includeinhistory":false,"notes":"","categories":"","sequencefloworder":"","bgcolor":"#ffffff","name":"complete info outcome?","name-run":"complete info outcome?","id":"exclusive_Databased_Gateway5","documentation":"","fontsize":"12","fontweight":"normal","fontstyle":"normal","fontcolor":"#000000","async":false,"exclusive":true,"asyncleave":false,"bordercolor":"#000000","gatewaytype":"XOR","xmlTag":"Exclusive_Databased_Gateway"},"ssextensions":[],"outgoing":[{"resourceId":"sequenceFlow19"},{"resourceId":"sequenceFlow20"}],"dockers":[],"labels":[{"x":-42.2890625,"y":-22,"ref":"text_name"},{"styles":{"fill":"#000000","size":"12","italic":false,"bold":false},"ref":"text_name"}]},{"resourceId":"sequenceFlow18","stencil":{"id":"SequenceFlow"},"pathProperties":{},"pathMappingProperties":{},"xmlProperties":[],"childShapes":[],"bounds":{"lowerRight":{"x":1035,"y":565},"upperLeft":{"x":895,"y":565}},"outputmappingproperties":{"fields":{"type":"complex","placeholders":[]},"executionlistener":{"type":"complex","placeholders":[]}},"properties":{"stencilid":"SequenceFlow","stencilsuperid":"SequenceFlow","stencilsuperids":["SequenceFlow"],"customstencil":false,"bordercolor":"#000000","notes":"","executionlistener":"","name":"","name-run":"","id":"sequenceFlow18","bgcolor":"#ffffff","documentation":"","fontsize":"12","fontweight":"normal","fontstyle":"normal","fontcolor":"#000000","conditionexpression":"","skipexpression":"","showdiamondmarker":false,"defaultflow":false,"xmlTag":"SequenceFlow"},"ssextensions":[],"outgoing":[{"resourceId":"exclusive_Databased_Gateway5"}],"dockers":[{"x":50,"y":40},{"x":20,"y":20}],"labels":[{"styles":{"fill":"#000000","size":"12","italic":false,"bold":false},"ref":"text_name"}],"target":{"resourceId":"exclusive_Databased_Gateway5"}},{"resourceId":"sequenceFlow19","stencil":{"id":"SequenceFlow"},"pathProperties":{},"pathMappingProperties":{},"xmlProperties":[],"childShapes":[],"bounds":{"lowerRight":{"x":1055.5,"y":642.2291870117188},"upperLeft":{"x":95,"y":424}},"outputmappingproperties":{"fields":{"type":"complex","placeholders":[]},"executionlistener":{"type":"complex","placeholders":[]}},"properties":{"stencilid":"SequenceFlow","stencilsuperid":"SequenceFlow","stencilsuperids":["SequenceFlow"],"customstencil":false,"bordercolor":"#000000","notes":"","executionlistener":"","name":"continue","name-run":"continue","id":"sequenceFlow19","bgcolor":"#ffffff","documentation":"","fontsize":"12","fontweight":"normal","fontstyle":"normal","fontcolor":"#000000","conditionexpression":"","skipexpression":"","showdiamondmarker":false,"defaultflow":true,"xmlTag":"SequenceFlow"},"ssextensions":[],"outgoing":[{"resourceId":"exclusive_Databased_Gateway1"}],"dockers":[{"x":20.5,"y":20.5},{"x":1055.5,"y":642.2291870117188},{"x":95,"y":642.2291870117188},{"x":20,"y":20}],"labels":[{"x":813.8368244171143,"y":660.1180629730225,"valign":"bottom","align":"left","ref":"text_name"},{"styles":{"fill":"#000000","size":"12","italic":false,"bold":false},"ref":"text_name"}],"target":{"resourceId":"exclusive_Databased_Gateway1"}},{"resourceId":"variableActivity4","stencil":{"id":"ServiceTask"},"pathProperties":{},"pathMappingProperties":{},"xmlProperties":["loopvariableaggregation","initvariablemap","overwrite","overwrite-run"],"childShapes":[],"bounds":{"lowerRight":{"x":1405,"y":605},"upperLeft":{"x":1305,"y":525}},"outputmappingproperties":{"loopvariableaggregation":{"type":"formlist","placeholders":[]},"fields":{"type":"complex","placeholders":[]},"executionlistener":{"type":"complex","placeholders":[]},"classfields":{"type":"complex","placeholders":[]},"exceptionmappings":{"type":"complex","placeholders":[]}},"properties":{"stencilid":"VariableActivity","stencilsuperid":"ServiceTask","stencilsuperids":["ServiceTask"],"customstencil":false,"includeinhistory":false,"notes":"","categories":"","looptype":"None","loopcollection":"","loopelementvariable":"","loopelementindexvariable":"loopCounter","loopcardinality":"","completioncondition":"","nowaitstatesasyncleave":"","loopvariableaggregation":"","tasktype":"Service","bgcolor":"#ffffff","guid":"","skipexpression":"","isforcompensation":false,"expression":"","delegateexpression":"${initVariablesService}","resultvariable":"","class":"","executionlistener":"","bordercolor":"#000000","async":false,"exclusive":true,"asyncleave":false,"name":"Set result as cancelation request","name-run":"Set result as cancelation request","id":"variableActivity4","documentation":"","fontsize":"12","fontweight":"normal","fontstyle":"normal","fontcolor":"#000000","classfields":"","servicetasktriggerable":false,"servicetaskstoreresultvariabletransient":"","servicetaskuselocalscopeforresultvariable":false,"exceptionmappings":"","servicetaskfailedjobretrytimecycle":"","initvariablemap":{"totalCount":1,"items":[{"target":"","name":"manageOutcome","valueExpression":"${completeInfoOutcome}"}]},"overwrite":true,"overwrite-run":"","genericproperty":"","xmlTag":"ServiceTask"},"ssextensions":[],"outgoing":[{"resourceId":"sequenceFlow21"}],"dockers":[],"labels":[{"styles":{"fill":"#000000","size":"12","italic":false,"bold":false},"ref":"text_name"}]},{"resourceId":"sequenceFlow20","stencil":{"id":"SequenceFlow"},"pathProperties":{},"pathMappingProperties":{},"xmlProperties":[],"childShapes":[],"bounds":{"lowerRight":{"x":1304,"y":565},"upperLeft":{"x":1075,"y":565}},"outputmappingproperties":{"fields":{"type":"complex","placeholders":[]},"executionlistener":{"type":"complex","placeholders":[]}},"properties":{"stencilid":"SequenceFlow","stencilsuperid":"SequenceFlow","stencilsuperids":["SequenceFlow"],"customstencil":false,"bordercolor":"#000000","notes":"","executionlistener":"","name":"","name-run":"","id":"sequenceFlow20","bgcolor":"#ffffff","documentation":"","fontsize":"12","fontweight":"normal","fontstyle":"normal","fontcolor":"#000000","conditionexpression":{"children":[{"sourceValue":{"name":"completeInfoOutcome","variableType":"variable"},"operator":"equals","targetValue":{"value":"REQUEST_FOR_CANCELATION","type":"string","variableType":"value"}}],"match":"all"},"skipexpression":"","showdiamondmarker":false,"defaultflow":false,"xmlTag":"SequenceFlow"},"ssextensions":[],"outgoing":[{"resourceId":"variableActivity4"}],"dockers":[{"x":20.5,"y":20.5},{"x":50,"y":40}],"labels":[{"styles":{"fill":"#000000","size":"12","italic":false,"bold":false},"ref":"text_name"}],"target":{"resourceId":"variableActivity4"}},{"resourceId":"sequenceFlow21","stencil":{"id":"SequenceFlow"},"pathProperties":{},"pathMappingProperties":{},"xmlProperties":[],"childShapes":[],"bounds":{"lowerRight":{"x":1471.0103759765625,"y":565},"upperLeft":{"x":1405,"y":424}},"outputmappingproperties":{"fields":{"type":"complex","placeholders":[]},"executionlistener":{"type":"complex","placeholders":[]}},"properties":{"stencilid":"SequenceFlow","stencilsuperid":"SequenceFlow","stencilsuperids":["SequenceFlow"],"customstencil":false,"bordercolor":"#000000","notes":"","executionlistener":"","name":"","name-run":"","id":"sequenceFlow21","bgcolor":"#ffffff","documentation":"","fontsize":"12","fontweight":"normal","fontstyle":"normal","fontcolor":"#000000","conditionexpression":"","skipexpression":"","showdiamondmarker":false,"defaultflow":false,"xmlTag":"SequenceFlow"},"ssextensions":[],"outgoing":[{"resourceId":"exclusive_Databased_Gateway4"}],"dockers":[{"x":50,"y":40},{"x":1471.0103759765625,"y":565},{"x":20,"y":20}],"labels":[{"styles":{"fill":"#000000","size":"12","italic":false,"bold":false},"ref":"text_name"}],"target":{"resourceId":"exclusive_Databased_Gateway4"}},{"resourceId":"intermediateTimerEventBoundary1","stencil":{"id":"IntermediateTimerEventBoundary"},"pathProperties":{},"pathMappingProperties":{},"xmlProperties":[],"childShapes":[],"bounds":{"lowerRight":{"x":824,"y":225},"upperLeft":{"x":794,"y":195}},"outputmappingproperties":{"fields":{"type":"complex","placeholders":[]},"executionlistener":{"type":"complex","placeholders":[]}},"properties":{"stencilid":"IntermediateTimerEventBoundary","stencilsuperid":"IntermediateTimerEventBoundary","stencilsuperids":["IntermediateTimerEventBoundary"],"customstencil":false,"timerproperites":{"timedate":"${deferDueDate}"},"notes":"","timedate":"${deferDueDate}","timecycle":"","timeduration":"","bgcolor":"#ffffff","bordercolor":"#000000","boundarycancelactivity2":true,"executionlistener":"","name":"Deferral expired","name-run":"Deferral expired","id":"intermediateTimerEventBoundary1","documentation":"","fontsize":"12","fontweight":"normal","fontstyle":"normal","fontcolor":"#000000","trigger":"Timer","xmlTag":"IntermediateTimerEventBoundary"},"ssextensions":[],"outgoing":[{"resourceId":"sequenceFlow9"}],"dockers":[{"x":14,"y":-10}],"labels":[{"x":-76,"y":-13,"ref":"text_name"},{"styles":{"fill":"#000000","size":"12","italic":false,"bold":false},"ref":"text_name"}]}],"bounds":{"lowerRight":{"x":1643,"y":1050},"upperLeft":{"x":0,"y":0}},"specialproperties":{"processsequence":{"type":"treeview"},"securitypolicy":{"type":"treeview"}},"outputmappingproperties":{"fields":{"type":"complex","placeholders":[]},"executionlistener":{"type":"complex","placeholders":[]},"dataproperties":{"type":"complex","placeholders":[]},"modelstatuselements":{"type":"formlist","placeholders":[]},"namespaces":{"type":"complex","placeholders":[]},"allowedhistoricvariables":{"type":"complex","placeholders":[]},"eventlisteners":{"type":"complex","placeholders":[]},"signaldefinitions":{"type":"complex","placeholders":[]},"messagedefinitions":{"type":"complex","placeholders":[]}},"properties":{"stencilid":"BPMNDiagram","stencilsuperid":"BPMNDiagram","stencilsuperids":["BPMNDiagram"],"customstencil":false,"executionlistener":"","notes":"","dataproperties":"","owner":"","owner-run":"","assignee":"","assignee-run":"","participantusers":"","participantusers-run":"","participantgroups":"","participantgroups-run":"","modelstatuselements":"","watcherusers":"","watcherusers-run":"","watchergroups":"","watchergroups-run":"","name":"CLE_P094 Export Collection Other Operations Manage Process","id":"CLE_P094","bgcolor":"#ffffff","documentation":"","fontsize":"12","fontweight":"normal","fontstyle":"normal","fontcolor":"#000000","labelexpression":"","name_en_us":"","name_it_it":"","name_es_es":"","name_fr_fr":"","name_de_de":"","name_i18n-key":"","guid":"PROCESS_MODEL-6bd9752d-0886-4e18-a577-bdc64aff78a2","author":"","language":"English","namespaces":"","creationdate":"2022-10-17T11:06:10.992Z","modificationdate":"2022-10-25T12:59:59.385Z","processsequence":"","processsequence-run":"","processsequencevariablename":"","processsequencevariablename-run":"","processinstancename":"","processinstancename_en_us":"","processinstancename_en_us-run":"","processinstancename_it_it":"","processinstancename_it_it-run":"","processinstancename_es_es":"","processinstancename_es_es-run":"","processinstancename_fr_fr":"","processinstancename_fr_fr-run":"","processinstancename_de_de":"","processinstancename_de_de-run":"","processinstancename-run":"","processinstancename_i18n-key":"","processinstancebusinessstatus":"","processinstancebusinessstatus-run":"","processinstancebusinesskey":"","processinstancebusinesskey-run":"","isprocessexecutable":true,"securitypolicy":"","allowedhistoricvariables":"","customfolderpath":"","comments-only-on-root":"","documents-only-on-root":"","process_potentialstarteruser":"","process_potentialstarteruser-run":"","process_potentialstartergroup":"flowableUser","process_potentialstartergroup-run":"","do-not-inherit-start-user-as-owner":"","do-not-inherit-start-user-as-assignee":"","process_namespace":"","process_historylevel":"","eventlisteners":"","signaldefinitions":"","messagedefinitions":"","iseagerexecutionfetch":false,"initiator":"","version":"","process_author":"","xmlTag":"BPMNDiagram","description":""},"ssextensions":[],"stencilset":{"url":"./app/editor_stencilset","paletteKey":"flowable-process-palette","namespace":"http://b3mn.org/stencilset/bpmn2.0#"}}}