{"id":"PROCESS_MODEL-b58834f2-8f13-4c97-95b7-cbb93f3fccf3","name":"CLE_P053 Export Collection Advance Modification Release Process","key":"CLE_P053","description":"","tenantId":"default","editorJson":{"resourceId":"editor_PROCESS_MODEL-b58834f2-8f13-4c97-95b7-cbb93f3fccf3","stencil":{"id":"BPMNDiagram"},"pathProperties":{},"pathMappingProperties":{},"xmlProperties":["processsequence","processsequence-run","processsequencevariablename","processsequencevariablename-run","processinstancename","processinstancename_en_us","processinstancename_en_us-run","processinstancename_it_it","processinstancename_it_it-run","processinstancename_es_es","processinstancename_es_es-run","processinstancename_fr_fr","processinstancename_fr_fr-run","processinstancename_de_de","processinstancename_de_de-run","processinstancename-run","processinstancename_i18n-key","processinstancebusinessstatus","processinstancebusinessstatus-run","processinstancebusinesskey","processinstancebusinesskey-run","process_namespace"],"childShapes":[{"resourceId":"startnoneevent1","stencil":{"id":"StartNoneEvent"},"pathProperties":{},"pathMappingProperties":{},"xmlProperties":["formproperties"],"childShapes":[],"bounds":{"lowerRight":{"x":147,"y":291},"upperLeft":{"x":117,"y":261}},"specialproperties":{"formreference":{"type":"treeview"},"workformreference":{"type":"treeview"}},"outputmappingproperties":{"formproperties":{"type":"formlist","placeholders":[]},"fields":{"type":"complex","placeholders":[]},"executionlistener":{"type":"complex","placeholders":[]},"workforminputmappings":{"type":"complex","placeholders":[]}},"properties":{"stencilid":"StartNoneEvent","stencilsuperid":"StartNoneEvent","stencilsuperids":["StartNoneEvent"],"customstencil":false,"formproperties":"","notes":"","interrupting":true,"bgcolor":"#ffffff","bordercolor":"#000000","executionlistener":"","name":"","name-run":"","id":"startnoneevent1","documentation":"","fontsize":"","fontweight":"","fontstyle":"","fontcolor":"#000000","async":false,"exclusive":true,"asyncleave":false,"trigger":"None","initiator":"initiator","formreference":"","samedeployment":true,"formfieldvalidation":false,"formfieldvalidation-run":"","workformreference":"","workformsamedeployment":true,"workformfieldvalidation":false,"workformfieldvalidation-run":"","workforminputmappingtype":"allowed","workforminputmappings":"","xmlTag":"StartNoneEvent"},"ssextensions":[],"outgoing":[{"resourceId":"sequenceFlow1"}],"dockers":[],"labels":[{"styles":{"fill":"#000000","size":"12","italic":false,"bold":false},"ref":"text_name"}]},{"resourceId":"endNoneEvent1","stencil":{"id":"EndNoneEvent"},"pathProperties":{},"pathMappingProperties":{},"xmlProperties":[],"childShapes":[],"bounds":{"lowerRight":{"x":1724,"y":290},"upperLeft":{"x":1696,"y":262}},"outputmappingproperties":{"fields":{"type":"complex","placeholders":[]},"executionlistener":{"type":"complex","placeholders":[]}},"properties":{"stencilid":"EndNoneEvent","stencilsuperid":"EndNoneEvent","stencilsuperids":["EndNoneEvent"],"customstencil":false,"bgcolor":"#ffffff","notes":"","bordercolor":"#000000","executionlistener":"","name":"","name-run":"","id":"endNoneEvent1","documentation":"","fontsize":"12","fontweight":"normal","fontstyle":"normal","fontcolor":"#000000","async":false,"exclusive":true,"asyncleave":false,"trigger":"None","terminateall":false,"xmlTag":"EndNoneEvent"},"ssextensions":[],"outgoing":[],"dockers":[],"labels":[{"styles":{"fill":"#000000","size":"12","italic":false,"bold":false},"ref":"text_name"}]},{"resourceId":"sequenceFlow1","stencil":{"id":"SequenceFlow"},"pathProperties":{},"pathMappingProperties":{},"xmlProperties":[],"childShapes":[],"bounds":{"lowerRight":{"x":209,"y":276},"upperLeft":{"x":147,"y":276}},"outputmappingproperties":{"fields":{"type":"complex","placeholders":[]},"executionlistener":{"type":"complex","placeholders":[]}},"properties":{"stencilid":"SequenceFlow","stencilsuperid":"SequenceFlow","stencilsuperids":["SequenceFlow"],"customstencil":false,"bordercolor":"#000000","notes":"","executionlistener":"","name":"","name-run":"","id":"sequenceFlow1","bgcolor":"#ffffff","documentation":"","fontsize":"12","fontweight":"normal","fontstyle":"normal","fontcolor":"#000000","conditionexpression":"","skipexpression":"","showdiamondmarker":false,"defaultflow":false,"xmlTag":"SequenceFlow"},"ssextensions":[],"outgoing":[{"resourceId":"exclusive_Databased_Gateway1"}],"dockers":[{"x":15,"y":15},{"x":20,"y":20}],"labels":[{"styles":{"fill":"#000000","size":"12","italic":false,"bold":false},"ref":"text_name"}],"target":{"resourceId":"exclusive_Databased_Gateway1"}},{"resourceId":"exclusive_Databased_Gateway1","stencil":{"id":"Exclusive_Databased_Gateway"},"pathProperties":{},"pathMappingProperties":{},"xmlProperties":[],"childShapes":[],"bounds":{"lowerRight":{"x":249,"y":296},"upperLeft":{"x":209,"y":256}},"properties":{"stencilid":"Exclusive_Databased_Gateway","stencilsuperid":"Exclusive_Databased_Gateway","stencilsuperids":["Exclusive_Databased_Gateway"],"customstencil":false,"includeinhistory":false,"notes":"","categories":"","sequencefloworder":"","bgcolor":"#ffffff","name":"","name-run":"","id":"exclusive_Databased_Gateway1","documentation":"","fontsize":"12","fontweight":"normal","fontstyle":"normal","fontcolor":"#000000","async":false,"exclusive":true,"asyncleave":false,"bordercolor":"#000000","gatewaytype":"XOR","xmlTag":"Exclusive_Databased_Gateway"},"ssextensions":[],"outgoing":[{"resourceId":"sequenceFlow2"}],"dockers":[],"labels":[{"styles":{"fill":"#000000","size":"12","italic":false,"bold":false},"ref":"text_name"}]},{"resourceId":"sequenceFlow2","stencil":{"id":"SequenceFlow"},"pathProperties":{},"pathMappingProperties":{},"xmlProperties":[],"childShapes":[],"bounds":{"lowerRight":{"x":284,"y":276},"upperLeft":{"x":249,"y":276}},"outputmappingproperties":{"fields":{"type":"complex","placeholders":[]},"executionlistener":{"type":"complex","placeholders":[]}},"properties":{"stencilid":"SequenceFlow","stencilsuperid":"SequenceFlow","stencilsuperids":["SequenceFlow"],"customstencil":false,"bordercolor":"#000000","notes":"","executionlistener":"","name":"","name-run":"","id":"sequenceFlow2","bgcolor":"#ffffff","documentation":"","fontsize":"12","fontweight":"normal","fontstyle":"normal","fontcolor":"#000000","conditionexpression":"","skipexpression":"","showdiamondmarker":false,"defaultflow":false,"xmlTag":"SequenceFlow"},"ssextensions":[],"outgoing":[{"resourceId":"variableActivity1"}],"dockers":[{"x":20,"y":20},{"x":50,"y":40}],"labels":[{"styles":{"fill":"#000000","size":"12","italic":false,"bold":false},"ref":"text_name"}],"target":{"resourceId":"variableActivity1"}},{"resourceId":"pagoNxtFormTask1","stencil":{"id":"FormTask"},"pathProperties":{},"pathMappingProperties":{},"xmlProperties":["loopvariableaggregation","exposetoobjectitems","exposeasmessageitems","formproperties"],"childShapes":[],"bounds":{"lowerRight":{"x":701,"y":316},"upperLeft":{"x":601,"y":236}},"specialproperties":{"form_entry":{"type":"treeview"},"securitypolicy":{"type":"treeview"}},"outputmappingproperties":{"loopvariableaggregation":{"type":"formlist","placeholders":[]},"fields":{"type":"complex","placeholders":[]},"executionlistener":{"type":"complex","placeholders":[]},"exposetoobjectitems":{"type":"complex","placeholders":[]},"exposeasmessageitems":{"type":"complex","placeholders":[]},"formproperties":{"type":"formlist","placeholders":[]},"genericproperty":{"type":"complex","placeholders":[]},"taskinputmappings":{"type":"complex","placeholders":[]},"tasklistener":{"type":"complex","placeholders":[]},"usertasklabels":{"type":"complex","placeholders":[]}},"properties":{"stencilid":"pagoNxtFormTask","stencilsuperid":"FormTask","stencilsuperids":["FormTask"],"customstencil":false,"includeinhistory":false,"notes":"","categories":"","looptype":"None","loopcollection":"","loopelementvariable":"","loopelementindexvariable":"loopCounter","loopcardinality":"","completioncondition":"","nowaitstatesasyncleave":"","loopvariableaggregation":"","isforcompensation":false,"executionlistener":"","exposetoobjectitems":"","async":false,"exclusive":true,"asyncleave":false,"exposeasmessageitems":"","customcaseviewheadersize":"sm","customcaseviewheadersize-run":"sm","formproperties":"","bordercolor":"#000000","tasktype":"FormTask","bgcolor":"#ffffff","guid":"","skipexpression":"","owner":"","owner-run":"","assignee":"","assignee-run":"","candidateusers":"","candidateusers-run":"","candidategroups":"BOI_01_User","candidategroups-run":"BOI_01_User","participantusers":"","participantusers-run":"","participantgroups":"","participantgroups-run":"","watcherusers":"","watcherusers-run":"","watchergroups":"","watchergroups-run":"","name":"Release Request | ${root.operation.code}","name-run":"Release Request | ${root.operation.code}","id":"pagoNxtFormTask1","documentation":"","fontsize":"12","fontweight":"normal","fontstyle":"normal","fontcolor":"#000000","genericproperty":"","priority":"","duedate":"","categorydefinition":"RELEASE","candidatestype":"all","name_en_us":"Release Request | ${root.operation.code}","name_en_us-run":"Release Request | ${root.operation.code}","name_it_it":"","name_it_it-run":"","name_es_es":"Liberar Solicitud | ${root.operation.code}","name_es_es-run":"Liberar Solicitud | ${root.operation.code}","name_fr_fr":"","name_fr_fr-run":"","name_de_de":"","name_de_de-run":"","name_i18n-key":"releaseAdvanceModification.pagonxtUserTask.name","form_entry":{"id":"FORM_MODEL-752b6abe-80e7-4e64-a048-0aeab6d6aafa","key":"CLE_F096"},"samedeployment":true,"formfieldvalidation":true,"formfieldvalidation-run":"","taskidvariablename":"releaseTaskId","securitypolicy":"","exposetocaseview":true,"elementlabel":"","elementlabel_en_us":"","elementlabel_it_it":"","elementlabel_es_es":"","elementlabel_fr_fr":"","elementlabel_de_de":"","elementlabel_i18n-key":"","elementicon":"clipboard-list/regular","elementindex":"10","activestaterendering":"fullAccess","completedstaterendering":"hidden","taskinputmappingtype":"allowed","taskinputmappings":"","tasklistener":"","customfolderpath":"","disalloweduserexpression":"${manageModificationCompletionUser}","completionuservariable":"","usertasklabels":"","categoryl1":"RELEASE_TASK","categoryl2":"","categoryl3":"","xmlTag":"FormTask"},"ssextensions":[],"outgoing":[{"resourceId":"sequenceFlow3"}],"dockers":[],"labels":[{"styles":{"fill":"#000000","size":"12","italic":false,"bold":false},"ref":"text_name"}]},{"resourceId":"sequenceFlow3","stencil":{"id":"SequenceFlow"},"pathProperties":{},"pathMappingProperties":{},"xmlProperties":[],"childShapes":[],"bounds":{"lowerRight":{"x":746,"y":276},"upperLeft":{"x":701,"y":276}},"outputmappingproperties":{"fields":{"type":"complex","placeholders":[]},"executionlistener":{"type":"complex","placeholders":[]}},"properties":{"stencilid":"SequenceFlow","stencilsuperid":"SequenceFlow","stencilsuperids":["SequenceFlow"],"customstencil":false,"bordercolor":"#000000","notes":"","executionlistener":"","name":"","name-run":"","id":"sequenceFlow3","bgcolor":"#ffffff","documentation":"","fontsize":"12","fontweight":"normal","fontstyle":"normal","fontcolor":"#000000","conditionexpression":"","skipexpression":"","showdiamondmarker":false,"defaultflow":false,"xmlTag":"SequenceFlow"},"ssextensions":[],"outgoing":[{"resourceId":"callActivity1"}],"dockers":[{"x":50,"y":40},{"x":50,"y":40}],"labels":[{"styles":{"fill":"#000000","size":"12","italic":false,"bold":false},"ref":"text_name"}],"target":{"resourceId":"callActivity1"}},{"resourceId":"variableActivity1","stencil":{"id":"ServiceTask"},"pathProperties":{},"pathMappingProperties":{},"xmlProperties":["loopvariableaggregation","initvariablemap","overwrite","overwrite-run"],"childShapes":[],"bounds":{"lowerRight":{"x":385,"y":316},"upperLeft":{"x":285,"y":236}},"outputmappingproperties":{"loopvariableaggregation":{"type":"formlist","placeholders":[]},"fields":{"type":"complex","placeholders":[]},"executionlistener":{"type":"complex","placeholders":[]},"classfields":{"type":"complex","placeholders":[]},"exceptionmappings":{"type":"complex","placeholders":[]}},"properties":{"stencilid":"VariableActivity","stencilsuperid":"ServiceTask","stencilsuperids":["ServiceTask"],"customstencil":false,"includeinhistory":false,"notes":"","categories":"","looptype":"None","loopcollection":"","loopelementvariable":"","loopelementindexvariable":"loopCounter","loopcardinality":"","completioncondition":"","nowaitstatesasyncleave":"","loopvariableaggregation":"","tasktype":"Service","bgcolor":"#ffffff","guid":"","skipexpression":"","isforcompensation":false,"expression":"","delegateexpression":"${initVariablesService}","resultvariable":"","class":"","executionlistener":"","bordercolor":"#000000","async":false,"exclusive":true,"asyncleave":false,"name":"Initialize release actions","name-run":"Initialize release actions","id":"variableActivity1","documentation":"","fontsize":"12","fontweight":"normal","fontstyle":"normal","fontcolor":"#000000","classfields":"","servicetasktriggerable":false,"servicetaskstoreresultvariabletransient":"","servicetaskuselocalscopeforresultvariable":false,"exceptionmappings":"","servicetaskfailedjobretrytimecycle":"","initvariablemap":{"totalCount":12,"items":[{"target":"","name":"releaseAdvanceModificationAction","valueExpression":"${null}"},{"target":"","name":"rleleaseOutcome","valueExpression":"${null}"},{"target":"","name":"releaseComment","valueExpression":"${null}"},{"target":"","name":"languageCode","valueExpression":"${languageCodeExpressions.getByCountry(root.operation.country)}"},{"target":"","name":"returnReason","valueExpression":"${null}"},{"target":"","name":"deferReason","valueExpression":"${null}"},{"target":"","name":"customerCode","valueExpression":"${root.operation.customerCode}"},{"target":"","name":"officeCode","valueExpression":"${root.operation.office}"},{"target":"","name":"middleOfficeCode","valueExpression":"${root.operation.middleOffice}"},{"target":"","name":"root.operation.displayedStatus","valueType":"string","value":"IN_PROGRESS"},{"target":"","name":"completeInfoOutcome","valueExpression":"${null}"},{"target":"","name":"requesterId","valueExpression":"${root.operation.requesterId}"}]},"overwrite":true,"overwrite-run":"","genericproperty":"","xmlTag":"ServiceTask"},"ssextensions":[],"outgoing":[{"resourceId":"sequenceFlow4"}],"dockers":[],"labels":[{"styles":{"fill":"#000000","size":"12","italic":false,"bold":false},"ref":"text_name"}]},{"resourceId":"sequenceFlow4","stencil":{"id":"SequenceFlow"},"pathProperties":{},"pathMappingProperties":{},"xmlProperties":[],"childShapes":[],"bounds":{"lowerRight":{"x":433,"y":276},"upperLeft":{"x":385,"y":276}},"outputmappingproperties":{"fields":{"type":"complex","placeholders":[]},"executionlistener":{"type":"complex","placeholders":[]}},"properties":{"stencilid":"SequenceFlow","stencilsuperid":"SequenceFlow","stencilsuperids":["SequenceFlow"],"customstencil":false,"bordercolor":"#000000","notes":"","executionlistener":"","name":"","name-run":"","id":"sequenceFlow4","bgcolor":"#ffffff","documentation":"","fontsize":"12","fontweight":"normal","fontstyle":"normal","fontcolor":"#000000","conditionexpression":"","skipexpression":"","showdiamondmarker":false,"defaultflow":false,"xmlTag":"SequenceFlow"},"ssextensions":[],"outgoing":[{"resourceId":"dmnTask1"}],"dockers":[{"x":50,"y":40},{"x":50,"y":40}],"labels":[{"styles":{"fill":"#000000","size":"12","italic":false,"bold":false},"ref":"text_name"}],"target":{"resourceId":"dmnTask1"}},{"resourceId":"callActivity1","stencil":{"id":"CallActivity"},"pathProperties":{},"pathMappingProperties":{},"xmlProperties":["loopvariableaggregation"],"childShapes":[],"bounds":{"lowerRight":{"x":847,"y":316},"upperLeft":{"x":747,"y":236}},"specialproperties":{"entry":{"type":"treeview"}},"outputmappingproperties":{"dataproperties":{"type":"complex","placeholders":[]},"loopvariableaggregation":{"type":"formlist","placeholders":[]},"fields":{"type":"complex","placeholders":[]},"executionlistener":{"type":"complex","placeholders":[]},"in":{"type":"complex","placeholders":[]},"out":{"type":"complex","placeholders":[]},"exceptionmappings":{"type":"complex","placeholders":[]}},"properties":{"stencilid":"CallActivity","stencilsuperid":"CallActivity","stencilsuperids":["CallActivity"],"customstencil":false,"dataproperties":"","notes":"","includeinhistory":false,"categories":"","looptype":"None","loopcollection":"","loopelementvariable":"","loopelementindexvariable":"loopCounter","loopcardinality":"","completioncondition":"","nowaitstatesasyncleave":"","loopvariableaggregation":"","isforcompensation":false,"bgcolor":"#ffffff","bordercolor":"#000000","executionlistener":"","async":false,"exclusive":true,"asyncleave":false,"name":"Add new comment","name-run":"Add new comment","id":"callActivity1","documentation":"","fontsize":"12","fontweight":"normal","fontstyle":"normal","fontcolor":"#000000","in":{"totalCount":5,"items":[{"source":"releaseTaskId","sourceExpression":"","target":"taskId"},{"source":"releaseAdvanceModificationAction","sourceExpression":"","target":"action"},{"source":"","sourceExpression":"${releaseAdvanceModificationAction == 'BACK'?dataObjectRuntimeService.createMasterDataInstanceQuery().key(retrocessionReason).includeTranslations().definitionKey(\"md-cle-advance-modification-retrocession-reason\").singleResult().getTranslations().get(languageCodeExpressions.getByCountry(root.operation.country)).get(\"name\"):null}","target":"reason"},{"source":"releaseComment","sourceExpression":"","target":"content"},{"source":"","sourceExpression":"${true}","target":"visibleForClient"}]},"out":"","subprocesstype":"Embedded","istransaction":false,"transactionmethod":"compensate","activitytype":"Sub-Process","samedeployment":true,"entry":{"id":"PROCESS_MODEL-6b6e3386-8a88-4f66-98d3-0d86ffdb34b0","key":"PGN_P002"},"entry-run":"","process-instance-name":"","callactivityinheritvariables":false,"callactivitybusinesskey":"","callactivityinheritbusinesskey":false,"callactivityuselocalscopeforoutparameters":false,"callactivitycompleteasync":false,"fallback-to-default-tenant":true,"callactivityidvariablename":"","exceptionmappings":"","xmlTag":"CallActivity"},"ssextensions":[],"outgoing":[{"resourceId":"sequenceFlow5"}],"dockers":[],"labels":[{"styles":{"fill":"#000000","size":"12","italic":false,"bold":false},"ref":"text_name"},{"styles":{"fill":"#000000","size":"12","italic":false,"bold":false},"ref":"_oryx_460EEFBD-ED57-45CD-8A32-F9822C1DBDAF_23"}]},{"resourceId":"sequenceFlow5","stencil":{"id":"SequenceFlow"},"pathProperties":{},"pathMappingProperties":{},"xmlProperties":[],"childShapes":[],"bounds":{"lowerRight":{"x":924,"y":276},"upperLeft":{"x":847,"y":276}},"outputmappingproperties":{"fields":{"type":"complex","placeholders":[]},"executionlistener":{"type":"complex","placeholders":[]}},"properties":{"stencilid":"SequenceFlow","stencilsuperid":"SequenceFlow","stencilsuperids":["SequenceFlow"],"customstencil":false,"bordercolor":"#000000","notes":"","executionlistener":"","name":"","name-run":"","id":"sequenceFlow5","bgcolor":"#ffffff","documentation":"","fontsize":"12","fontweight":"normal","fontstyle":"normal","fontcolor":"#000000","conditionexpression":"","skipexpression":"","showdiamondmarker":false,"defaultflow":false,"xmlTag":"SequenceFlow"},"ssextensions":[],"outgoing":[{"resourceId":"exclusive_Databased_Gateway2"}],"dockers":[{"x":50,"y":40},{"x":20,"y":20}],"labels":[{"styles":{"fill":"#000000","size":"12","italic":false,"bold":false},"ref":"text_name"}],"target":{"resourceId":"exclusive_Databased_Gateway2"}},{"resourceId":"exclusive_Databased_Gateway2","stencil":{"id":"Exclusive_Databased_Gateway"},"pathProperties":{},"pathMappingProperties":{},"xmlProperties":[],"childShapes":[],"bounds":{"lowerRight":{"x":964,"y":296},"upperLeft":{"x":924,"y":256}},"properties":{"stencilid":"Exclusive_Databased_Gateway","stencilsuperid":"Exclusive_Databased_Gateway","stencilsuperids":["Exclusive_Databased_Gateway"],"customstencil":false,"includeinhistory":false,"notes":"","categories":"","sequencefloworder":"","bgcolor":"#ffffff","name":"release action?","name-run":"release action?","id":"exclusive_Databased_Gateway2","documentation":"","fontsize":"12","fontweight":"normal","fontstyle":"normal","fontcolor":"#000000","async":false,"exclusive":true,"asyncleave":false,"bordercolor":"#000000","gatewaytype":"XOR","xmlTag":"Exclusive_Databased_Gateway"},"ssextensions":[],"outgoing":[{"resourceId":"sequenceFlow6"},{"resourceId":"sequenceFlow9"},{"resourceId":"sequenceFlow15"}],"dockers":[],"labels":[{"x":36.734375,"y":-12,"ref":"text_name"},{"styles":{"fill":"#000000","size":"12","italic":false,"bold":false},"ref":"text_name"}]},{"resourceId":"sequenceFlow6","stencil":{"id":"SequenceFlow"},"pathProperties":{},"pathMappingProperties":{},"xmlProperties":[],"childShapes":[],"bounds":{"lowerRight":{"x":1440,"y":276},"upperLeft":{"x":964,"y":276}},"outputmappingproperties":{"fields":{"type":"complex","placeholders":[]},"executionlistener":{"type":"complex","placeholders":[]}},"properties":{"stencilid":"SequenceFlow","stencilsuperid":"SequenceFlow","stencilsuperids":["SequenceFlow"],"customstencil":false,"bordercolor":"#000000","notes":"","executionlistener":"","name":"","name-run":"","id":"sequenceFlow6","bgcolor":"#ffffff","documentation":"","fontsize":"12","fontweight":"normal","fontstyle":"normal","fontcolor":"#000000","conditionexpression":"","skipexpression":"","showdiamondmarker":false,"defaultflow":true,"xmlTag":"SequenceFlow"},"ssextensions":[],"outgoing":[{"resourceId":"variableActivity2"}],"dockers":[{"x":20,"y":20},{"x":50,"y":40}],"labels":[{"styles":{"fill":"#000000","size":"12","italic":false,"bold":false},"ref":"text_name"}],"target":{"resourceId":"variableActivity2"}},{"resourceId":"variableActivity2","stencil":{"id":"ServiceTask"},"pathProperties":{},"pathMappingProperties":{},"xmlProperties":["loopvariableaggregation","initvariablemap","overwrite","overwrite-run"],"childShapes":[],"bounds":{"lowerRight":{"x":1541,"y":316},"upperLeft":{"x":1441,"y":236}},"outputmappingproperties":{"loopvariableaggregation":{"type":"formlist","placeholders":[]},"fields":{"type":"complex","placeholders":[]},"executionlistener":{"type":"complex","placeholders":[]},"classfields":{"type":"complex","placeholders":[]},"exceptionmappings":{"type":"complex","placeholders":[]}},"properties":{"stencilid":"VariableActivity","stencilsuperid":"ServiceTask","stencilsuperids":["ServiceTask"],"customstencil":false,"includeinhistory":false,"notes":"","categories":"","looptype":"None","loopcollection":"","loopelementvariable":"","loopelementindexvariable":"loopCounter","loopcardinality":"","completioncondition":"","nowaitstatesasyncleave":"","loopvariableaggregation":"","tasktype":"Service","bgcolor":"#ffffff","guid":"","skipexpression":"","isforcompensation":false,"expression":"","delegateexpression":"${initVariablesService}","resultvariable":"","class":"","executionlistener":"","bordercolor":"#000000","async":false,"exclusive":true,"asyncleave":false,"name":"Set release outcome","name-run":"Set release outcome","id":"variableActivity2","documentation":"","fontsize":"12","fontweight":"normal","fontstyle":"normal","fontcolor":"#000000","classfields":"","servicetasktriggerable":false,"servicetaskstoreresultvariabletransient":"","servicetaskuselocalscopeforresultvariable":false,"exceptionmappings":"","servicetaskfailedjobretrytimecycle":"","initvariablemap":{"totalCount":1,"items":[{"target":"","name":"releaseOutcome","valueExpression":"${releaseAdvanceModificationAction}"}]},"overwrite":true,"overwrite-run":"","genericproperty":"","xmlTag":"ServiceTask"},"ssextensions":[],"outgoing":[{"resourceId":"sequenceFlow7"}],"dockers":[],"labels":[{"styles":{"fill":"#000000","size":"12","italic":false,"bold":false},"ref":"text_name"}]},{"resourceId":"sequenceFlow7","stencil":{"id":"SequenceFlow"},"pathProperties":{},"pathMappingProperties":{},"xmlProperties":[],"childShapes":[],"bounds":{"lowerRight":{"x":1606,"y":276},"upperLeft":{"x":1541,"y":276}},"outputmappingproperties":{"fields":{"type":"complex","placeholders":[]},"executionlistener":{"type":"complex","placeholders":[]}},"properties":{"stencilid":"SequenceFlow","stencilsuperid":"SequenceFlow","stencilsuperids":["SequenceFlow"],"customstencil":false,"bordercolor":"#000000","notes":"","executionlistener":"","name":"","name-run":"","id":"sequenceFlow7","bgcolor":"#ffffff","documentation":"","fontsize":"12","fontweight":"normal","fontstyle":"normal","fontcolor":"#000000","conditionexpression":"","skipexpression":"","showdiamondmarker":false,"defaultflow":false,"xmlTag":"SequenceFlow"},"ssextensions":[],"outgoing":[{"resourceId":"exclusive_Databased_Gateway3"}],"dockers":[{"x":50,"y":40},{"x":20,"y":20}],"labels":[{"styles":{"fill":"#000000","size":"12","italic":false,"bold":false},"ref":"text_name"}],"target":{"resourceId":"exclusive_Databased_Gateway3"}},{"resourceId":"exclusive_Databased_Gateway3","stencil":{"id":"Exclusive_Databased_Gateway"},"pathProperties":{},"pathMappingProperties":{},"xmlProperties":[],"childShapes":[],"bounds":{"lowerRight":{"x":1646,"y":296},"upperLeft":{"x":1606,"y":256}},"properties":{"stencilid":"Exclusive_Databased_Gateway","stencilsuperid":"Exclusive_Databased_Gateway","stencilsuperids":["Exclusive_Databased_Gateway"],"customstencil":false,"includeinhistory":false,"notes":"","categories":"","sequencefloworder":"","bgcolor":"#ffffff","name":"","name-run":"","id":"exclusive_Databased_Gateway3","documentation":"","fontsize":"12","fontweight":"normal","fontstyle":"normal","fontcolor":"#000000","async":false,"exclusive":true,"asyncleave":false,"bordercolor":"#000000","gatewaytype":"XOR","xmlTag":"Exclusive_Databased_Gateway"},"ssextensions":[],"outgoing":[{"resourceId":"sequenceFlow8"}],"dockers":[],"labels":[{"styles":{"fill":"#000000","size":"12","italic":false,"bold":false},"ref":"text_name"}]},{"resourceId":"sequenceFlow8","stencil":{"id":"SequenceFlow"},"pathProperties":{},"pathMappingProperties":{},"xmlProperties":[],"childShapes":[],"bounds":{"lowerRight":{"x":1695,"y":276},"upperLeft":{"x":1646,"y":276}},"outputmappingproperties":{"fields":{"type":"complex","placeholders":[]},"executionlistener":{"type":"complex","placeholders":[]}},"properties":{"stencilid":"SequenceFlow","stencilsuperid":"SequenceFlow","stencilsuperids":["SequenceFlow"],"customstencil":false,"bordercolor":"#000000","notes":"","executionlistener":"","name":"","name-run":"","id":"sequenceFlow8","bgcolor":"#ffffff","documentation":"","fontsize":"12","fontweight":"normal","fontstyle":"normal","fontcolor":"#000000","conditionexpression":"","skipexpression":"","showdiamondmarker":false,"defaultflow":false,"xmlTag":"SequenceFlow"},"ssextensions":[],"outgoing":[{"resourceId":"endNoneEvent1"}],"dockers":[{"x":20,"y":20},{"x":14,"y":14}],"labels":[{"styles":{"fill":"#000000","size":"12","italic":false,"bold":false},"ref":"text_name"}],"target":{"resourceId":"endNoneEvent1"}},{"resourceId":"variableActivity3","stencil":{"id":"ServiceTask"},"pathProperties":{},"pathMappingProperties":{},"xmlProperties":["loopvariableaggregation","initvariablemap","overwrite","overwrite-run"],"childShapes":[],"bounds":{"lowerRight":{"x":1541,"y":170},"upperLeft":{"x":1441,"y":90}},"outputmappingproperties":{"loopvariableaggregation":{"type":"formlist","placeholders":[]},"fields":{"type":"complex","placeholders":[]},"executionlistener":{"type":"complex","placeholders":[]},"classfields":{"type":"complex","placeholders":[]},"exceptionmappings":{"type":"complex","placeholders":[]}},"properties":{"stencilid":"VariableActivity","stencilsuperid":"ServiceTask","stencilsuperids":["ServiceTask"],"customstencil":false,"includeinhistory":false,"notes":"","categories":"","looptype":"None","loopcollection":"","loopelementvariable":"","loopelementindexvariable":"loopCounter","loopcardinality":"","completioncondition":"","nowaitstatesasyncleave":"","loopvariableaggregation":"","tasktype":"Service","bgcolor":"#ffffff","guid":"","skipexpression":"","isforcompensation":false,"expression":"","delegateexpression":"${initVariablesService}","resultvariable":"","class":"","executionlistener":"","bordercolor":"#000000","async":false,"exclusive":true,"asyncleave":false,"name":"Initialize variables","name-run":"Initialize variables","id":"variableActivity3","documentation":"","fontsize":"12","fontweight":"normal","fontstyle":"normal","fontcolor":"#000000","classfields":"","servicetasktriggerable":false,"servicetaskstoreresultvariabletransient":"","servicetaskuselocalscopeforresultvariable":false,"exceptionmappings":"","servicetaskfailedjobretrytimecycle":"","initvariablemap":{"totalCount":1,"items":[{"target":"","name":"releaseOutcome","valueExpression":"${deferedTaskAction}"}]},"overwrite":true,"overwrite-run":"","genericproperty":"","xmlTag":"ServiceTask"},"ssextensions":[],"outgoing":[{"resourceId":"sequenceFlow19"}],"dockers":[],"labels":[{"styles":{"fill":"#000000","size":"12","italic":false,"bold":false},"ref":"text_name"}]},{"resourceId":"variableActivity4","stencil":{"id":"ServiceTask"},"pathProperties":{},"pathMappingProperties":{},"xmlProperties":["loopvariableaggregation","initvariablemap","overwrite","overwrite-run"],"childShapes":[],"bounds":{"lowerRight":{"x":1541,"y":470},"upperLeft":{"x":1441,"y":390}},"outputmappingproperties":{"loopvariableaggregation":{"type":"formlist","placeholders":[]},"fields":{"type":"complex","placeholders":[]},"executionlistener":{"type":"complex","placeholders":[]},"classfields":{"type":"complex","placeholders":[]},"exceptionmappings":{"type":"complex","placeholders":[]}},"properties":{"stencilid":"VariableActivity","stencilsuperid":"ServiceTask","stencilsuperids":["ServiceTask"],"customstencil":false,"includeinhistory":false,"notes":"","categories":"","looptype":"None","loopcollection":"","loopelementvariable":"","loopelementindexvariable":"loopCounter","loopcardinality":"","completioncondition":"","nowaitstatesasyncleave":"","loopvariableaggregation":"","tasktype":"Service","bgcolor":"#ffffff","guid":"","skipexpression":"","isforcompensation":false,"expression":"","delegateexpression":"${initVariablesService}","resultvariable":"","class":"","executionlistener":"","bordercolor":"#000000","async":false,"exclusive":true,"asyncleave":false,"name":"Initialize variables","name-run":"Initialize variables","id":"variableActivity4","documentation":"","fontsize":"12","fontweight":"normal","fontstyle":"normal","fontcolor":"#000000","classfields":"","servicetasktriggerable":false,"servicetaskstoreresultvariabletransient":"","servicetaskuselocalscopeforresultvariable":false,"exceptionmappings":"","servicetaskfailedjobretrytimecycle":"","initvariablemap":{"totalCount":1,"items":[{"target":"","name":"releaseOutcome","valueExpression":"${completeInfoOutcome}"}]},"overwrite":true,"overwrite-run":"","genericproperty":"","xmlTag":"ServiceTask"},"ssextensions":[],"outgoing":[{"resourceId":"sequenceFlow20"}],"dockers":[],"labels":[{"styles":{"fill":"#000000","size":"12","italic":false,"bold":false},"ref":"text_name"}]},{"resourceId":"pagoNxtFormTask2","stencil":{"id":"FormTask"},"pathProperties":{},"pathMappingProperties":{},"xmlProperties":["loopvariableaggregation","exposetoobjectitems","exposeasmessageitems","formproperties"],"childShapes":[],"bounds":{"lowerRight":{"x":1076,"y":170},"upperLeft":{"x":976,"y":90}},"specialproperties":{"form_entry":{"type":"treeview"},"securitypolicy":{"type":"treeview"}},"outputmappingproperties":{"loopvariableaggregation":{"type":"formlist","placeholders":[]},"fields":{"type":"complex","placeholders":[]},"executionlistener":{"type":"complex","placeholders":[]},"exposetoobjectitems":{"type":"complex","placeholders":[]},"exposeasmessageitems":{"type":"complex","placeholders":[]},"formproperties":{"type":"formlist","placeholders":[]},"genericproperty":{"type":"complex","placeholders":[]},"taskinputmappings":{"type":"complex","placeholders":[]},"tasklistener":{"type":"complex","placeholders":[]},"usertasklabels":{"type":"complex","placeholders":[]}},"properties":{"stencilid":"pagoNxtFormTask","stencilsuperid":"FormTask","stencilsuperids":["FormTask"],"customstencil":false,"includeinhistory":false,"notes":"","categories":"","looptype":"None","loopcollection":"","loopelementvariable":"","loopelementindexvariable":"loopCounter","loopcardinality":"","completioncondition":"","nowaitstatesasyncleave":"","loopvariableaggregation":"","isforcompensation":false,"executionlistener":"","exposetoobjectitems":"","async":false,"exclusive":true,"asyncleave":false,"exposeasmessageitems":"","customcaseviewheadersize":"sm","customcaseviewheadersize-run":"sm","formproperties":"","bordercolor":"#000000","tasktype":"FormTask","bgcolor":"#ffffff","guid":"","skipexpression":"","owner":"","owner-run":"","assignee":"","assignee-run":"","candidateusers":"","candidateusers-run":"","candidategroups":"BOI_01_User","candidategroups-run":"BOI_01_User","participantusers":"","participantusers-run":"","participantgroups":"","participantgroups-run":"","watcherusers":"","watcherusers-run":"","watchergroups":"","watchergroups-run":"","name":"Release Request (${deferReason.name}) | ${root.operation.code}","name-run":"Release Request (${deferReason.name}) | ${root.operation.code}","id":"pagoNxtFormTask2","documentation":"","fontsize":"12","fontweight":"normal","fontstyle":"normal","fontcolor":"#000000","genericproperty":"","priority":"","duedate":"","categorydefinition":"DEFERED_RELEASE","candidatestype":"all","name_en_us":"Release Request (${deferReason.name}) | ${root.operation.code}","name_en_us-run":"Release Request (${deferReason.name}) | ${root.operation.code}","name_it_it":"","name_it_it-run":"","name_es_es":"Liberar Solicitud (${deferReason.translations.es_es.name}) | ${root.operation.code}","name_es_es-run":"Liberar Solicitud (${deferReason.translations.es_es.name}) | ${root.operation.code}","name_fr_fr":"","name_fr_fr-run":"","name_de_de":"","name_de_de-run":"","name_i18n-key":"","form_entry":{"id":"FORM_MODEL-0ee088f6-786a-4ba2-a36b-aaa50c3b630b","key":"CLE_F090"},"samedeployment":true,"formfieldvalidation":false,"formfieldvalidation-run":"","taskidvariablename":"deferedTaskId","securitypolicy":"","exposetocaseview":true,"elementlabel":"","elementlabel_en_us":"","elementlabel_it_it":"","elementlabel_es_es":"","elementlabel_fr_fr":"","elementlabel_de_de":"","elementlabel_i18n-key":"","elementicon":"clipboard-list/regular","elementindex":"10","activestaterendering":"fullAccess","completedstaterendering":"hidden","taskinputmappingtype":"allowed","taskinputmappings":"","tasklistener":"","customfolderpath":"","disalloweduserexpression":"","completionuservariable":"","usertasklabels":"","categoryl1":"DEFERED_TASK","categoryl2":"","categoryl3":"","xmlTag":"FormTask"},"ssextensions":[],"outgoing":[{"resourceId":"intermediateTimerEventBoundary1"},{"resourceId":"sequenceFlow11"}],"dockers":[],"labels":[{"styles":{"fill":"#000000","size":"12","italic":false,"bold":false},"ref":"text_name"}]},{"resourceId":"sequenceFlow9","stencil":{"id":"SequenceFlow"},"pathProperties":{},"pathMappingProperties":{},"xmlProperties":[],"childShapes":[],"bounds":{"lowerRight":{"x":975,"y":255},"upperLeft":{"x":944,"y":130}},"outputmappingproperties":{"fields":{"type":"complex","placeholders":[]},"executionlistener":{"type":"complex","placeholders":[]}},"properties":{"stencilid":"SequenceFlow","stencilsuperid":"SequenceFlow","stencilsuperids":["SequenceFlow"],"customstencil":false,"bordercolor":"#000000","notes":"","executionlistener":"","name":"defer","name-run":"defer","id":"sequenceFlow9","bgcolor":"#ffffff","documentation":"","fontsize":"12","fontweight":"normal","fontstyle":"normal","fontcolor":"#000000","conditionexpression":{"children":[{"sourceValue":{"name":"releaseAdvanceModificationAction","variableType":"variable"},"operator":"equals","targetValue":{"value":"DEFER","type":"string","variableType":"value"}}],"match":"all"},"skipexpression":"","showdiamondmarker":false,"defaultflow":false,"xmlTag":"SequenceFlow"},"ssextensions":[],"outgoing":[{"resourceId":"pagoNxtFormTask2"}],"dockers":[{"x":20.5,"y":20.5},{"x":944.5,"y":130},{"x":50,"y":40}],"labels":[{"styles":{"fill":"#000000","size":"12","italic":false,"bold":false},"ref":"text_name"}],"target":{"resourceId":"pagoNxtFormTask2"}},{"resourceId":"sequenceFlow10","stencil":{"id":"SequenceFlow"},"pathProperties":{},"pathMappingProperties":{},"xmlProperties":[],"childShapes":[],"bounds":{"lowerRight":{"x":990,"y":256},"upperLeft":{"x":229,"y":46}},"outputmappingproperties":{"fields":{"type":"complex","placeholders":[]},"executionlistener":{"type":"complex","placeholders":[]}},"properties":{"stencilid":"SequenceFlow","stencilsuperid":"SequenceFlow","stencilsuperids":["SequenceFlow"],"customstencil":false,"bordercolor":"#000000","notes":"","executionlistener":"","name":"","name-run":"","id":"sequenceFlow10","bgcolor":"#ffffff","documentation":"","fontsize":"12","fontweight":"normal","fontstyle":"normal","fontcolor":"#000000","conditionexpression":"","skipexpression":"","showdiamondmarker":false,"defaultflow":false,"xmlTag":"SequenceFlow"},"ssextensions":[],"outgoing":[{"resourceId":"exclusive_Databased_Gateway1"}],"dockers":[{"x":15,"y":15},{"x":990,"y":46},{"x":229,"y":46},{"x":20,"y":20}],"labels":[{"styles":{"fill":"#000000","size":"12","italic":false,"bold":false},"ref":"text_name"}],"target":{"resourceId":"exclusive_Databased_Gateway1"}},{"resourceId":"callActivity2","stencil":{"id":"CallActivity"},"pathProperties":{},"pathMappingProperties":{},"xmlProperties":["loopvariableaggregation"],"childShapes":[],"bounds":{"lowerRight":{"x":1226,"y":170},"upperLeft":{"x":1126,"y":90}},"specialproperties":{"entry":{"type":"treeview"}},"outputmappingproperties":{"dataproperties":{"type":"complex","placeholders":[]},"loopvariableaggregation":{"type":"formlist","placeholders":[]},"fields":{"type":"complex","placeholders":[]},"executionlistener":{"type":"complex","placeholders":[]},"in":{"type":"complex","placeholders":[]},"out":{"type":"complex","placeholders":[]},"exceptionmappings":{"type":"complex","placeholders":[]}},"properties":{"stencilid":"CallActivity","stencilsuperid":"CallActivity","stencilsuperids":["CallActivity"],"customstencil":false,"dataproperties":"","notes":"","includeinhistory":false,"categories":"","looptype":"None","loopcollection":"","loopelementvariable":"","loopelementindexvariable":"loopCounter","loopcardinality":"","completioncondition":"","nowaitstatesasyncleave":"","loopvariableaggregation":"","isforcompensation":false,"bgcolor":"#ffffff","bordercolor":"#000000","executionlistener":"","async":false,"exclusive":true,"asyncleave":false,"name":"Add new comment","name-run":"Add new comment","id":"callActivity2","documentation":"","fontsize":"12","fontweight":"normal","fontstyle":"normal","fontcolor":"#000000","in":{"totalCount":5,"items":[{"source":"deferedTaskId","sourceExpression":"","target":"taskId"},{"source":"deferedTaskAction","sourceExpression":"","target":"action"},{"source":"","sourceExpression":"${null}","target":"reason"},{"source":"deferedTaskComment","sourceExpression":"","target":"content"},{"source":"","sourceExpression":"${true}","target":"visibleForClient"}]},"out":"","subprocesstype":"Embedded","istransaction":false,"transactionmethod":"compensate","activitytype":"Sub-Process","samedeployment":true,"entry":{"id":"PROCESS_MODEL-6b6e3386-8a88-4f66-98d3-0d86ffdb34b0","key":"PGN_P002"},"entry-run":"","process-instance-name":"","callactivityinheritvariables":false,"callactivitybusinesskey":"","callactivityinheritbusinesskey":false,"callactivityuselocalscopeforoutparameters":false,"callactivitycompleteasync":false,"fallback-to-default-tenant":true,"callactivityidvariablename":"","exceptionmappings":"","xmlTag":"CallActivity"},"ssextensions":[],"outgoing":[{"resourceId":"sequenceFlow12"}],"dockers":[],"labels":[{"styles":{"fill":"#000000","size":"12","italic":false,"bold":false},"ref":"text_name"},{"styles":{"fill":"#000000","size":"12","italic":false,"bold":false},"ref":"_oryx_B4D2ED0E-CB0F-4FD1-9E7B-0A4BA754FC1A_23"}]},{"resourceId":"sequenceFlow11","stencil":{"id":"SequenceFlow"},"pathProperties":{},"pathMappingProperties":{},"xmlProperties":[],"childShapes":[],"bounds":{"lowerRight":{"x":1125,"y":130},"upperLeft":{"x":1076,"y":130}},"outputmappingproperties":{"fields":{"type":"complex","placeholders":[]},"executionlistener":{"type":"complex","placeholders":[]}},"properties":{"stencilid":"SequenceFlow","stencilsuperid":"SequenceFlow","stencilsuperids":["SequenceFlow"],"customstencil":false,"bordercolor":"#000000","notes":"","executionlistener":"","name":"","name-run":"","id":"sequenceFlow11","bgcolor":"#ffffff","documentation":"","fontsize":"12","fontweight":"normal","fontstyle":"normal","fontcolor":"#000000","conditionexpression":"","skipexpression":"","showdiamondmarker":false,"defaultflow":false,"xmlTag":"SequenceFlow"},"ssextensions":[],"outgoing":[{"resourceId":"callActivity2"}],"dockers":[{"x":50,"y":40},{"x":50,"y":40}],"labels":[{"styles":{"fill":"#000000","size":"12","italic":false,"bold":false},"ref":"text_name"}],"target":{"resourceId":"callActivity2"}},{"resourceId":"exclusive_Databased_Gateway4","stencil":{"id":"Exclusive_Databased_Gateway"},"pathProperties":{},"pathMappingProperties":{},"xmlProperties":[],"childShapes":[],"bounds":{"lowerRight":{"x":1346,"y":150},"upperLeft":{"x":1306,"y":110}},"properties":{"stencilid":"Exclusive_Databased_Gateway","stencilsuperid":"Exclusive_Databased_Gateway","stencilsuperids":["Exclusive_Databased_Gateway"],"customstencil":false,"includeinhistory":false,"notes":"","categories":"","sequencefloworder":"","bgcolor":"#ffffff","name":"defer action?","name-run":"defer action?","id":"exclusive_Databased_Gateway4","documentation":"","fontsize":"12","fontweight":"normal","fontstyle":"normal","fontcolor":"#000000","async":false,"exclusive":true,"asyncleave":false,"bordercolor":"#000000","gatewaytype":"XOR","xmlTag":"Exclusive_Databased_Gateway"},"ssextensions":[],"outgoing":[{"resourceId":"sequenceFlow13"},{"resourceId":"sequenceFlow14"}],"dockers":[],"labels":[{"x":-17.25,"y":50,"ref":"text_name"},{"styles":{"fill":"#000000","size":"12","italic":false,"bold":false},"ref":"text_name"}]},{"resourceId":"sequenceFlow12","stencil":{"id":"SequenceFlow"},"pathProperties":{},"pathMappingProperties":{},"xmlProperties":[],"childShapes":[],"bounds":{"lowerRight":{"x":1306,"y":130},"upperLeft":{"x":1226,"y":130}},"outputmappingproperties":{"fields":{"type":"complex","placeholders":[]},"executionlistener":{"type":"complex","placeholders":[]}},"properties":{"stencilid":"SequenceFlow","stencilsuperid":"SequenceFlow","stencilsuperids":["SequenceFlow"],"customstencil":false,"bordercolor":"#000000","notes":"","executionlistener":"","name":"","name-run":"","id":"sequenceFlow12","bgcolor":"#ffffff","documentation":"","fontsize":"12","fontweight":"normal","fontstyle":"normal","fontcolor":"#000000","conditionexpression":"","skipexpression":"","showdiamondmarker":false,"defaultflow":false,"xmlTag":"SequenceFlow"},"ssextensions":[],"outgoing":[{"resourceId":"exclusive_Databased_Gateway4"}],"dockers":[{"x":50,"y":40},{"x":20,"y":20}],"labels":[{"styles":{"fill":"#000000","size":"12","italic":false,"bold":false},"ref":"text_name"}],"target":{"resourceId":"exclusive_Databased_Gateway4"}},{"resourceId":"sequenceFlow13","stencil":{"id":"SequenceFlow"},"pathProperties":{},"pathMappingProperties":{},"xmlProperties":[],"childShapes":[],"bounds":{"lowerRight":{"x":1326.5,"y":255},"upperLeft":{"x":229,"y":27}},"outputmappingproperties":{"fields":{"type":"complex","placeholders":[]},"executionlistener":{"type":"complex","placeholders":[]}},"properties":{"stencilid":"SequenceFlow","stencilsuperid":"SequenceFlow","stencilsuperids":["SequenceFlow"],"customstencil":false,"bordercolor":"#000000","notes":"","executionlistener":"","name":"continue","name-run":"continue","id":"sequenceFlow13","bgcolor":"#ffffff","documentation":"","fontsize":"12","fontweight":"normal","fontstyle":"normal","fontcolor":"#000000","conditionexpression":"","skipexpression":"","showdiamondmarker":false,"defaultflow":true,"xmlTag":"SequenceFlow"},"ssextensions":[],"outgoing":[{"resourceId":"exclusive_Databased_Gateway1"}],"dockers":[{"x":20.5,"y":20.5},{"x":1326.5,"y":27},{"x":229,"y":27},{"x":20,"y":20}],"labels":[{"x":1242.796875,"y":40,"valign":"bottom","align":"left","ref":"text_name"},{"styles":{"fill":"#000000","size":"12","italic":false,"bold":false},"ref":"text_name"}],"target":{"resourceId":"exclusive_Databased_Gateway1"}},{"resourceId":"sequenceFlow14","stencil":{"id":"SequenceFlow"},"pathProperties":{},"pathMappingProperties":{},"xmlProperties":[],"childShapes":[],"bounds":{"lowerRight":{"x":1440,"y":130},"upperLeft":{"x":1346,"y":130}},"outputmappingproperties":{"fields":{"type":"complex","placeholders":[]},"executionlistener":{"type":"complex","placeholders":[]}},"properties":{"stencilid":"SequenceFlow","stencilsuperid":"SequenceFlow","stencilsuperids":["SequenceFlow"],"customstencil":false,"bordercolor":"#000000","notes":"","executionlistener":"","name":"cancel","name-run":"cancel","id":"sequenceFlow14","bgcolor":"#ffffff","documentation":"","fontsize":"12","fontweight":"normal","fontstyle":"normal","fontcolor":"#000000","conditionexpression":{"children":[{"sourceValue":{"variableType":"customVariable","name":"deferedTaskAction"},"operator":"equals","targetValue":{"value":"CANCEL","type":"string","variableType":"value"}}],"match":"all"},"skipexpression":"","showdiamondmarker":false,"defaultflow":false,"xmlTag":"SequenceFlow"},"ssextensions":[],"outgoing":[{"resourceId":"variableActivity3"}],"dockers":[{"x":20.5,"y":20.5},{"x":50,"y":40}],"labels":[{"x":1369.1484375,"y":128,"valign":"bottom","align":"left","ref":"text_name"},{"styles":{"fill":"#000000","size":"12","italic":false,"bold":false},"ref":"text_name"}],"target":{"resourceId":"variableActivity3"}},{"resourceId":"callActivity3","stencil":{"id":"CallActivity"},"pathProperties":{},"pathMappingProperties":{},"xmlProperties":["loopvariableaggregation"],"childShapes":[],"bounds":{"lowerRight":{"x":1106,"y":470},"upperLeft":{"x":1006,"y":390}},"specialproperties":{"entry":{"type":"treeview"}},"outputmappingproperties":{"dataproperties":{"type":"complex","placeholders":[]},"loopvariableaggregation":{"type":"formlist","placeholders":[]},"fields":{"type":"complex","placeholders":[]},"executionlistener":{"type":"complex","placeholders":[]},"in":{"type":"complex","placeholders":[]},"out":{"type":"complex","placeholders":[]},"exceptionmappings":{"type":"complex","placeholders":[]}},"properties":{"stencilid":"CallActivity","stencilsuperid":"CallActivity","stencilsuperids":["CallActivity"],"customstencil":false,"dataproperties":"","notes":"","includeinhistory":false,"categories":"","looptype":"None","loopcollection":"","loopelementvariable":"","loopelementindexvariable":"loopCounter","loopcardinality":"","completioncondition":"","nowaitstatesasyncleave":"","loopvariableaggregation":"","isforcompensation":false,"bgcolor":"#ffffff","bordercolor":"#000000","executionlistener":"","async":false,"exclusive":true,"asyncleave":false,"name":"Complete Information of registration request","name-run":"Complete Information of registration request","id":"callActivity3","documentation":"","fontsize":"12","fontweight":"normal","fontstyle":"normal","fontcolor":"#000000","in":{"totalCount":11,"items":[{"source":"","sourceExpression":"${root.operation.requesterType}","target":"requesterType"},{"source":"","sourceExpression":"${languageCodeExpressions.getByCountry(root.operation.country)}","target":"languageCode"},{"source":"","sourceExpression":"${root.operation.code}","target":"operationCode"},{"source":"","sourceExpression":"${root.product}","target":"operationProduct"},{"source":"","sourceExpression":"md-cle-advance-modification-return-reason","target":"returnReasonMasterDataKey"},{"source":"","sourceExpression":"${returnReason}","target":"returnReason"},{"source":"","sourceExpression":"${releaseComment}","target":"returnComment"},{"source":"","sourceExpression":"${root.operation.customerCode}","target":"customerCode"},{"source":"","sourceExpression":"${root.operation.customerFullName}","target":"customerFullName"},{"source":"","sourceExpression":"${recipientTO}","target":"recipientTO"},{"source":"","sourceExpression":"${recipientCC}","target":"recipientCC"}]},"out":{"totalCount":1,"items":[{"source":"completeInfoAction","sourceExpression":"","target":"completeInfoOutcome"}]},"subprocesstype":"Embedded","istransaction":false,"transactionmethod":"compensate","activitytype":"Sub-Process","samedeployment":true,"entry":{"id":"PROCESS_MODEL-ba9207c4-da2b-4cda-99a5-c62d87ec0f36","key":"CLE_P048"},"entry-run":"","process-instance-name":"","callactivityinheritvariables":false,"callactivitybusinesskey":"","callactivityinheritbusinesskey":false,"callactivityuselocalscopeforoutparameters":false,"callactivitycompleteasync":false,"fallback-to-default-tenant":true,"callactivityidvariablename":"","exceptionmappings":"","xmlTag":"CallActivity"},"ssextensions":[],"outgoing":[{"resourceId":"sequenceFlow16"}],"dockers":[],"labels":[{"styles":{"fill":"#000000","size":"12","italic":false,"bold":false},"ref":"text_name"},{"styles":{"fill":"#000000","size":"12","italic":false,"bold":false},"ref":"_oryx_137E7E57-42B3-406C-8B97-7F85CB1CE2EA_23"}]},{"resourceId":"sequenceFlow15","stencil":{"id":"SequenceFlow"},"pathProperties":{},"pathMappingProperties":{},"xmlProperties":[],"childShapes":[],"bounds":{"lowerRight":{"x":1005,"y":430},"upperLeft":{"x":944,"y":296}},"outputmappingproperties":{"fields":{"type":"complex","placeholders":[]},"executionlistener":{"type":"complex","placeholders":[]}},"properties":{"stencilid":"SequenceFlow","stencilsuperid":"SequenceFlow","stencilsuperids":["SequenceFlow"],"customstencil":false,"bordercolor":"#000000","notes":"","executionlistener":"","name":"return","name-run":"return","id":"sequenceFlow15","bgcolor":"#ffffff","documentation":"","fontsize":"12","fontweight":"normal","fontstyle":"normal","fontcolor":"#000000","conditionexpression":{"children":[{"sourceValue":{"name":"releaseAdvanceModificationAction","variableType":"variable"},"operator":"equals","targetValue":{"value":"RETURN","type":"string","variableType":"value"}}],"match":"all"},"skipexpression":"","showdiamondmarker":false,"defaultflow":false,"xmlTag":"SequenceFlow"},"ssextensions":[],"outgoing":[{"resourceId":"callActivity3"}],"dockers":[{"x":20.5,"y":20.5},{"x":944.5,"y":430},{"x":50,"y":40}],"labels":[{"styles":{"fill":"#000000","size":"12","italic":false,"bold":false},"ref":"text_name"}],"target":{"resourceId":"callActivity3"}},{"resourceId":"exclusive_Databased_Gateway5","stencil":{"id":"Exclusive_Databased_Gateway"},"pathProperties":{},"pathMappingProperties":{},"xmlProperties":[],"childShapes":[],"bounds":{"lowerRight":{"x":1256,"y":450},"upperLeft":{"x":1216,"y":410}},"properties":{"stencilid":"Exclusive_Databased_Gateway","stencilsuperid":"Exclusive_Databased_Gateway","stencilsuperids":["Exclusive_Databased_Gateway"],"customstencil":false,"includeinhistory":false,"notes":"","categories":"","sequencefloworder":"","bgcolor":"#ffffff","name":"complete info outcome?","name-run":"complete info outcome?","id":"exclusive_Databased_Gateway5","documentation":"","fontsize":"12","fontweight":"normal","fontstyle":"normal","fontcolor":"#000000","async":false,"exclusive":true,"asyncleave":false,"bordercolor":"#000000","gatewaytype":"XOR","xmlTag":"Exclusive_Databased_Gateway"},"ssextensions":[],"outgoing":[{"resourceId":"sequenceFlow17"},{"resourceId":"sequenceFlow18"}],"dockers":[],"labels":[{"x":-45.3046875,"y":-20,"ref":"text_name"},{"styles":{"fill":"#000000","size":"12","italic":false,"bold":false},"ref":"text_name"}]},{"resourceId":"sequenceFlow16","stencil":{"id":"SequenceFlow"},"pathProperties":{},"pathMappingProperties":{},"xmlProperties":[],"childShapes":[],"bounds":{"lowerRight":{"x":1216,"y":430},"upperLeft":{"x":1106,"y":430}},"outputmappingproperties":{"fields":{"type":"complex","placeholders":[]},"executionlistener":{"type":"complex","placeholders":[]}},"properties":{"stencilid":"SequenceFlow","stencilsuperid":"SequenceFlow","stencilsuperids":["SequenceFlow"],"customstencil":false,"bordercolor":"#000000","notes":"","executionlistener":"","name":"","name-run":"","id":"sequenceFlow16","bgcolor":"#ffffff","documentation":"","fontsize":"12","fontweight":"normal","fontstyle":"normal","fontcolor":"#000000","conditionexpression":"","skipexpression":"","showdiamondmarker":false,"defaultflow":false,"xmlTag":"SequenceFlow"},"ssextensions":[],"outgoing":[{"resourceId":"exclusive_Databased_Gateway5"}],"dockers":[{"x":50,"y":40},{"x":20,"y":20}],"labels":[{"styles":{"fill":"#000000","size":"12","italic":false,"bold":false},"ref":"text_name"}],"target":{"resourceId":"exclusive_Databased_Gateway5"}},{"resourceId":"sequenceFlow17","stencil":{"id":"SequenceFlow"},"pathProperties":{},"pathMappingProperties":{},"xmlProperties":[],"childShapes":[],"bounds":{"lowerRight":{"x":1236.5,"y":558},"upperLeft":{"x":229,"y":295}},"outputmappingproperties":{"fields":{"type":"complex","placeholders":[]},"executionlistener":{"type":"complex","placeholders":[]}},"properties":{"stencilid":"SequenceFlow","stencilsuperid":"SequenceFlow","stencilsuperids":["SequenceFlow"],"customstencil":false,"bordercolor":"#000000","notes":"","executionlistener":"","name":"continue","name-run":"continue","id":"sequenceFlow17","bgcolor":"#ffffff","documentation":"","fontsize":"12","fontweight":"normal","fontstyle":"normal","fontcolor":"#000000","conditionexpression":"","skipexpression":"","showdiamondmarker":false,"defaultflow":true,"xmlTag":"SequenceFlow"},"ssextensions":[],"outgoing":[{"resourceId":"exclusive_Databased_Gateway1"}],"dockers":[{"x":20.5,"y":20.5},{"x":1236.5,"y":558},{"x":229,"y":558},{"x":20,"y":20}],"labels":[{"x":1128.7734375,"y":552,"valign":"bottom","align":"left","ref":"text_name"},{"styles":{"fill":"#000000","size":"12","italic":false,"bold":false},"ref":"text_name"}],"target":{"resourceId":"exclusive_Databased_Gateway1"}},{"resourceId":"sequenceFlow18","stencil":{"id":"SequenceFlow"},"pathProperties":{},"pathMappingProperties":{},"xmlProperties":[],"childShapes":[],"bounds":{"lowerRight":{"x":1440,"y":430},"upperLeft":{"x":1256,"y":430}},"outputmappingproperties":{"fields":{"type":"complex","placeholders":[]},"executionlistener":{"type":"complex","placeholders":[]}},"properties":{"stencilid":"SequenceFlow","stencilsuperid":"SequenceFlow","stencilsuperids":["SequenceFlow"],"customstencil":false,"bordercolor":"#000000","notes":"","executionlistener":"","name":"request for cancellation","name-run":"request for cancellation","id":"sequenceFlow18","bgcolor":"#ffffff","documentation":"","fontsize":"12","fontweight":"normal","fontstyle":"normal","fontcolor":"#000000","conditionexpression":{"children":[{"sourceValue":{"name":"completeInfoOutcome","variableType":"variable"},"operator":"equals","targetValue":{"value":"REQUEST_FOR_CANCELATION","type":"string","variableType":"value"}}],"match":"all"},"skipexpression":"","showdiamondmarker":false,"defaultflow":false,"xmlTag":"SequenceFlow"},"ssextensions":[],"outgoing":[{"resourceId":"variableActivity4"}],"dockers":[{"x":20.5,"y":20.5},{"x":50,"y":40}],"labels":[{"styles":{"fill":"#000000","size":"12","italic":false,"bold":false},"ref":"text_name"}],"target":{"resourceId":"variableActivity4"}},{"resourceId":"sequenceFlow19","stencil":{"id":"SequenceFlow"},"pathProperties":{},"pathMappingProperties":{},"xmlProperties":[],"childShapes":[],"bounds":{"lowerRight":{"x":1626,"y":255},"upperLeft":{"x":1541,"y":130}},"outputmappingproperties":{"fields":{"type":"complex","placeholders":[]},"executionlistener":{"type":"complex","placeholders":[]}},"properties":{"stencilid":"SequenceFlow","stencilsuperid":"SequenceFlow","stencilsuperids":["SequenceFlow"],"customstencil":false,"bordercolor":"#000000","notes":"","executionlistener":"","name":"","name-run":"","id":"sequenceFlow19","bgcolor":"#ffffff","documentation":"","fontsize":"12","fontweight":"normal","fontstyle":"normal","fontcolor":"#000000","conditionexpression":"","skipexpression":"","showdiamondmarker":false,"defaultflow":false,"xmlTag":"SequenceFlow"},"ssextensions":[],"outgoing":[{"resourceId":"exclusive_Databased_Gateway3"}],"dockers":[{"x":50,"y":40},{"x":1626,"y":130},{"x":20,"y":20}],"labels":[{"styles":{"fill":"#000000","size":"12","italic":false,"bold":false},"ref":"text_name"}],"target":{"resourceId":"exclusive_Databased_Gateway3"}},{"resourceId":"sequenceFlow20","stencil":{"id":"SequenceFlow"},"pathProperties":{},"pathMappingProperties":{},"xmlProperties":[],"childShapes":[],"bounds":{"lowerRight":{"x":1626,"y":430},"upperLeft":{"x":1541,"y":296}},"outputmappingproperties":{"fields":{"type":"complex","placeholders":[]},"executionlistener":{"type":"complex","placeholders":[]}},"properties":{"stencilid":"SequenceFlow","stencilsuperid":"SequenceFlow","stencilsuperids":["SequenceFlow"],"customstencil":false,"bordercolor":"#000000","notes":"","executionlistener":"","name":"","name-run":"","id":"sequenceFlow20","bgcolor":"#ffffff","documentation":"","fontsize":"12","fontweight":"normal","fontstyle":"normal","fontcolor":"#000000","conditionexpression":"","skipexpression":"","showdiamondmarker":false,"defaultflow":false,"xmlTag":"SequenceFlow"},"ssextensions":[],"outgoing":[{"resourceId":"exclusive_Databased_Gateway3"}],"dockers":[{"x":50,"y":40},{"x":1626,"y":430},{"x":20,"y":20}],"labels":[{"styles":{"fill":"#000000","size":"12","italic":false,"bold":false},"ref":"text_name"}],"target":{"resourceId":"exclusive_Databased_Gateway3"}},{"resourceId":"dmnTask1","stencil":{"id":"Task"},"pathProperties":{},"pathMappingProperties":{},"xmlProperties":["loopvariableaggregation"],"childShapes":[],"bounds":{"lowerRight":{"x":534,"y":316},"upperLeft":{"x":434,"y":236}},"specialproperties":{"decisiontablereference":{"type":"treeview"},"decisionservicereference":{"type":"treeview"}},"outputmappingproperties":{"loopvariableaggregation":{"type":"formlist","placeholders":[]},"fields":{"type":"complex","placeholders":[]},"executionlistener":{"type":"complex","placeholders":[]}},"properties":{"stencilid":"DmnTask","stencilsuperid":"Task","stencilsuperids":["Task"],"customstencil":false,"includeinhistory":false,"notes":"","categories":"","looptype":"None","loopcollection":"","loopelementvariable":"","loopelementindexvariable":"loopCounter","loopcardinality":"","completioncondition":"","nowaitstatesasyncleave":"","loopvariableaggregation":"","tasktype":"dmn","bgcolor":"#ffffff","guid":"","skipexpression":"","isforcompensation":false,"bordercolor":"#000000","executionlistener":"","name":"Get complete information notification recipients","name-run":"Get complete information notification recipients","id":"dmnTask1","documentation":"","fontsize":"12","fontweight":"normal","fontstyle":"normal","fontcolor":"#000000","async":false,"exclusive":true,"asyncleave":false,"decisiontablereference":{"id":"DMN_MODEL-3a0faf6d-734b-4b4f-98e1-f0864d755ee8","key":"PGN_D001"},"decisionservicereference":"","samedeployment":true,"decisiontaskthrowerroronnohits":false,"fallback-to-default-tenant":true,"xmlTag":"DmnTask"},"ssextensions":[],"outgoing":[{"resourceId":"sequenceFlow21"}],"dockers":[],"labels":[{"styles":{"fill":"#000000","size":"12","italic":false,"bold":false},"ref":"text_name"}]},{"resourceId":"sequenceFlow21","stencil":{"id":"SequenceFlow"},"pathProperties":{},"pathMappingProperties":{},"xmlProperties":[],"childShapes":[],"bounds":{"lowerRight":{"x":600,"y":276},"upperLeft":{"x":534,"y":276}},"outputmappingproperties":{"fields":{"type":"complex","placeholders":[]},"executionlistener":{"type":"complex","placeholders":[]}},"properties":{"stencilid":"SequenceFlow","stencilsuperid":"SequenceFlow","stencilsuperids":["SequenceFlow"],"customstencil":false,"bordercolor":"#000000","notes":"","executionlistener":"","name":"","name-run":"","id":"sequenceFlow21","bgcolor":"#ffffff","documentation":"","fontsize":"12","fontweight":"normal","fontstyle":"normal","fontcolor":"#000000","conditionexpression":"","skipexpression":"","showdiamondmarker":false,"defaultflow":false,"xmlTag":"SequenceFlow"},"ssextensions":[],"outgoing":[{"resourceId":"pagoNxtFormTask1"}],"dockers":[{"x":50,"y":40},{"x":50,"y":40}],"labels":[{"styles":{"fill":"#000000","size":"12","italic":false,"bold":false},"ref":"text_name"}],"target":{"resourceId":"pagoNxtFormTask1"}},{"resourceId":"intermediateTimerEventBoundary1","stencil":{"id":"IntermediateTimerEventBoundary"},"pathProperties":{},"pathMappingProperties":{},"xmlProperties":[],"childShapes":[],"bounds":{"lowerRight":{"x":1005,"y":105},"upperLeft":{"x":975,"y":75}},"outputmappingproperties":{"fields":{"type":"complex","placeholders":[]},"executionlistener":{"type":"complex","placeholders":[]}},"properties":{"stencilid":"IntermediateTimerEventBoundary","stencilsuperid":"IntermediateTimerEventBoundary","stencilsuperids":["IntermediateTimerEventBoundary"],"customstencil":false,"timerproperites":{"timedate":"${deferDueDate}"},"notes":"","timedate":"${deferDueDate}","timecycle":"","timeduration":"","bgcolor":"#ffffff","bordercolor":"#000000","boundarycancelactivity2":true,"executionlistener":"","name":"Deferral expired","name-run":"Deferral expired","id":"intermediateTimerEventBoundary1","documentation":"","fontsize":"12","fontweight":"normal","fontstyle":"normal","fontcolor":"#000000","trigger":"Timer","xmlTag":"IntermediateTimerEventBoundary"},"ssextensions":[],"outgoing":[{"resourceId":"sequenceFlow10"}],"dockers":[{"x":14,"y":-10}],"labels":[{"x":-61,"y":-22,"ref":"text_name"},{"styles":{"fill":"#000000","size":"12","italic":false,"bold":false},"ref":"text_name"}]}],"bounds":{"lowerRight":{"x":1824,"y":1050},"upperLeft":{"x":0,"y":0}},"specialproperties":{"processsequence":{"type":"treeview"},"securitypolicy":{"type":"treeview"}},"outputmappingproperties":{"fields":{"type":"complex","placeholders":[]},"executionlistener":{"type":"complex","placeholders":[]},"dataproperties":{"type":"complex","placeholders":[]},"modelstatuselements":{"type":"formlist","placeholders":[]},"namespaces":{"type":"complex","placeholders":[]},"allowedhistoricvariables":{"type":"complex","placeholders":[]},"eventlisteners":{"type":"complex","placeholders":[]},"signaldefinitions":{"type":"complex","placeholders":[]},"messagedefinitions":{"type":"complex","placeholders":[]}},"properties":{"stencilid":"BPMNDiagram","stencilsuperid":"BPMNDiagram","stencilsuperids":["BPMNDiagram"],"customstencil":false,"executionlistener":"","notes":"","dataproperties":"","owner":"","owner-run":"","assignee":"","assignee-run":"","participantusers":"","participantusers-run":"","participantgroups":"","participantgroups-run":"","modelstatuselements":"","watcherusers":"","watcherusers-run":"","watchergroups":"","watchergroups-run":"","name":"CLE_P053 Export Collection Advance Modification Release Process","id":"CLE_P053","bgcolor":"#ffffff","documentation":"","fontsize":"12","fontweight":"normal","fontstyle":"normal","fontcolor":"#000000","labelexpression":"","name_en_us":"","name_it_it":"","name_es_es":"","name_fr_fr":"","name_de_de":"","name_i18n-key":"","guid":"PROCESS_MODEL-b58834f2-8f13-4c97-95b7-cbb93f3fccf3","author":"","language":"English","namespaces":"","creationdate":"2022-09-14T06:11:12.105Z","modificationdate":"2022-09-30T09:56:27.589Z","processsequence":"","processsequence-run":"","processsequencevariablename":"","processsequencevariablename-run":"","processinstancename":"","processinstancename_en_us":"","processinstancename_en_us-run":"","processinstancename_it_it":"","processinstancename_it_it-run":"","processinstancename_es_es":"","processinstancename_es_es-run":"","processinstancename_fr_fr":"","processinstancename_fr_fr-run":"","processinstancename_de_de":"","processinstancename_de_de-run":"","processinstancename-run":"","processinstancename_i18n-key":"","processinstancebusinessstatus":"","processinstancebusinessstatus-run":"","processinstancebusinesskey":"","processinstancebusinesskey-run":"","isprocessexecutable":true,"securitypolicy":"","allowedhistoricvariables":"","customfolderpath":"","comments-only-on-root":"","documents-only-on-root":"","process_potentialstarteruser":"","process_potentialstarteruser-run":"","process_potentialstartergroup":"flowableUser","process_potentialstartergroup-run":"","do-not-inherit-start-user-as-owner":"","do-not-inherit-start-user-as-assignee":"","process_namespace":"","process_historylevel":"","eventlisteners":"","signaldefinitions":"","messagedefinitions":"","iseagerexecutionfetch":false,"initiator":"","version":"","process_author":"","xmlTag":"BPMNDiagram","description":""},"ssextensions":[],"stencilset":{"url":"./app/editor_stencilset","paletteKey":"flowable-process-palette","namespace":"http://b3mn.org/stencilset/bpmn2.0#"}}}