{"id":"DATA_OBJECT_MODEL-d1dd8722-df6b-454c-bc78-c9a8b38f2e04","name":"PGN_DO001 Office Collection Data Object","key":"PGN_DO001","description":null,"tenantId":"default","editorJson":{"fieldMappings":[{"label":"Country","name":"country","type":"STRING","lookupId":false,"description":""},{"label":"Office Code","name":"officeCode","type":"STRING","lookupId":true,"description":""},{"label":"Address","name":"address","type":"STRING","lookupId":false,"description":""},{"label":"Place","name":"place","type":"STRING","lookupId":false,"description":""},{"label":"Email","name":"email","type":"STRING","lookupId":false,"description":""},{"label":"Middle Office Code","name":"middleOfficeCode","type":"STRING","lookupId":false,"description":""},{"label":"Registration Date","name":"registrationDate","type":"LOCAL-DATE","lookupId":false,"description":""},{"label":"Deregistration Date","name":"deregistrationDate","type":"LOCAL-DATE","lookupId":false,"description":""},{"label":"Register Update Date","name":"registerUpdateDate","type":"LOCAL-DATE","lookupId":false,"description":""}],"dataObjectType":"serviceRegistryDataObject","sourceId":"flowableServiceRegistryDataSource","definitionIdentityLinks":{"queryInstances":{"groups":["flowableUser"]},"createInstances":{"groups":["flowableUser"]},"deleteInstances":{"groups":["flowableUser"]},"updateInstances":{"groups":["flowableUser"]}},"instanceIdentityLinks":[{"type":"owner","groups":["flowableUser"]},{"type":"watcher","groups":["flowableUser"]}],"referencedServiceDefinitionModelKey":"PGN_S001"}}