{"id":"DATA_OBJECT_MODEL-77c8eacb-5891-4cc8-b88d-832c5ef9f881","name":"CLE_DO002 Export Collection Modificacion Data Object","key":"CLE_DO002","description":"","tenantId":"default","editorJson":{"fieldMappings":[{"label":"Code","name":"code","type":"STRING","lookupId":true,"description":""},{"label":"Creation Date","name":"creationDate","type":"DATE","lookupId":false,"description":""},{"label":"Priority","name":"priority","type":"STRING","lookupId":false,"description":""},{"label":"Country","name":"country","type":"STRING","lookupId":false,"description":""},{"label":"Displayed status","name":"displayedStatus","type":"STRING","lookupId":false,"description":""},{"label":"Customer Full Name","name":"customerFullName","type":"STRING","lookupId":false,"description":""},{"label":"Customer ID","name":"customerID","type":"STRING","lookupId":false,"description":""},{"label":"Customer Code","name":"customerCode","type":"STRING","lookupId":false,"description":""},{"label":"Customer Segment","name":"customerSegment","type":"STRING","lookupId":false,"description":""},{"label":"Customer Email","name":"customerEmail","type":"STRING","lookupId":false,"description":""},{"label":"Resolution","name":"resolution","type":"STRING","lookupId":false,"description":""},{"label":"Resolution reason","name":"resolutionReason","type":"STRING","lookupId":false,"description":""},{"label":"Requester Type","name":"requesterType","type":"STRING","lookupId":false,"description":""},{"label":"Requester Displayed Name","name":"requesterDisplayedName","type":"STRING","lookupId":false,"description":""},{"label":"Requester ID","name":"requesterId","type":"STRING","lookupId":false,"description":""},{"label":"Office","name":"office","type":"STRING","lookupId":false,"description":""},{"label":"Middle Office","name":"middleOffice","type":"STRING","lookupId":false,"description":""},{"label":"Modification comment","name":"comment","type":"STRING","lookupId":false,"description":""},{"label":"Export Collection","name":"exportCollection","type":"DATA-OBJECT","lookupId":false,"description":"","dataObjectModelKey":"CLE_DO003","dataObjectModelRelationshipType":"one-to-one"}],"dataObjectType":"serviceRegistryDataObject","sourceId":"flowableServiceRegistryDataSource","definitionIdentityLinks":{"queryInstances":{"groups":["flowableUser"]},"createInstances":{"groups":["flowableUser"]},"deleteInstances":{"groups":["flowableUser"]},"updateInstances":{"groups":["flowableUser"]}},"instanceIdentityLinks":[{"type":"owner","groups":["flowableUser"]},{"type":"watcher","groups":["flowableUser"]}],"name":"CLE_DO002 Export Collection Modificacion Data Object","key":"CLE_DO002","referencedServiceDefinitionModelKey":"CLE_S002"}}