{"id":"DATA_OBJECT_MODEL-e8fc2ea4-db32-4c9a-9df7-8f1e126d6c72","name":"CLE_DO008 Export Collection Other Operations Data Object","key":"CLE_DO008","description":null,"tenantId":"default","editorJson":{"fieldMappings":[{"label":"Code","name":"code","type":"STRING","lookupId":true,"description":""},{"label":"Creation date","name":"creationDate","type":"DATE","lookupId":false,"description":""},{"label":"Displayed Status","name":"displayedStatus","type":"STRING","lookupId":false,"description":""},{"label":"Priority","name":"priority","type":"STRING","lookupId":false,"description":""},{"label":"Country","name":"country","type":"STRING","lookupId":false,"description":""},{"label":"Customer Full Name","name":"customerFullName","type":"STRING","lookupId":false,"description":""},{"label":"Customer ID","name":"customerID","type":"STRING","lookupId":false,"description":""},{"label":"Customer Code","name":"customerCode","type":"STRING","lookupId":false,"description":""},{"label":"Customer Segment","name":"customerSegment","type":"STRING","lookupId":false,"description":""},{"label":"Customer Email","name":"customerEmail","type":"STRING","lookupId":false,"description":""},{"label":"Requester Type","name":"requesterType","type":"STRING","lookupId":false,"description":""},{"label":"Requester Displayed Name","name":"requesterDisplayedName","type":"STRING","lookupId":false,"description":""},{"label":"Requester ID","name":"requesterId","type":"STRING","lookupId":false,"description":""},{"label":"Office","name":"office","type":"STRING","lookupId":false,"description":""},{"label":"Middle Office","name":"middleOffice","type":"STRING","lookupId":false,"description":""},{"label":"Comment","name":"comment","type":"STRING","lookupId":false,"description":""},{"label":"Resolution","name":"resolution","type":"STRING","lookupId":false,"description":""},{"label":"Resolution Reason","name":"resolutionReason","type":"STRING","lookupId":false,"description":""},{"label":"Operation Type","name":"operationType","type":"STRING","lookupId":false,"description":""},{"label":"Reliquidation Type","name":"reliquidationType","type":"STRING","lookupId":false,"description":""},{"label":"Export Collection","name":"exportCollection","type":"DATA-OBJECT","lookupId":false,"description":"Active Export Collection (pgn_cle)","dataObjectModelKey":"CLE_DO003","dataObjectModelRelationshipType":"one-to-one"}],"dataObjectType":"serviceRegistryDataObject","sourceId":"flowableServiceRegistryDataSource","definitionIdentityLinks":{"queryInstances":{"groups":["flowableUser"]},"createInstances":{"groups":["flowableUser"]},"deleteInstances":{"groups":["flowableUser"]},"updateInstances":{"groups":["flowableUser"]}},"instanceIdentityLinks":[{"type":"owner","groups":["flowableUser"]},{"type":"watcher","groups":["flowableUser"]}],"referencedServiceDefinitionModelKey":"CLE_S008"}}