{"id":"DATA_OBJECT_MODEL-1e3258bc-d893-43bf-a6fb-6c62c6519a1e","name":"CLE_DO003 Export Collection Data Object","key":"CLE_DO003","description":null,"tenantId":"default","editorJson":{"fieldMappings":[{"label":"Code","name":"code","type":"STRING","lookupId":true,"description":""},{"label":"Approval date","name":"approvalDate","type":"DATE","lookupId":false,"description":""},{"label":"Creation date","name":"creationDate","type":"DATE","lookupId":false,"description":""},{"label":"Country","name":"country","type":"STRING","lookupId":false,"description":""},{"label":"Currency","name":"currency","type":"STRING","lookupId":false,"description":""},{"label":"Customer full name","name":"customerFullName","type":"STRING","lookupId":false,"description":""},{"label":"Customer ID","name":"customerID","type":"STRING","lookupId":false,"description":""},{"label":"Customer code","name":"customerCode","type":"STRING","lookupId":false,"description":""},{"label":"Customer segment","name":"customerSegment","type":"STRING","lookupId":false,"description":""},{"label":"Customer email","name":"customerEmail","type":"STRING","lookupId":false,"description":""},{"label":"Customer has account","name":"customerHasAccount","type":"STRING","lookupId":false,"description":""},{"label":"Amount","name":"amount","type":"DOUBLE","lookupId":false,"description":""},{"label":"Applying for advance","name":"applyingForAdvance","type":"STRING","lookupId":false,"description":""},{"label":"Advance currency","name":"advanceCurrency","type":"STRING","lookupId":false,"description":""},{"label":"Advance due date","name":"advanceDueDate","type":"LOCAL-DATE","lookupId":false,"description":""},{"label":"Advance amount","name":"advanceAmount","type":"DOUBLE","lookupId":false,"description":""},{"label":"Customer prices agreement collected","name":"customerPricesAgreementCollected","type":"STRING","lookupId":false,"description":""},{"label":"Contract reference","name":"contractReference","type":"STRING","lookupId":false,"description":""},{"label":"Status reason","name":"statusReason","type":"STRING","lookupId":false,"description":""},{"label":"Status","name":"status","type":"STRING","lookupId":false,"description":""},{"label":"Advance Risk Line ID","name":"advanceRiskLineId","type":"STRING","lookupId":false,"description":""},{"label":"Advance Risk Line IBAN","name":"advanceRiskLineIBAN","type":"STRING","lookupId":false,"description":""},{"label":"Advance Risk Line Currency","name":"advanceRiskLineCurrency","type":"STRING","lookupId":false,"description":""},{"label":"Advance Risk Line Available Amount","name":"advanceRiskLineAvailableAmount","type":"DOUBLE","lookupId":false,"description":""},{"label":"Advance Risk LIne Expiration Date","name":"advanceRiskLineExpiration","type":"LOCAL-DATE","lookupId":false,"description":""},{"label":"Nominal Account Currency","name":"nominalAccountCurrency","type":"STRING","lookupId":false,"description":""},{"label":"Nominal Account IBAN","name":"nominalAccountIBAN","type":"STRING","lookupId":false,"description":""},{"label":"Nominal Account ID","name":"nominalAccountId","type":"STRING","lookupId":false,"description":""},{"label":"Commission Account Currency","name":"commissionAccountCurrency","type":"STRING","lookupId":false,"description":""},{"label":"Commission Account IBAN","name":"commissionAccountIBAN","type":"STRING","lookupId":false,"description":""},{"label":"Commission Account ID","name":"commissionAccountId","type":"STRING","lookupId":false,"description":""},{"label":"Customer Reference","name":"customerReference","type":"STRING","lookupId":false,"description":""},{"label":"Debtor Name","name":"debtorName","type":"STRING","lookupId":false,"description":""},{"label":"Debtor Bank","name":"debtorBank","type":"STRING","lookupId":false,"description":""},{"label":"Collection Type","name":"collectionType","type":"STRING","lookupId":false,"description":""}],"dataObjectType":"serviceRegistryDataObject","sourceId":"flowableServiceRegistryDataSource","definitionIdentityLinks":{"queryInstances":{"groups":["flowableUser"]},"createInstances":{"groups":["flowableUser"]},"deleteInstances":{"groups":["flowableUser"]},"updateInstances":{"groups":["flowableUser"]}},"instanceIdentityLinks":[{"type":"owner","groups":["flowableUser"]},{"type":"watcher","groups":["flowableUser"]}],"name":"CLE_DO003 Export Collection Data Object","key":"CLE_DO003","referencedServiceDefinitionModelKey":"CLE_S003"}}