{"id":"DATA_OBJECT_MODEL-8b415551-8547-48c5-8bc6-06bf46cf5d0c","name":"CLE_DO001 Export Collection Request Data Object","key":"CLE_DO001","description":null,"tenantId":"default","editorJson":{"fieldMappings":[{"label":"Code","name":"code","type":"STRING","lookupId":true,"description":""},{"label":"Creation date","name":"creationDate","type":"DATE","lookupId":false,"description":""},{"label":"Priority","name":"priority","type":"STRING","lookupId":false,"description":""},{"label":"Country","name":"country","type":"STRING","lookupId":false,"description":""},{"label":"Displayed status","name":"displayedStatus","type":"STRING","lookupId":false,"description":""},{"label":"Customer Full Name","name":"customerFullName","type":"STRING","lookupId":false,"description":""},{"label":"Customer ID","name":"customerID","type":"STRING","lookupId":false,"description":""},{"label":"Customer Code","name":"customerCode","type":"STRING","lookupId":false,"description":""},{"label":"Customer Segment","name":"customerSegment","type":"STRING","lookupId":false,"description":""},{"label":"Customer email","name":"customerEmail","type":"STRING","lookupId":false,"description":""},{"label":"Currency","name":"currency","type":"STRING","lookupId":false,"description":""},{"label":"Amount","name":"amount","type":"DOUBLE","lookupId":false,"description":""},{"label":"Customer has account","name":"customerHasAccount","type":"STRING","lookupId":false,"description":""},{"label":"Applying for advance","name":"applyingForAdvance","type":"STRING","lookupId":false,"description":""},{"label":"Advance currency","name":"advanceCurrency","type":"STRING","lookupId":false,"description":""},{"label":"Advance due date","name":"advanceDueDate","type":"LOCAL-DATE","lookupId":false,"description":""},{"label":"Advance amount","name":"advanceAmount","type":"DOUBLE","lookupId":false,"description":""},{"label":"Advance contract reference","name":"advanceContractReference","type":"STRING","lookupId":false,"description":""},{"label":"Customer prices agreement collected","name":"customerPricesAgreementCollected","type":"STRING","lookupId":false,"description":""},{"label":"Contract reference","name":"contractReference","type":"STRING","lookupId":false,"description":""},{"label":"Resolution","name":"resolution","type":"STRING","lookupId":false,"description":""},{"label":"Resolution Reason","name":"resolutionReason","type":"STRING","lookupId":false,"description":"Reason of the resolution, specially when canceled or rejected"},{"label":"Requester Type","name":"requesterType","type":"STRING","lookupId":false,"description":""},{"label":"Requester Displayed Name","name":"requesterDisplayedName","type":"STRING","lookupId":false,"description":""},{"label":"Requester ID","name":"requesterId","type":"STRING","lookupId":false,"description":""},{"label":"Office","name":"office","type":"STRING","lookupId":false,"description":""},{"label":"Middle Office","name":"middleOffice","type":"STRING","lookupId":false,"description":""},{"label":"Comment","name":"comment","type":"STRING","lookupId":false,"description":""},{"label":"Advance Risk Line ID","name":"advanceRiskLineId","type":"STRING","lookupId":false,"description":""},{"label":"Advance Risk Line IBAN","name":"advanceRiskLineIBAN","type":"STRING","lookupId":false,"description":""},{"label":"Advance Risk Line Currency","name":"advanceRiskLineCurrency","type":"STRING","lookupId":false,"description":""},{"label":"Advance Risk Line Available Amount","name":"advanceRiskLineAvailableAmount","type":"DOUBLE","lookupId":false,"description":""},{"label":"Advance Risk Line Expiration Date","name":"advanceRiskLineExpiration","type":"LOCAL-DATE","lookupId":false,"description":""},{"label":"Nominal Account Currency","name":"nominalAccountCurrency","type":"STRING","lookupId":false,"description":""},{"label":"Nominal Account IBAN","name":"nominalAccountIBAN","type":"STRING","lookupId":false,"description":""},{"label":"Nominal Account ID","name":"nominalAccountId","type":"STRING","lookupId":false,"description":""},{"label":"Commission Account Currency","name":"commissionAccountCurrency","type":"STRING","lookupId":false,"description":""},{"label":"Commision Account IBAN","name":"commissionAccountIBAN","type":"STRING","lookupId":false,"description":""},{"label":"Commission Account ID","name":"commissionAccountId","type":"STRING","lookupId":false,"description":""},{"label":"Customer Reference","name":"customerReference","type":"STRING","lookupId":false,"description":""},{"label":"Debtor name","name":"debtorName","type":"STRING","lookupId":false,"description":""},{"label":"Debtor Bank","name":"debtorBank","type":"STRING","lookupId":false,"description":""},{"label":"Collection Type","name":"collectionType","type":"STRING","lookupId":false,"description":""}],"dataObjectType":"serviceRegistryDataObject","sourceId":"flowableServiceRegistryDataSource","definitionIdentityLinks":{"queryInstances":{"groups":["flowableUser"]},"createInstances":{"groups":["flowableUser"]},"deleteInstances":{"groups":["flowableUser"]},"updateInstances":{"groups":["flowableUser"]}},"instanceIdentityLinks":[{"type":"owner","groups":["flowableUser"]},{"type":"watcher","groups":["flowableUser"]}],"name":"CLE_DO001 Export Collection Request Data Object","key":"CLE_DO001","referencedServiceDefinitionModelKey":"CLE_S001"}}