{"id":"DATA_OBJECT_MODEL-8d0dcac4-02f9-4f1f-bdbc-ddaf523e2daa","name":"CLE_DO005 Export Collection Advance Data Object","key":"CLE_DO005","description":null,"tenantId":"default","editorJson":{"fieldMappings":[{"label":"Code","name":"code","type":"STRING","lookupId":true,"description":""},{"label":"Advance Amount","name":"advanceAmount","type":"DOUBLE","lookupId":false,"description":""},{"label":"Advance Currency","name":"advanceCurrency","type":"STRING","lookupId":false,"description":""},{"label":"Advance Due Date","name":"advanceDueDate","type":"LOCAL-DATE","lookupId":false,"description":""},{"label":"Advance Risk Line ID","name":"advanceRiskLineId","type":"STRING","lookupId":false,"description":""},{"label":"Advance Risk Line IBAN","name":"advanceRiskLineIBAN","type":"STRING","lookupId":false,"description":""},{"label":"Advance Risk Line Currency","name":"advanceRiskLineCurrency","type":"STRING","lookupId":false,"description":""},{"label":"Advance Risk Line Available Amount","name":"advanceRiskLineAvailableAmount","type":"DOUBLE","lookupId":false,"description":""},{"label":"Advance Risk Line Expiration Date","name":"advanceRiskLineExpiration","type":"LOCAL-DATE","lookupId":false,"description":""},{"label":"Advance Contract Reference","name":"advanceContractReference","type":"STRING","lookupId":false,"description":""},{"label":"Approval Date","name":"approvalDate","type":"DATE","lookupId":false,"description":""},{"label":"Customer Full Name","name":"customerFullName","type":"STRING","lookupId":false,"description":""},{"label":"Customer Code","name":"customerCode","type":"STRING","lookupId":false,"description":""},{"label":"Customer ID","name":"customerID","type":"STRING","lookupId":false,"description":""},{"label":"Customer Segment","name":"customerSegment","type":"STRING","lookupId":false,"description":""},{"label":"Customer Email","name":"customerEmail","type":"STRING","lookupId":false,"description":""},{"label":"Exchange Insurance Use Date","name":"exchangeInsuranceUseDate","type":"LOCAL-DATE","lookupId":false,"description":""},{"label":"Exchange Insurance Amount to Use","name":"exchangeInsuranceAmountToUse","type":"DOUBLE","lookupId":false,"description":""},{"label":"Exchange Insurance Sell Currency","name":"exchangeInsuranceSellCurrency","type":"STRING","lookupId":false,"description":""},{"label":"Exchange Insurance Buy Currency","name":"exchangeInsuranceBuyCurrency","type":"STRING","lookupId":false,"description":""},{"label":"Exchange Insurance Details","name":"exchangeInsuranceDetails","type":"JSON","lookupId":false,"description":""},{"label":"Export Collection","name":"exportCollection","type":"DATA-OBJECT","lookupId":false,"description":"Active Export Collection (pgn_cle)","dataObjectModelKey":"CLE_DO003","dataObjectModelRelationshipType":"one-to-one"},{"label":"Status","name":"status","type":"STRING","lookupId":false,"description":""},{"label":"Status Reason","name":"statusReason","type":"STRING","lookupId":false,"description":""},{"label":"Creation date","name":"creationDate","type":"DATE","lookupId":false,"description":""}],"dataObjectType":"serviceRegistryDataObject","sourceId":"flowableServiceRegistryDataSource","definitionIdentityLinks":{"queryInstances":{"groups":["flowableUser"]},"createInstances":{"groups":["flowableUser"]},"deleteInstances":{"groups":["flowableUser"]},"updateInstances":{"groups":["flowableUser"]}},"instanceIdentityLinks":[{"type":"owner","groups":["flowableUser"]},{"type":"watcher","groups":["flowableUser"]}],"referencedServiceDefinitionModelKey":"CLE_S005"}}