<?xml version="1.0" encoding="UTF-8"?>
<databaseChangeLog xmlns="http://www.liquibase.org/xml/ns/dbchangelog" xmlns:xsi="http://www.w3.org/2001/XMLSchema-instance" xsi:schemaLocation="http://www.liquibase.org/xml/ns/dbchangelog http://www.liquibase.org/xml/ns/dbchangelog/dbchangelog-3.0.xsd" logicalFilePath="CLI_DOS001">
    <property name="datetime.type" value="datetime2" dbms="mssql"/>
    <property name="datetime.type" value="datetime"/>
    <property name="varchar.type" value="nvarchar" dbms="mssql"/>
    <property name="varchar.type" value="varchar"/>
    <property name="serviceDefinitionReferences" value=""/>

    <changeSet id="1" author="flowable">
        <createTable tableName="PGN_CLI_REQUEST">
            <column name="AMOUNT" type="double"/>
            <column name="CODE" type="${varchar.type}(255)">
                <constraints nullable="false" primaryKey="true"/>
            </column>
            <column name="COLLECTION_TYPE" type="${varchar.type}(255)"/>
            <column name="COMMENT" type="${varchar.type}(500)"/>
            <column name="COMMISSION_ACCOUNT_CURRENCY" type="${varchar.type}(255)"/>
            <column name="COMMISSION_ACCOUNT_IBAN" type="${varchar.type}(255)"/>
            <column name="COMMISSION_ACCOUNT_ID" type="${varchar.type}(255)"/>
            <column name="CONTRACT_REFERENCE" type="${varchar.type}(255)"/>
            <column name="COUNTRY" type="${varchar.type}(255)"/>
            <column name="CREATION_DATE" type="${datetime.type}(6)"/>
            <column name="CURRENCY" type="${varchar.type}(255)"/>
            <column name="CUSTOMER_FULL_NAME" type="${varchar.type}(255)"/>
            <column name="CUSTOMER_ID" type="${varchar.type}(255)"/>
            <column name="CUSTOMER_CODE" type="${varchar.type}(255)"/>
            <column name="CUSTOMER_SEGMENT" type="${varchar.type}(255)"/>
            <column name="CUSTOMER_EMAIL" type="${varchar.type}(255)"/>
            <column name="CUSTOMER_HAS_ACCOUNT" type="${varchar.type}(255)"/>
            <column name="CUSTOMER_REFERENCE" type="${varchar.type}(255)"/>
            <column name="CUSTOMER_PRICES_AGREEMENT_COLLECTED" type="${varchar.type}(255)"/>
            <column name="DEBTOR_NAME" type="${varchar.type}(255)"/>
            <column name="DEBTOR_BANK" type="${varchar.type}(255)"/>
            <column name="DISPLAYED_STATUS" type="${varchar.type}(255)"/>
            <column name="MIDDLE_OFFICE" type="${varchar.type}(255)"/>
            <column name="NOMINAL_ACCOUNT_CURRENCY" type="${varchar.type}(255)"/>
            <column name="NOMINAL_ACCOUNT_IBAN" type="${varchar.type}(255)"/>
            <column name="NOMINAL_ACCOUNT_ID" type="${varchar.type}(255)"/>
            <column name="OFFICE" type="${varchar.type}(255)"/>
            <column name="PRIORITY" type="${varchar.type}(255)"/>
            <column name="REQUESTER_TYPE" type="${varchar.type}(255)"/>
            <column name="REQUESTER_DISPLAYED_NAME" type="${varchar.type}(255)"/>
            <column name="REQUESTER_ID" type="${varchar.type}(255)"/>
            <column name="RESOLUTION" type="${varchar.type}(255)"/>
            <column name="RESOLUTION_REASON" type="${varchar.type}(255)"/>
        </createTable>
    </changeSet>
</databaseChangeLog>
