{"id":"APP_MODEL-56cd5bd0-ba88-4592-9c8b-a0e73dba1222","name":"TradeFlowNxt","key":"pagonxt-dashboard-app","description":"Menu app for pagonxt users","editorJson":{"models":[],"cmmnModels":[],"formModels":[],"dmnModels":[],"decisionServiceModels":[],"workModels":[{"id":"ACTION_MODEL-ea49d115-6abc-475d-b9b4-65d3a224965e","name":"create new cle action","version":1,"modelType":6,"createdBy":"admin","lastUpdatedBy":"admin","lastUpdated":"2022-12-27T10:07:17.020+00:00","key":"createNewCleAction","tenantId":"default","tags":[],"modelLockingEnabled":true,"modelEditable":false,"isModelEditable":false,"isModelLockingEnabled":true},{"id":"ACTION_MODEL-4e72fc74-3fac-4a02-8378-798bc7cc7f8e","name":"PGN_A002 View task action","version":1,"modelType":6,"createdBy":"admin","lastUpdatedBy":"admin","lastUpdated":"2022-12-27T10:07:17.016+00:00","key":"PGN_A002","tenantId":"default","tags":[],"modelLockingEnabled":true,"modelEditable":false,"isModelEditable":false,"isModelLockingEnabled":true},{"id":"ACTION_MODEL-267ff746-4b8b-4a69-9e39-401f29ca5ab4","name":"PGN_A003 Claim task action","version":1,"modelType":6,"createdBy":"admin","lastUpdatedBy":"admin","lastUpdated":"2022-12-27T10:07:17.014+00:00","key":"PGN_A003","tenantId":"default","tags":[],"modelLockingEnabled":true,"modelEditable":false,"isModelEditable":false,"isModelLockingEnabled":true},{"id":"ACTION_MODEL-a1c5506f-d567-4aca-b14f-36c7b4e91051","name":"Task asignment","version":1,"modelType":6,"createdBy":"admin","lastUpdatedBy":"admin","lastUpdated":"2022-12-27T10:07:17.013+00:00","key":"PGN_A004","tenantId":"default","tags":[],"modelLockingEnabled":true,"modelEditable":false,"isModelEditable":false,"isModelLockingEnabled":true},{"id":"ACTION_MODEL-3c702d36-0cf9-473a-bfa6-52164b52824f","name":"PGN_A006 Unassign Task Action","version":1,"modelType":6,"createdBy":"admin","lastUpdatedBy":"admin","lastUpdated":"2022-12-27T10:07:17.019+00:00","key":"PGN_A006","tenantId":"default","tags":[],"modelLockingEnabled":true,"modelEditable":false,"isModelEditable":false,"isModelLockingEnabled":true},{"id":"QUERY_DEFINITION_MODEL-f3b6088b-5363-464f-a1d5-c1aad5021fe5","name":"PGN_Q001 Assigned Operations Query","version":39,"modelType":19,"createdBy":"admin","lastUpdatedBy":"Jorge","lastUpdated":"2023-02-01T09:22:06.615+00:00","lockedBy":"Jorge","lockedAt":"2023-01-30T07:18:35.510+00:00","key":"PGN_Q001","tenantId":"default","tags":[],"modelLockingEnabled":true,"modelEditable":true,"isModelEditable":true,"isModelLockingEnabled":true},{"id":"QUERY_DEFINITION_MODEL-73c2cc79-ee3f-4369-8daf-0e2363bb1d88","name":"PGN_Q002 Other Assigned Operations Query","version":15,"modelType":19,"createdBy":"admin","lastUpdatedBy":"Jorge","lastUpdated":"2023-01-31T07:17:22.566+00:00","lockedBy":"Jorge","lockedAt":"2023-01-30T09:56:56.075+00:00","key":"PGN_Q002","tenantId":"default","tags":[],"modelLockingEnabled":true,"modelEditable":true,"isModelEditable":true,"isModelLockingEnabled":true},{"id":"QUERY_DEFINITION_MODEL-2b52f665-07f3-4324-b4b6-d771643edc31","name":"PGN_Q003 Unassigned Operations Query","version":6,"modelType":19,"createdBy":"admin","lastUpdatedBy":"Jorge","lastUpdated":"2023-01-31T07:20:30.918+00:00","lockedBy":"Jorge","lockedAt":"2023-01-30T12:19:02.867+00:00","key":"PGN_Q003","tenantId":"default","tags":[],"modelLockingEnabled":true,"modelEditable":true,"isModelEditable":true,"isModelLockingEnabled":true},{"id":"QUERY_DEFINITION_MODEL-c322ebdb-f62a-48a9-a15f-9ebd1d600974","name":"PGN_Q004 Pending Tasks Query","version":17,"modelType":19,"createdBy":"admin","lastUpdatedBy":"Jorge","lastUpdated":"2023-01-30T13:02:32.473+00:00","lockedBy":"Jorge","lockedAt":"2023-01-27T08:14:18.161+00:00","key":"PGN_Q004","tenantId":"default","tags":[],"modelLockingEnabled":true,"modelEditable":false,"isModelEditable":false,"isModelLockingEnabled":true},{"id":"QUERY_DEFINITION_MODEL-f95625e6-4d47-4494-bbfd-1ad9116feeb9","name":"PGN_Q005 Open Petition Requests","version":1,"modelType":19,"createdBy":"admin","lastUpdatedBy":"admin","lastUpdated":"2022-12-27T10:07:17.011+00:00","key":"PGN_Q005","tenantId":"default","tags":[],"modelLockingEnabled":true,"modelEditable":true,"isModelEditable":true,"isModelLockingEnabled":true}],"linkedModels":[],"pages":[{"id":"PAGE_MODEL-480a02a2-43d7-466a-ab4a-af54258946b3","name":"PGN_PG002 Tasks dashboard","version":1,"modelType":9,"description":"","createdBy":"admin","lastUpdatedBy":"admin","lastUpdated":"2022-12-27T10:07:16.909+00:00","key":"PGN_PG002","tenantId":"default","tags":[],"label":"Pending tasks","url":"my-tasks","i18n":{"key":{"label":"pgn.page.tasks"},"es_es":{"label":"Tareas pendientes"}},"modelLockingEnabled":true,"modelEditable":false,"isModelEditable":false,"isModelLockingEnabled":true},{"id":"PAGE_MODEL-c3108f9f-6e85-40d2-a21b-e120163949bb","name":"PGN_PG003 Assigned Operations","version":1,"modelType":9,"description":"","createdBy":"admin","lastUpdatedBy":"admin","lastUpdated":"2022-12-27T10:07:16.914+00:00","key":"PGN_PG003","tenantId":"default","tags":[],"label":"Assigned operations","url":"assigned-operations","i18n":{"key":{"label":"Assigned operations"},"es_es":{"label":"Operaciones asignadas"}},"modelLockingEnabled":true,"modelEditable":false,"isModelEditable":false,"isModelLockingEnabled":true},{"id":"PAGE_MODEL-530d0afb-6f89-47b7-910d-f269688f0680","name":"PGN_PG004 Unassigned Operations Page","version":1,"modelType":9,"description":"","createdBy":"admin","lastUpdatedBy":"admin","lastUpdated":"2022-12-27T10:07:16.919+00:00","key":"PGN_PG004","tenantId":"default","tags":[],"label":"Unassigned Operations","url":"unassigned-operations","i18n":{"es_es":{"label":"Operaciones sin asignar"},"key":{"label":"Unassigned Operations"}},"modelLockingEnabled":true,"modelEditable":true,"isModelEditable":true,"isModelLockingEnabled":true},{"id":"PAGE_MODEL-1d5eb469-06ee-48c7-ab1c-c6df158cf775","name":"PGN_PG005 Consulta de peticiones abiertas","version":1,"modelType":9,"description":"","createdBy":"admin","lastUpdatedBy":"admin","lastUpdated":"2022-12-27T10:07:16.923+00:00","key":"PGN_PG005","tenantId":"default","tags":[],"label":"Open Petitions Requests","url":"open-petitions-requests","i18n":{"key":{"label":"Open Petitions Requests"},"es_es":{"label":"Consulta de Peticiones Abiertas"}},"modelLockingEnabled":true,"modelEditable":true,"isModelEditable":true,"isModelLockingEnabled":true}],"theme":"theme-6","icon":"glyphicon-globe","name":"TradeFlowNxt","key":"pagonxt-dashboard-app","flowApp":true,"url":"pagonxt","order":1,"i18n":{},"isRelease":false}}