{"id":"DMN_MODEL-9a137594-0161-48fd-ad47-f9fd4a934767","name":"MTR_D002 MiniTrade SLA Decision Table","key":"MTR_D002","description":null,"tenantId":"default","editorJson":{"id":"DMN_MODEL-7bbd3998-6ccf-40a3-9891-55077fef8aa0","modelVersion":"3","name":"MTR_D002 MiniTrade SLA Decision Table","key":"MTR_D002","forceDMN11":false,"hitIndicator":"FIRST","inputExpressions":[{"id":"inputExpression_a7b8d4e2-a524-4111-9277-adfcaea1b849","variableId":"root.product","variableType":null,"type":"string","label":"Product","entries":["CLE"],"newVariable":false,"complexExpression":false},{"id":"inputExpression_ae894bef-7ae7-462c-aa12-86d8f7b944ce","variableId":"root.event","variableType":null,"type":"string","label":"Event","entries":["REQUEST","ADVANCE","MODIFICATION","ADVANCE_MODIFICATION","ADVANCE_CANCELLATION","OTHER_OPERATIONS"],"newVariable":false,"complexExpression":false},{"id":"inputExpression_c8551df9-c3de-4253-a868-22badf35bd49","variableId":"root.operation.priority","variableType":null,"type":"string","label":"Priority","entries":["urgent","normal"],"newVariable":false,"complexExpression":false}],"outputExpressions":[{"id":"outputExpression_95f973ae-e1e1-464f-b698-a2d3a9607647","variableId":"root.SLA_startSLATime","variableType":null,"type":"string","label":"Start SLA","entries":null,"newVariable":false,"complexExpression":false},{"id":"outputExpression_2cde71f6-31ca-499a-a02a-89d0b6e063d1","variableId":"root.SLA_endSLATime","variableType":null,"type":"string","label":"End SLA","entries":null,"newVariable":false,"complexExpression":false},{"id":"outputExpression_11de1df1-9747-4bba-8e08-60a768376c64","variableId":"root.SLA_cutOff","variableType":null,"type":"string","label":"CutOff","entries":null,"newVariable":false,"complexExpression":false},{"id":"outputExpression_eae2b526-5bac-4d02-88cb-9d3553c0da73","variableId":"root.SLA_resolutionTime","variableType":null,"type":"number","label":"Resolution Time","entries":null,"newVariable":false,"complexExpression":false},{"id":"outputExpression_76951006-594d-49fc-bdf1-f47a687318dd","variableId":"root.SLA_endOnholdAsPriority","variableType":null,"type":"boolean","label":"End onHold as Priority","entries":null,"newVariable":false,"complexExpression":false},{"id":"outputExpression_4a0980b5-23fa-473d-a96a-f911131969ea","variableId":"root.SLA_priority","variableType":null,"type":"boolean","label":"Priority","entries":null,"newVariable":false,"complexExpression":false}],"rules":[{"inputExpression_a7b8d4e2-a524-4111-9277-adfcaea1b849_operator":"==","inputExpression_a7b8d4e2-a524-4111-9277-adfcaea1b849_expression":"CLE","inputExpression_ae894bef-7ae7-462c-aa12-86d8f7b944ce_operator":"==","inputExpression_ae894bef-7ae7-462c-aa12-86d8f7b944ce_expression":"REQUEST","inputExpression_c8551df9-c3de-4253-a868-22badf35bd49_operator":"==","inputExpression_c8551df9-c3de-4253-a868-22badf35bd49_expression":"normal","outputExpression_95f973ae-e1e1-464f-b698-a2d3a9607647":"08:00","outputExpression_2cde71f6-31ca-499a-a02a-89d0b6e063d1":"16:30","outputExpression_11de1df1-9747-4bba-8e08-60a768376c64":"13:00","outputExpression_eae2b526-5bac-4d02-88cb-9d3553c0da73":null,"outputExpression_76951006-594d-49fc-bdf1-f47a687318dd":"false","outputExpression_4a0980b5-23fa-473d-a96a-f911131969ea":"false"},{"inputExpression_a7b8d4e2-a524-4111-9277-adfcaea1b849_operator":"==","inputExpression_a7b8d4e2-a524-4111-9277-adfcaea1b849_expression":"CLE","inputExpression_ae894bef-7ae7-462c-aa12-86d8f7b944ce_operator":"==","inputExpression_ae894bef-7ae7-462c-aa12-86d8f7b944ce_expression":"REQUEST","inputExpression_c8551df9-c3de-4253-a868-22badf35bd49_operator":"==","inputExpression_c8551df9-c3de-4253-a868-22badf35bd49_expression":"urgent","outputExpression_95f973ae-e1e1-464f-b698-a2d3a9607647":"08:00","outputExpression_2cde71f6-31ca-499a-a02a-89d0b6e063d1":"16:30","outputExpression_11de1df1-9747-4bba-8e08-60a768376c64":"14:00","outputExpression_eae2b526-5bac-4d02-88cb-9d3553c0da73":150,"outputExpression_76951006-594d-49fc-bdf1-f47a687318dd":"true","outputExpression_4a0980b5-23fa-473d-a96a-f911131969ea":"true"},{"inputExpression_a7b8d4e2-a524-4111-9277-adfcaea1b849_operator":"==","inputExpression_a7b8d4e2-a524-4111-9277-adfcaea1b849_expression":"CLE","inputExpression_ae894bef-7ae7-462c-aa12-86d8f7b944ce_operator":"==","inputExpression_ae894bef-7ae7-462c-aa12-86d8f7b944ce_expression":"ADVANCE","inputExpression_c8551df9-c3de-4253-a868-22badf35bd49_operator":"==","inputExpression_c8551df9-c3de-4253-a868-22badf35bd49_expression":"normal","outputExpression_95f973ae-e1e1-464f-b698-a2d3a9607647":"08:00","outputExpression_2cde71f6-31ca-499a-a02a-89d0b6e063d1":"16:30","outputExpression_11de1df1-9747-4bba-8e08-60a768376c64":"13:00","outputExpression_eae2b526-5bac-4d02-88cb-9d3553c0da73":null,"outputExpression_76951006-594d-49fc-bdf1-f47a687318dd":"false","outputExpression_4a0980b5-23fa-473d-a96a-f911131969ea":"false"},{"inputExpression_a7b8d4e2-a524-4111-9277-adfcaea1b849_operator":"==","inputExpression_a7b8d4e2-a524-4111-9277-adfcaea1b849_expression":"CLE","inputExpression_ae894bef-7ae7-462c-aa12-86d8f7b944ce_operator":"==","inputExpression_ae894bef-7ae7-462c-aa12-86d8f7b944ce_expression":"ADVANCE","inputExpression_c8551df9-c3de-4253-a868-22badf35bd49_operator":"==","inputExpression_c8551df9-c3de-4253-a868-22badf35bd49_expression":"urgent","outputExpression_95f973ae-e1e1-464f-b698-a2d3a9607647":"08:00","outputExpression_2cde71f6-31ca-499a-a02a-89d0b6e063d1":"16:30","outputExpression_11de1df1-9747-4bba-8e08-60a768376c64":"14:00","outputExpression_eae2b526-5bac-4d02-88cb-9d3553c0da73":150,"outputExpression_76951006-594d-49fc-bdf1-f47a687318dd":"true","outputExpression_4a0980b5-23fa-473d-a96a-f911131969ea":"true"},{"inputExpression_a7b8d4e2-a524-4111-9277-adfcaea1b849_operator":"==","inputExpression_a7b8d4e2-a524-4111-9277-adfcaea1b849_expression":"CLE","inputExpression_ae894bef-7ae7-462c-aa12-86d8f7b944ce_operator":"==","inputExpression_ae894bef-7ae7-462c-aa12-86d8f7b944ce_expression":"MODIFICATION","inputExpression_c8551df9-c3de-4253-a868-22badf35bd49_operator":"==","inputExpression_c8551df9-c3de-4253-a868-22badf35bd49_expression":"normal","outputExpression_95f973ae-e1e1-464f-b698-a2d3a9607647":"08:00","outputExpression_2cde71f6-31ca-499a-a02a-89d0b6e063d1":"16:30","outputExpression_11de1df1-9747-4bba-8e08-60a768376c64":"13:00","outputExpression_eae2b526-5bac-4d02-88cb-9d3553c0da73":null,"outputExpression_76951006-594d-49fc-bdf1-f47a687318dd":"false","outputExpression_4a0980b5-23fa-473d-a96a-f911131969ea":"false"},{"inputExpression_a7b8d4e2-a524-4111-9277-adfcaea1b849_operator":"==","inputExpression_a7b8d4e2-a524-4111-9277-adfcaea1b849_expression":"CLE","inputExpression_ae894bef-7ae7-462c-aa12-86d8f7b944ce_operator":"==","inputExpression_ae894bef-7ae7-462c-aa12-86d8f7b944ce_expression":"MODIFICATION","inputExpression_c8551df9-c3de-4253-a868-22badf35bd49_operator":"==","inputExpression_c8551df9-c3de-4253-a868-22badf35bd49_expression":"urgent","outputExpression_95f973ae-e1e1-464f-b698-a2d3a9607647":"08:00","outputExpression_2cde71f6-31ca-499a-a02a-89d0b6e063d1":"16:30","outputExpression_11de1df1-9747-4bba-8e08-60a768376c64":"14:00","outputExpression_eae2b526-5bac-4d02-88cb-9d3553c0da73":150,"outputExpression_76951006-594d-49fc-bdf1-f47a687318dd":"true","outputExpression_4a0980b5-23fa-473d-a96a-f911131969ea":"true"},{"inputExpression_a7b8d4e2-a524-4111-9277-adfcaea1b849_operator":"==","inputExpression_a7b8d4e2-a524-4111-9277-adfcaea1b849_expression":"CLE","inputExpression_ae894bef-7ae7-462c-aa12-86d8f7b944ce_operator":"==","inputExpression_ae894bef-7ae7-462c-aa12-86d8f7b944ce_expression":"ADVANCE_MODIFICATION","inputExpression_c8551df9-c3de-4253-a868-22badf35bd49_operator":"==","inputExpression_c8551df9-c3de-4253-a868-22badf35bd49_expression":"normal","outputExpression_95f973ae-e1e1-464f-b698-a2d3a9607647":"08:00","outputExpression_2cde71f6-31ca-499a-a02a-89d0b6e063d1":"16:30","outputExpression_11de1df1-9747-4bba-8e08-60a768376c64":"13:00","outputExpression_eae2b526-5bac-4d02-88cb-9d3553c0da73":null,"outputExpression_76951006-594d-49fc-bdf1-f47a687318dd":"false","outputExpression_4a0980b5-23fa-473d-a96a-f911131969ea":"false"},{"inputExpression_a7b8d4e2-a524-4111-9277-adfcaea1b849_operator":"==","inputExpression_a7b8d4e2-a524-4111-9277-adfcaea1b849_expression":"CLE","inputExpression_ae894bef-7ae7-462c-aa12-86d8f7b944ce_operator":"==","inputExpression_ae894bef-7ae7-462c-aa12-86d8f7b944ce_expression":"ADVANCE_MODIFICATION","inputExpression_c8551df9-c3de-4253-a868-22badf35bd49_operator":"==","inputExpression_c8551df9-c3de-4253-a868-22badf35bd49_expression":"urgent","outputExpression_95f973ae-e1e1-464f-b698-a2d3a9607647":"08:00","outputExpression_2cde71f6-31ca-499a-a02a-89d0b6e063d1":"16:30","outputExpression_11de1df1-9747-4bba-8e08-60a768376c64":"14:00","outputExpression_eae2b526-5bac-4d02-88cb-9d3553c0da73":150,"outputExpression_76951006-594d-49fc-bdf1-f47a687318dd":"true","outputExpression_4a0980b5-23fa-473d-a96a-f911131969ea":"true"},{"inputExpression_a7b8d4e2-a524-4111-9277-adfcaea1b849_operator":"==","inputExpression_a7b8d4e2-a524-4111-9277-adfcaea1b849_expression":"CLE","inputExpression_ae894bef-7ae7-462c-aa12-86d8f7b944ce_operator":"==","inputExpression_ae894bef-7ae7-462c-aa12-86d8f7b944ce_expression":"ADVANCE_CANCELLATION","inputExpression_c8551df9-c3de-4253-a868-22badf35bd49_operator":"==","inputExpression_c8551df9-c3de-4253-a868-22badf35bd49_expression":"normal","outputExpression_95f973ae-e1e1-464f-b698-a2d3a9607647":"08:00","outputExpression_2cde71f6-31ca-499a-a02a-89d0b6e063d1":"16:30","outputExpression_11de1df1-9747-4bba-8e08-60a768376c64":"13:00","outputExpression_eae2b526-5bac-4d02-88cb-9d3553c0da73":null,"outputExpression_76951006-594d-49fc-bdf1-f47a687318dd":"false","outputExpression_4a0980b5-23fa-473d-a96a-f911131969ea":"false"},{"inputExpression_a7b8d4e2-a524-4111-9277-adfcaea1b849_operator":"==","inputExpression_a7b8d4e2-a524-4111-9277-adfcaea1b849_expression":"CLE","inputExpression_ae894bef-7ae7-462c-aa12-86d8f7b944ce_operator":"==","inputExpression_ae894bef-7ae7-462c-aa12-86d8f7b944ce_expression":"ADVANCE_CANCELLATION","inputExpression_c8551df9-c3de-4253-a868-22badf35bd49_operator":"==","inputExpression_c8551df9-c3de-4253-a868-22badf35bd49_expression":"urgent","outputExpression_95f973ae-e1e1-464f-b698-a2d3a9607647":"08:00","outputExpression_2cde71f6-31ca-499a-a02a-89d0b6e063d1":"16:30","outputExpression_11de1df1-9747-4bba-8e08-60a768376c64":"14:00","outputExpression_eae2b526-5bac-4d02-88cb-9d3553c0da73":150,"outputExpression_76951006-594d-49fc-bdf1-f47a687318dd":"true","outputExpression_4a0980b5-23fa-473d-a96a-f911131969ea":"true"},{"inputExpression_a7b8d4e2-a524-4111-9277-adfcaea1b849_operator":"==","inputExpression_a7b8d4e2-a524-4111-9277-adfcaea1b849_expression":"CLE","inputExpression_ae894bef-7ae7-462c-aa12-86d8f7b944ce_operator":"==","inputExpression_ae894bef-7ae7-462c-aa12-86d8f7b944ce_expression":"OTHER_OPERATIONS","inputExpression_c8551df9-c3de-4253-a868-22badf35bd49_operator":"==","inputExpression_c8551df9-c3de-4253-a868-22badf35bd49_expression":"normal","outputExpression_95f973ae-e1e1-464f-b698-a2d3a9607647":"08:00","outputExpression_2cde71f6-31ca-499a-a02a-89d0b6e063d1":"16:30","outputExpression_11de1df1-9747-4bba-8e08-60a768376c64":"13:00","outputExpression_eae2b526-5bac-4d02-88cb-9d3553c0da73":null,"outputExpression_76951006-594d-49fc-bdf1-f47a687318dd":"false","outputExpression_4a0980b5-23fa-473d-a96a-f911131969ea":"false"},{"inputExpression_a7b8d4e2-a524-4111-9277-adfcaea1b849_operator":"==","inputExpression_a7b8d4e2-a524-4111-9277-adfcaea1b849_expression":"CLE","inputExpression_ae894bef-7ae7-462c-aa12-86d8f7b944ce_operator":"==","inputExpression_ae894bef-7ae7-462c-aa12-86d8f7b944ce_expression":"OTHER_OPERATIONS","inputExpression_c8551df9-c3de-4253-a868-22badf35bd49_operator":"==","inputExpression_c8551df9-c3de-4253-a868-22badf35bd49_expression":"urgent","outputExpression_95f973ae-e1e1-464f-b698-a2d3a9607647":"08:00","outputExpression_2cde71f6-31ca-499a-a02a-89d0b6e063d1":"16:30","outputExpression_11de1df1-9747-4bba-8e08-60a768376c64":"14:00","outputExpression_eae2b526-5bac-4d02-88cb-9d3553c0da73":150,"outputExpression_76951006-594d-49fc-bdf1-f47a687318dd":"true","outputExpression_4a0980b5-23fa-473d-a96a-f911131969ea":"true"},{"inputExpression_a7b8d4e2-a524-4111-9277-adfcaea1b849_operator":"==","inputExpression_a7b8d4e2-a524-4111-9277-adfcaea1b849_expression":"CLI","inputExpression_ae894bef-7ae7-462c-aa12-86d8f7b944ce_operator":"==","inputExpression_ae894bef-7ae7-462c-aa12-86d8f7b944ce_expression":"REQUEST","inputExpression_c8551df9-c3de-4253-a868-22badf35bd49_operator":"==","inputExpression_c8551df9-c3de-4253-a868-22badf35bd49_expression":"normal","outputExpression_95f973ae-e1e1-464f-b698-a2d3a9607647":"08:00","outputExpression_2cde71f6-31ca-499a-a02a-89d0b6e063d1":"16:30","outputExpression_11de1df1-9747-4bba-8e08-60a768376c64":"13:00","outputExpression_eae2b526-5bac-4d02-88cb-9d3553c0da73":"","outputExpression_76951006-594d-49fc-bdf1-f47a687318dd":"false","outputExpression_4a0980b5-23fa-473d-a96a-f911131969ea":"false"},{"inputExpression_a7b8d4e2-a524-4111-9277-adfcaea1b849_operator":"==","inputExpression_a7b8d4e2-a524-4111-9277-adfcaea1b849_expression":"CLI","inputExpression_ae894bef-7ae7-462c-aa12-86d8f7b944ce_operator":"==","inputExpression_ae894bef-7ae7-462c-aa12-86d8f7b944ce_expression":"REQUEST","inputExpression_c8551df9-c3de-4253-a868-22badf35bd49_operator":"==","inputExpression_c8551df9-c3de-4253-a868-22badf35bd49_expression":"urgent","outputExpression_95f973ae-e1e1-464f-b698-a2d3a9607647":"08:00","outputExpression_2cde71f6-31ca-499a-a02a-89d0b6e063d1":"16:30","outputExpression_11de1df1-9747-4bba-8e08-60a768376c64":"14:00","outputExpression_eae2b526-5bac-4d02-88cb-9d3553c0da73":150,"outputExpression_76951006-594d-49fc-bdf1-f47a687318dd":"true","outputExpression_4a0980b5-23fa-473d-a96a-f911131969ea":"true"},{"inputExpression_a7b8d4e2-a524-4111-9277-adfcaea1b849_operator":"==","inputExpression_a7b8d4e2-a524-4111-9277-adfcaea1b849_expression":"CLI","inputExpression_ae894bef-7ae7-462c-aa12-86d8f7b944ce_operator":"==","inputExpression_ae894bef-7ae7-462c-aa12-86d8f7b944ce_expression":"MODIFICATION","inputExpression_c8551df9-c3de-4253-a868-22badf35bd49_operator":"==","inputExpression_c8551df9-c3de-4253-a868-22badf35bd49_expression":"normal","outputExpression_95f973ae-e1e1-464f-b698-a2d3a9607647":"08:00","outputExpression_2cde71f6-31ca-499a-a02a-89d0b6e063d1":"16:30","outputExpression_11de1df1-9747-4bba-8e08-60a768376c64":"13:00","outputExpression_eae2b526-5bac-4d02-88cb-9d3553c0da73":"","outputExpression_76951006-594d-49fc-bdf1-f47a687318dd":"false","outputExpression_4a0980b5-23fa-473d-a96a-f911131969ea":"false"},{"inputExpression_a7b8d4e2-a524-4111-9277-adfcaea1b849_operator":"==","inputExpression_a7b8d4e2-a524-4111-9277-adfcaea1b849_expression":"CLI","inputExpression_ae894bef-7ae7-462c-aa12-86d8f7b944ce_operator":"==","inputExpression_ae894bef-7ae7-462c-aa12-86d8f7b944ce_expression":"MODIFICATION","inputExpression_c8551df9-c3de-4253-a868-22badf35bd49_operator":"==","inputExpression_c8551df9-c3de-4253-a868-22badf35bd49_expression":"urgent","outputExpression_95f973ae-e1e1-464f-b698-a2d3a9607647":"08:00","outputExpression_2cde71f6-31ca-499a-a02a-89d0b6e063d1":"16:30","outputExpression_11de1df1-9747-4bba-8e08-60a768376c64":"14:00","outputExpression_eae2b526-5bac-4d02-88cb-9d3553c0da73":150,"outputExpression_76951006-594d-49fc-bdf1-f47a687318dd":"true","outputExpression_4a0980b5-23fa-473d-a96a-f911131969ea":"true"}]}}