{"id":"DMN_MODEL-30c5eecc-3d44-4ecc-84e6-ec14f4c42b8c","name":"MTR_D001 MiniTrade Notifications Recipients Decision","key":"MTR_D001","description":null,"tenantId":"default","editorJson":{"id":"DMN_MODEL-963de022-2045-4a46-bc45-23cef5b9630d","modelVersion":"3","name":"MTR_D001 MiniTrade Notifications Recipients Decision","key":"MTR_D001","forceDMN11":false,"hitIndicator":"FIRST","inputExpressions":[{"id":"inputExpression_599a4021-ccfb-4242-a5fb-dc375c016087","variableId":"requesterType","variableType":null,"type":"string","label":"Requester Type","entries":["CUSTOMER","OFFICE","BO","MO"],"newVariable":false,"complexExpression":false}],"outputExpressions":[{"id":"outputExpression_27931daf-e83e-47a0-8eee-5e7783d431d4","variableId":"recipientTO","variableType":null,"type":"string","label":"Recipient TO","entries":null,"newVariable":false,"complexExpression":false},{"id":"outputExpression_a91e3da0-c26b-461b-9972-033c4b181e23","variableId":"recipientCC","variableType":null,"type":"string","label":"Recipient CC","entries":null,"newVariable":false,"complexExpression":false}],"rules":[{"inputExpression_599a4021-ccfb-4242-a5fb-dc375c016087_operator":"==","inputExpression_599a4021-ccfb-4242-a5fb-dc375c016087_expression":"CUSTOMER","outputExpression_27931daf-e83e-47a0-8eee-5e7783d431d4":"${directoryExpressions.getCustomerEmail(customerCode)}","outputExpression_a91e3da0-c26b-461b-9972-033c4b181e23":"${directoryExpressions.getOfficeEmail(officeCode)}"},{"inputExpression_599a4021-ccfb-4242-a5fb-dc375c016087_operator":"==","inputExpression_599a4021-ccfb-4242-a5fb-dc375c016087_expression":"OFFICE","outputExpression_27931daf-e83e-47a0-8eee-5e7783d431d4":"${directoryExpressions.getOfficeEmail(officeCode)},${directoryExpressions.getOfficeUserEmail(requesterId)}","outputExpression_a91e3da0-c26b-461b-9972-033c4b181e23":"${directoryExpressions.getMiddleOfficeEmail(middleOfficeCode)}"},{"inputExpression_599a4021-ccfb-4242-a5fb-dc375c016087_operator":"==","inputExpression_599a4021-ccfb-4242-a5fb-dc375c016087_expression":"BO","outputExpression_27931daf-e83e-47a0-8eee-5e7783d431d4":"${directoryExpressions.getOfficeEmail(officeCode)}","outputExpression_a91e3da0-c26b-461b-9972-033c4b181e23":"${directoryExpressions.getMiddleOfficeEmail(middleOfficeCode)}"},{"inputExpression_599a4021-ccfb-4242-a5fb-dc375c016087_operator":"==","inputExpression_599a4021-ccfb-4242-a5fb-dc375c016087_expression":"MO","outputExpression_27931daf-e83e-47a0-8eee-5e7783d431d4":"${directoryExpressions.getOfficeEmail(officeCode)}","outputExpression_a91e3da0-c26b-461b-9972-033c4b181e23":"${directoryExpressions.getMiddleOfficeEmail(middleOfficeCode)}"}]}}