{"id":"APP_MODEL-3b6c3c54-33d4-42a8-8376-06a5a60c39ba","name":"MiniTrade","key":"miniTrade-app","description":"","editorJson":{"models":[{"id":"PROCESS_MODEL-e7c5d083-d8d9-4b79-9ff7-02e05a11d0a9","name":"MTR_ADD_OP_CLI_REQUEST MiniTrade Create Operation Proccess","version":7,"modelType":0,"description":"","createdBy":"josefa","lastUpdatedBy":"josefa","lastUpdated":"2023-01-30T11:30:33.624+00:00","lockedBy":"josefa","lockedAt":"2023-01-30T10:59:45.303+00:00","key":"MTR_ADD_OP_CLI_REQUEST","tenantId":"default","tags":[],"modelLockingEnabled":true,"modelEditable":true,"isModelEditable":true,"isModelLockingEnabled":true},{"id":"PROCESS_MODEL-5f22266e-cdb0-4c50-a03e-ac9c7bf42f23","name":"MTR_UPDATE_OP_CLI_REQUEST MiniTrade Update Operation Process","version":4,"modelType":0,"description":"","createdBy":"josefa","lastUpdatedBy":"josefa","lastUpdated":"2023-01-30T11:31:06.653+00:00","lockedBy":"josefa","lockedAt":"2023-01-30T11:20:49.991+00:00","key":"MTR_UPDATE_OP_CLI_REQUEST","tenantId":"default","tags":[],"modelLockingEnabled":true,"modelEditable":true,"isModelEditable":true,"isModelLockingEnabled":true},{"id":"PROCESS_MODEL-9d56ab32-99fa-4616-bf04-1d149c70c054","name":"MTR_P007 Calculate SLA Process","version":1,"modelType":0,"description":"","createdBy":"josefa","lastUpdatedBy":"josefa","lastUpdated":"2023-01-17T10:58:58.106+00:00","key":"MTR_P007","tenantId":"default","tags":[],"modelLockingEnabled":true,"modelEditable":false,"isModelEditable":false,"isModelLockingEnabled":true},{"id":"PROCESS_MODEL-cf5b8de5-56f9-4bc7-9f25-23443ecae642","name":"MTR_P001 MiniTrade Notification Process","version":3,"modelType":0,"description":"","createdBy":"josefa","lastUpdatedBy":"Jorge","lastUpdated":"2023-01-31T09:14:27.099+00:00","lockedBy":"Jorge","lockedAt":"2023-01-31T09:13:21.799+00:00","key":"MTR_P001","tenantId":"default","tags":[],"modelLockingEnabled":true,"modelEditable":true,"isModelEditable":true,"isModelLockingEnabled":true},{"id":"PROCESS_MODEL-24e90ad3-2446-4458-ae9a-408674744c42","name":"MTR_P002 MiniTrade Manage Process","version":6,"modelType":0,"description":"","createdBy":"josefa","lastUpdatedBy":"Jorge","lastUpdated":"2023-01-26T08:03:48.211+00:00","lockedBy":"Jorge","lockedAt":"2023-01-26T07:25:00.531+00:00","key":"MTR_P002","tenantId":"default","tags":[],"modelLockingEnabled":true,"modelEditable":true,"isModelEditable":true,"isModelLockingEnabled":true},{"id":"PROCESS_MODEL-4cf5db5c-87fd-40f0-98ee-d01beff2414b","name":"MTR_P003 MiniTrade Complete Info Process","version":2,"modelType":0,"createdBy":"josefa","lastUpdatedBy":"Jorge","lastUpdated":"2023-01-25T16:18:04.153+00:00","key":"MTR_P003","tenantId":"default","tags":[],"modelLockingEnabled":true,"modelEditable":false,"isModelEditable":false,"isModelLockingEnabled":true},{"id":"PROCESS_MODEL-c762de45-690d-447a-9753-0fed891158a8","name":"MTR_P004 MiniTrade Finalize Process","version":2,"modelType":0,"description":"","createdBy":"josefa","lastUpdatedBy":"Jorge","lastUpdated":"2023-01-25T16:20:19.963+00:00","key":"MTR_P004","tenantId":"default","tags":[],"modelLockingEnabled":true,"modelEditable":true,"isModelEditable":true,"isModelLockingEnabled":true},{"id":"PROCESS_MODEL-b431b050-e00c-46fd-ba91-5aad323812d7","name":"MTR_P005 MiniTrade Add Comment","version":1,"modelType":0,"description":"","createdBy":"josefa","lastUpdatedBy":"josefa","lastUpdated":"2023-01-17T10:58:58.113+00:00","key":"MTR_P005","tenantId":"default","tags":[],"modelLockingEnabled":true,"modelEditable":false,"isModelEditable":false,"isModelLockingEnabled":true},{"id":"PROCESS_MODEL-08b5aeff-ee0a-4dd9-aced-42918fd87184","name":"MTR_P006 MiniTrade Confirm Draft Process","version":1,"modelType":0,"description":"","createdBy":"josefa","lastUpdatedBy":"josefa","lastUpdated":"2023-01-17T10:58:58.111+00:00","key":"MTR_P006","tenantId":"default","tags":[],"modelLockingEnabled":true,"modelEditable":true,"isModelEditable":true,"isModelLockingEnabled":true},{"id":"PROCESS_MODEL-aacfac2c-2c3a-41a1-bbd9-dbfd4f83af1d","name":"MTR_CONFIG_CLI_REQUEST Mini Trade Config for Import Collection Request","version":4,"modelType":0,"description":"","createdBy":"josefa","lastUpdatedBy":"Jorge","lastUpdated":"2023-01-25T12:46:12.712+00:00","key":"MTR_CONFIG_CLI_REQUEST","tenantId":"default","tags":[],"modelLockingEnabled":true,"modelEditable":true,"isModelEditable":true,"isModelLockingEnabled":true},{"id":"PROCESS_MODEL-af313e30-3e77-40bd-8d92-87b96ce58fe3","name":"MTR_CREATE_APPROVED_CLI_REQUEST MiniTrade Create Approved Instance Process","version":1,"modelType":0,"description":"","createdBy":"josefa","lastUpdatedBy":"josefa","lastUpdated":"2023-01-17T10:58:58.125+00:00","key":"MTR_CREATE_APPROVED_CLI_REQUEST","tenantId":"default","tags":[],"modelLockingEnabled":true,"modelEditable":true,"isModelEditable":true,"isModelLockingEnabled":true},{"id":"PROCESS_MODEL-40fe9f9d-12d6-4b54-bac2-0743edcf1008","name":"MTR_ADD_OP_CLI_MODIFICATION MiniTrade Create Operation Proccess","version":1,"modelType":0,"description":"","createdBy":"josefa","lastUpdatedBy":"josefa","lastUpdated":"2023-01-17T10:58:58.123+00:00","key":"MTR_ADD_OP_CLI_MODIFICATION","tenantId":"default","tags":[],"modelLockingEnabled":true,"modelEditable":true,"isModelEditable":true,"isModelLockingEnabled":true},{"id":"PROCESS_MODEL-b0a8084d-ba7b-49f0-a324-40de3e741570","name":"MTR_CONFIG_CLI_MODIFICATION Mini Trade Config for Import Collection Modification","version":2,"modelType":0,"description":"","createdBy":"josefa","lastUpdatedBy":"Jorge","lastUpdated":"2023-01-25T12:52:19.426+00:00","key":"MTR_CONFIG_CLI_MODIFICATION","tenantId":"default","tags":[],"modelLockingEnabled":true,"modelEditable":true,"isModelEditable":true,"isModelLockingEnabled":true},{"id":"PROCESS_MODEL-e012684c-bb2c-489e-9875-e1257148679f","name":"MTR_UPDATE_OP_CLI_MODIFICATION MiniTrade Update Operation Process","version":1,"modelType":0,"description":"","createdBy":"josefa","lastUpdatedBy":"josefa","lastUpdated":"2023-01-17T10:58:58.030+00:00","key":"MTR_UPDATE_OP_CLI_MODIFICATION","tenantId":"default","tags":[]}],"cmmnModels":[{"id":"CASE_MODEL-5cb7f512-bcc3-4f03-b8f0-cd44ba799a72","name":"MTR_C001 MiniTrade Case Model","version":4,"modelType":5,"description":"","createdBy":"josefa","lastUpdatedBy":"Jorge","lastUpdated":"2023-01-25T13:14:24.437+00:00","key":"MTR_C001","tenantId":"default","tags":[],"modelLockingEnabled":true,"modelEditable":true,"isModelEditable":true,"isModelLockingEnabled":true}],"formModels":[{"id":"FORM_MODEL-33d995e6-a1ed-4783-ad98-37ede76e45d3","name":"MTR_F001 MiniTrade Manage Action Buttons and Comment Subform","version":2,"modelType":2,"description":"","createdBy":"josefa","lastUpdatedBy":"Jorge","lastUpdated":"2023-01-25T09:49:08.024+00:00","key":"MTR_F001","tenantId":"default","tags":[],"modelLockingEnabled":true,"modelEditable":true,"isModelEditable":true,"isModelLockingEnabled":true},{"id":"FORM_MODEL-540fc116-0ef4-45af-bdb1-42c9c4a3a341","name":"MTR_MANAGE_DEFAULT MiniTrade Manage Default Form","version":1,"modelType":2,"description":"","createdBy":"josefa","lastUpdatedBy":"josefa","lastUpdated":"2023-01-17T10:58:57.413+00:00","key":"MTR_MANAGE_DEFAULT","tenantId":"default","tags":[],"modelLockingEnabled":true,"modelEditable":false,"isModelEditable":false,"isModelLockingEnabled":true},{"id":"FORM_MODEL-887d68d8-a9b5-4410-8c8d-6dc8cfc82c94","name":"MTR_MANAGE_CLI_REQUEST MiniTrade Demo Form","version":2,"modelType":2,"description":"","createdBy":"josefa","lastUpdatedBy":"Jorge","lastUpdated":"2023-01-25T10:03:47.440+00:00","key":"MTR_MANAGE_CLI_REQUEST","tenantId":"default","tags":[],"modelLockingEnabled":true,"modelEditable":false,"isModelEditable":false,"isModelLockingEnabled":true},{"id":"FORM_MODEL-969e010d-8ecb-4ab5-8c92-fa6fb1f81efe","name":"MTR_RFI_CLI_REQUEST MiniTrade Request For Information Form","version":2,"modelType":2,"description":"","createdBy":"josefa","lastUpdatedBy":"Jorge","lastUpdated":"2023-01-25T10:04:43.535+00:00","key":"MTR_RFI_CLI_REQUEST","tenantId":"default","tags":[],"modelLockingEnabled":true,"modelEditable":true,"isModelEditable":true,"isModelLockingEnabled":true},{"id":"FORM_MODEL-1c46a9f9-e408-4099-89d3-6a6f7e33f2a1","name":"MTR_F002 MiniTrade Request For Information Actions and Return Data SubForm","version":1,"modelType":2,"description":"","createdBy":"josefa","lastUpdatedBy":"josefa","lastUpdated":"2023-01-17T10:58:57.109+00:00","key":"MTR_F002","tenantId":"default","tags":[],"modelLockingEnabled":true,"modelEditable":true,"isModelEditable":true,"isModelLockingEnabled":true},{"id":"FORM_MODEL-c5bee785-52ac-4d5a-a527-3382a68e9575","name":"MTR_RFI_DEMO MiniTrade Request For Information Default Form","version":1,"modelType":2,"description":"","createdBy":"josefa","lastUpdatedBy":"josefa","lastUpdated":"2023-01-17T10:58:57.011+00:00","key":"MTR_RFI_DEMO","tenantId":"default","tags":[],"modelLockingEnabled":true,"modelEditable":false,"isModelEditable":false,"isModelLockingEnabled":true},{"id":"FORM_MODEL-6e6e1bbf-398a-499e-bd88-cafbb349b363","name":"MTR_WF_DEFAULT MiniTrade Work Form Default Form","version":2,"modelType":2,"description":"","createdBy":"josefa","lastUpdatedBy":"Jorge","lastUpdated":"2023-01-26T07:06:41.202+00:00","key":"MTR_WF_DEFAULT","tenantId":"default","tags":[],"modelLockingEnabled":true,"modelEditable":false,"isModelEditable":false,"isModelLockingEnabled":true},{"id":"FORM_MODEL-16d1710b-09e1-4c27-94fc-a2a27d544d58","name":"MTR_START_FORM_TMP MiniTrade Start Form","version":1,"modelType":2,"description":"","createdBy":"josefa","lastUpdatedBy":"josefa","lastUpdated":"2023-01-17T10:58:57.317+00:00","key":"MTR_START_FORM_TMP","tenantId":"default","tags":[],"modelLockingEnabled":true,"modelEditable":false,"isModelEditable":false,"isModelLockingEnabled":true},{"id":"FORM_MODEL-91139671-6693-4cce-baec-5615d67ce98d","name":"MTR_FINALIZE_CLI_REQUEST MiniTrade Finalize Form","version":2,"modelType":2,"description":"","createdBy":"josefa","lastUpdatedBy":"Jorge","lastUpdated":"2023-01-25T09:51:47.140+00:00","key":"MTR_FINALIZE_CLI_REQUEST","tenantId":"default","tags":[],"modelLockingEnabled":true,"modelEditable":true,"isModelEditable":true,"isModelLockingEnabled":true},{"id":"FORM_MODEL-576ed1d2-ce05-4d65-9e19-415bf4ab5b98","name":"MTR_F003 MiniTrade Finalize Action Buttons and Comment Subform","version":2,"modelType":2,"description":"","createdBy":"josefa","lastUpdatedBy":"Jorge","lastUpdated":"2023-01-25T09:49:57.445+00:00","key":"MTR_F003","tenantId":"default","tags":[],"modelLockingEnabled":true,"modelEditable":true,"isModelEditable":true,"isModelLockingEnabled":true},{"id":"FORM_MODEL-35dcb66b-aa11-44ed-b7db-b1e811a00cba","name":"MTR_WF_CLI_REQUEST MiniTrade Work Form","version":2,"modelType":2,"description":"","createdBy":"Jorge","lastUpdatedBy":"Jorge","lastUpdated":"2023-01-25T10:05:53.603+00:00","key":"MTR_WF_CLI_REQUEST","tenantId":"default","tags":[]},{"id":"FORM_MODEL-48c55990-d725-4e85-86fb-6f9e15377e0a","name":"MTR_WF_CLI_MODIFICATION MiniTrade Work Form","version":2,"modelType":2,"description":"","createdBy":"Jorge","lastUpdatedBy":"Jorge","lastUpdated":"2023-01-25T10:05:38.880+00:00","key":"MTR_WF_CLI_MODIFICATION","tenantId":"default","tags":[]},{"id":"FORM_MODEL-300bad92-69ba-4005-9edd-b886e188add0","name":"MTR_CD_CLI_REQUEST MiniTrade Common Details","version":2,"modelType":2,"description":"","createdBy":"Jorge","lastUpdatedBy":"Jorge","lastUpdated":"2023-01-25T09:45:55.076+00:00","key":"MTR_CD_CLI_REQUEST","tenantId":"default","tags":[]},{"id":"FORM_MODEL-95811ad8-b4d6-4f90-94eb-30e9d3a51012","name":"MTR_CD_CLI_MODIFICATION MiniTrade Common Details","version":3,"modelType":2,"description":"","createdBy":"Jorge","lastUpdatedBy":"Jorge","lastUpdated":"2023-01-26T08:43:49.447+00:00","lockedBy":"Jorge","lockedAt":"2023-01-26T08:43:17.927+00:00","key":"MTR_CD_CLI_MODIFICATION","tenantId":"default","tags":[]},{"id":"FORM_MODEL-95811ad8-b4d6-4f90-94eb-30e9d3a51012","name":"MTR_CD_CLI_MODIFICATION MiniTrade Common Details","version":3,"modelType":2,"description":"","createdBy":"Jorge","lastUpdatedBy":"Jorge","lastUpdated":"2023-01-26T08:43:49.447+00:00","lockedBy":"Jorge","lockedAt":"2023-01-26T08:43:17.927+00:00","key":"MTR_CD_CLI_MODIFICATION","tenantId":"default","tags":[]},{"id":"FORM_MODEL-300bad92-69ba-4005-9edd-b886e188add0","name":"MTR_CD_CLI_REQUEST MiniTrade Common Details","version":2,"modelType":2,"description":"","createdBy":"Jorge","lastUpdatedBy":"Jorge","lastUpdated":"2023-01-25T09:45:55.076+00:00","key":"MTR_CD_CLI_REQUEST","tenantId":"default","tags":[]},{"id":"FORM_MODEL-1351d19b-1b3d-43bc-9b2e-c4ba105a50ba","name":"MTR_CF_CLI_MODIFICATION MiniTrade Common Form","version":1,"modelType":2,"description":"","createdBy":"Jorge","lastUpdatedBy":"Jorge","lastUpdated":"2023-01-25T09:46:44.118+00:00","key":"MTR_CF_CLI_MODIFICATION","tenantId":"default","tags":[]},{"id":"FORM_MODEL-dd7b381e-16a5-4aa5-9491-9a93b5380ed1","name":"MTR_CF_CLI_REQUEST MiniTrade Common Form","version":4,"modelType":2,"description":"","createdBy":"Jorge","lastUpdatedBy":"Jorge","lastUpdated":"2023-01-26T07:21:33.418+00:00","lockedBy":"Jorge","lockedAt":"2023-01-26T07:14:47.341+00:00","key":"MTR_CF_CLI_REQUEST","tenantId":"default","tags":[]},{"id":"FORM_MODEL-33d995e6-a1ed-4783-ad98-37ede76e45d3","name":"MTR_F001 MiniTrade Manage Action Buttons and Comment Subform","version":2,"modelType":2,"description":"","createdBy":"josefa","lastUpdatedBy":"Jorge","lastUpdated":"2023-01-25T09:49:08.024+00:00","key":"MTR_F001","tenantId":"default","tags":[]},{"id":"FORM_MODEL-576ed1d2-ce05-4d65-9e19-415bf4ab5b98","name":"MTR_F003 MiniTrade Finalize Action Buttons and Comment Subform","version":2,"modelType":2,"description":"","createdBy":"josefa","lastUpdatedBy":"Jorge","lastUpdated":"2023-01-25T09:49:57.445+00:00","key":"MTR_F003","tenantId":"default","tags":[]},{"id":"FORM_MODEL-5cdd9a5d-592f-4d3c-8218-dbdc8d5e95f1","name":"MTR_FINALIZE_CLI_MODIFICATION MiniTrade Finalize Form","version":1,"modelType":2,"description":"","createdBy":"Jorge","lastUpdatedBy":"Jorge","lastUpdated":"2023-01-25T09:51:26.456+00:00","key":"MTR_FINALIZE_CLI_MODIFICATION","tenantId":"default","tags":[]},{"id":"FORM_MODEL-91139671-6693-4cce-baec-5615d67ce98d","name":"MTR_FINALIZE_CLI_REQUEST MiniTrade Finalize Form","version":2,"modelType":2,"description":"","createdBy":"josefa","lastUpdatedBy":"Jorge","lastUpdated":"2023-01-25T09:51:47.140+00:00","key":"MTR_FINALIZE_CLI_REQUEST","tenantId":"default","tags":[]},{"id":"FORM_MODEL-467b44c6-96a0-4e58-b159-7d6965796560","name":"MTR_MANAGE_CLI_MODIFICATION MiniTrade Manage Form","version":1,"modelType":2,"description":"","createdBy":"Jorge","lastUpdatedBy":"Jorge","lastUpdated":"2023-01-25T10:03:30.007+00:00","key":"MTR_MANAGE_CLI_MODIFICATION","tenantId":"default","tags":[]},{"id":"FORM_MODEL-887d68d8-a9b5-4410-8c8d-6dc8cfc82c94","name":"MTR_MANAGE_CLI_REQUEST MiniTrade Demo Form","version":2,"modelType":2,"description":"","createdBy":"josefa","lastUpdatedBy":"Jorge","lastUpdated":"2023-01-25T10:03:47.440+00:00","key":"MTR_MANAGE_CLI_REQUEST","tenantId":"default","tags":[]},{"id":"FORM_MODEL-86f04cbc-7aa1-4aae-8fb5-e750b25a63b9","name":"MTR_RFI_CLI_MODIFICATION MiniTrade Request For Information Form","version":1,"modelType":2,"description":"","createdBy":"Jorge","lastUpdatedBy":"Jorge","lastUpdated":"2023-01-25T10:04:26.122+00:00","key":"MTR_RFI_CLI_MODIFICATION","tenantId":"default","tags":[]},{"id":"FORM_MODEL-969e010d-8ecb-4ab5-8c92-fa6fb1f81efe","name":"MTR_RFI_CLI_REQUEST MiniTrade Request For Information Form","version":2,"modelType":2,"description":"","createdBy":"josefa","lastUpdatedBy":"Jorge","lastUpdated":"2023-01-25T10:04:43.535+00:00","key":"MTR_RFI_CLI_REQUEST","tenantId":"default","tags":[]},{"id":"FORM_MODEL-48c55990-d725-4e85-86fb-6f9e15377e0a","name":"MTR_WF_CLI_MODIFICATION MiniTrade Work Form","version":2,"modelType":2,"description":"","createdBy":"Jorge","lastUpdatedBy":"Jorge","lastUpdated":"2023-01-25T10:05:38.880+00:00","key":"MTR_WF_CLI_MODIFICATION","tenantId":"default","tags":[]},{"id":"FORM_MODEL-35dcb66b-aa11-44ed-b7db-b1e811a00cba","name":"MTR_WF_CLI_REQUEST MiniTrade Work Form","version":2,"modelType":2,"description":"","createdBy":"Jorge","lastUpdatedBy":"Jorge","lastUpdated":"2023-01-25T10:05:53.603+00:00","key":"MTR_WF_CLI_REQUEST","tenantId":"default","tags":[]},{"id":"FORM_MODEL-6e6e1bbf-398a-499e-bd88-cafbb349b363","name":"MTR_WF_DEFAULT MiniTrade Work Form Default Form","version":2,"modelType":2,"description":"","createdBy":"josefa","lastUpdatedBy":"Jorge","lastUpdated":"2023-01-26T07:06:41.202+00:00","key":"MTR_WF_DEFAULT","tenantId":"default","tags":[]}],"dmnModels":[{"id":"DMN_MODEL-9a137594-0161-48fd-ad47-f9fd4a934767","name":"MTR_D002 MiniTrade SLA Decision Table","version":1,"modelType":4,"createdBy":"josefa","lastUpdatedBy":"josefa","lastUpdated":"2023-01-17T10:58:57.924+00:00","key":"MTR_D002","tenantId":"default","tags":[],"modelLockingEnabled":true,"modelEditable":true,"isModelEditable":true,"isModelLockingEnabled":true},{"id":"DMN_MODEL-30c5eecc-3d44-4ecc-84e6-ec14f4c42b8c","name":"MTR_D001 MiniTrade Notifications Recipients Decision","version":1,"modelType":4,"createdBy":"josefa","lastUpdatedBy":"josefa","lastUpdated":"2023-01-17T10:58:57.920+00:00","key":"MTR_D001","tenantId":"default","tags":[],"modelLockingEnabled":true,"modelEditable":true,"isModelEditable":true,"isModelLockingEnabled":true}],"decisionServiceModels":[],"workModels":[{"id":"SEQUENCE_DEFINITION_MODEL-2595e7e2-4550-49e7-a816-04003941baca","name":"MTR_SEQ001  MiniTrade Sequence","version":1,"modelType":21,"createdBy":"josefa","lastUpdatedBy":"josefa","lastUpdated":"2023-01-17T10:58:57.927+00:00","key":"MTR_SEQ001","tenantId":"default","tags":[],"modelLockingEnabled":true,"modelEditable":false,"isModelEditable":false,"isModelLockingEnabled":true},{"id":"TEMPLATE_MODEL-5fc1f2b0-a221-4819-aa4d-330c192a468b","name":"MTR_TPL002 MiniTrade Email Body Template","version":3,"modelType":15,"description":"Email body template by notification type an language code","createdBy":"josefa","lastUpdatedBy":"Jorge","lastUpdated":"2023-01-26T15:27:27.513+00:00","lockedBy":"Jorge","lockedAt":"2023-01-26T15:16:55.193+00:00","key":"MTR_TPL002","tenantId":"default","tags":[],"modelLockingEnabled":true,"modelEditable":true,"isModelEditable":true,"isModelLockingEnabled":true},{"id":"TEMPLATE_MODEL-297f040f-586d-4b3f-926b-28946ec8edf1","name":"MTR_TPL001 MiniTrade Email Subject Template","version":3,"modelType":15,"description":"Template for email subject by notification type and language code","createdBy":"josefa","lastUpdatedBy":"Jorge","lastUpdated":"2023-01-26T15:29:20.113+00:00","lockedBy":"Jorge","lockedAt":"2023-01-26T15:03:20.857+00:00","key":"MTR_TPL001","tenantId":"default","tags":[],"modelLockingEnabled":true,"modelEditable":true,"isModelEditable":true,"isModelLockingEnabled":true},{"id":"DATA_OBJECT_MODEL-59cc2616-8f46-4dc0-ae96-3df0fa922a04","name":"CLI_DO001 Import Collection Request Data Object","version":1,"modelType":11,"createdBy":"josefa","lastUpdatedBy":"josefa","lastUpdated":"2023-01-17T10:58:57.930+00:00","key":"CLI_DO001","tenantId":"default","tags":[],"modelLockingEnabled":true,"modelEditable":true,"isModelEditable":true,"isModelLockingEnabled":true},{"id":"SERVICE_DEFINITION_MODEL-869d6232-b2dd-450a-a81f-7d5766fac3eb","name":"CLI_S001 Import Collection Request Data Source","version":3,"modelType":13,"createdBy":"josefa","lastUpdatedBy":"Jorge","lastUpdated":"2023-01-23T10:03:33.774+00:00","key":"CLI_S001","tenantId":"default","tags":[],"modelLockingEnabled":true,"modelEditable":true,"isModelEditable":true,"isModelLockingEnabled":true},{"id":"LIQUIBASE_CHANGELOG_MODEL-243de10f-7e22-4ed2-b4ec-c3db4a9cc6d9","name":"CLI_DOS001","version":1,"modelType":14,"createdBy":"josefa","lastUpdatedBy":"josefa","lastUpdated":"2023-01-17T10:58:58.008+00:00","key":"CLI_DOS001","tenantId":"default","tags":[],"modelLockingEnabled":true,"modelEditable":true,"isModelEditable":true,"isModelLockingEnabled":true},{"id":"QUERY_DEFINITION_MODEL-87f6feb0-607b-4e23-8588-9a19123f156c","name":"MiniTrade Elastic Query for My Prequest dashboard","version":1,"modelType":19,"createdBy":"josefa","lastUpdatedBy":"josefa","lastUpdated":"2023-01-17T10:58:57.926+00:00","key":"mtr-myRequests","tenantId":"default","tags":[],"modelLockingEnabled":true,"modelEditable":false,"isModelEditable":false,"isModelLockingEnabled":true},{"id":"DATA_OBJECT_MODEL-0e052b13-d84d-4c72-98aa-db5b8478b6ce","name":"CLI_DO002 Import Collection Modification Data Object","version":1,"modelType":11,"createdBy":"josefa","lastUpdatedBy":"josefa","lastUpdated":"2023-01-17T10:58:57.928+00:00","key":"CLI_DO002","tenantId":"default","tags":[],"modelLockingEnabled":true,"modelEditable":true,"isModelEditable":true,"isModelLockingEnabled":true},{"id":"DATA_OBJECT_MODEL-180b9c84-adbc-4acf-8040-747c4a28e085","name":"CLI_DO003 Import Collection Data Object","version":2,"modelType":11,"createdBy":"josefa","lastUpdatedBy":"josefa","lastUpdated":"2023-01-23T09:32:04.073+00:00","lockedBy":"josefa","lockedAt":"2023-01-19T10:28:07.271+00:00","key":"CLI_DO003","tenantId":"default","tags":[],"modelLockingEnabled":true,"modelEditable":true,"isModelEditable":true,"isModelLockingEnabled":true},{"id":"SERVICE_DEFINITION_MODEL-1cf14d6a-3982-49a5-a842-549d668402ea","name":"CLI_S003 Import Collecttion Service","version":2,"modelType":13,"createdBy":"josefa","lastUpdatedBy":"josefa","lastUpdated":"2023-01-19T10:31:59.712+00:00","lockedBy":"josefa","lockedAt":"2023-01-19T10:28:50.452+00:00","key":"CLI_S003","tenantId":"default","tags":[],"modelLockingEnabled":true,"modelEditable":true,"isModelEditable":true,"isModelLockingEnabled":true},{"id":"LIQUIBASE_CHANGELOG_MODEL-38181e47-fc70-4cb7-bbad-87fdca9eb10e","name":"CLI_DOS003","version":1,"modelType":14,"createdBy":"josefa","lastUpdatedBy":"josefa","lastUpdated":"2023-01-17T10:58:58.009+00:00","key":"CLI_DOS003","tenantId":"default","tags":[],"modelLockingEnabled":true,"modelEditable":true,"isModelEditable":true,"isModelLockingEnabled":true},{"id":"LIQUIBASE_CHANGELOG_MODEL-e20a6235-cf20-436c-9522-fca8e849843f","name":"CLI_DOS002","version":2,"modelType":14,"createdBy":"josefa","lastUpdatedBy":"Jorge","lastUpdated":"2023-01-19T11:09:59.654+00:00","key":"CLI_DOS002","tenantId":"default","tags":[],"modelLockingEnabled":true,"modelEditable":true,"isModelEditable":true,"isModelLockingEnabled":true},{"id":"SERVICE_DEFINITION_MODEL-42c34489-eebd-4557-9aba-a25cee5bbc30","name":"CLI_S002 Import Collection Modification Data Source","version":2,"modelType":13,"createdBy":"josefa","lastUpdatedBy":"Jorge","lastUpdated":"2023-01-19T11:09:50.499+00:00","key":"CLI_S002","tenantId":"default","tags":[],"modelLockingEnabled":true,"modelEditable":true,"isModelEditable":true,"isModelLockingEnabled":true}],"linkedModels":[],"pages":[],"theme":"theme-5","icon":"glyphicon-cog","name":"MiniTrade","key":"miniTrade-app","flowApp":true,"url":"miniTradeApp","order":3,"i18n":{},"isRelease":false}}