{"id":"FORM_MODEL-d7711388-32a9-40df-8f5f-133e77cfdc39","name":"UM_F004 User Registration Form","key":"UM_F004","description":"","tenantId":"default","editorJson":{"resourceId":"editor_FORM_MODEL-d7711388-32a9-40df-8f5f-133e77cfdc39","stencil":{"id":"XForm"},"pathProperties":{"outcomes":"outcomes","outcomevariablename":"outcomeVariableName","events":"extraSettings.events","dialog-size":"dialogSize","dialog-size-run":"dialogSize","dialog-title":"dialogTitle","dialog-title_i18n-key":"dialogTitle","dialog-description":"dialogDescription","force-validation":"forceValidation","custom-validations":"customValidations","validation-panel-display":"extraSettings.validationPanelDisplay"},"pathMappingProperties":{},"xmlProperties":[],"childShapes":[{"resourceId":"panel1","stencil":{"id":"SlotPanel"},"pathProperties":{"id":"id"},"pathMappingProperties":{},"xmlProperties":[],"childShapes":[{"resourceId":"sub-panel1","stencil":{"id":"SubSlotPanel"},"pathProperties":{"label":"label","label_i18n-key":"label","label-position":"labelAlign","tooltip":"tooltip","tooltip_i18n-key":"tooltip","value":"value","default-value":"defaultValue","description":"description","description_i18n-key":"description","col-span":"size","ignored":"ignore","ignored-run":"ignore","visible":"visible","visible-run":"visible","enabled":"enabled","enabled-run":"enabled","required":"isRequired","required-run":"isRequired","style-class":"styleClass","custom-validations":"customValidations","validation-panel-display":"extraSettings.validationPanelDisplay","id":"id","modelevents":"modelEvents","modal-button-text":"extraSettings.modalButtonText","modal-button-text_i18n-key":"extraSettings.modalButtonText","modal-open":"extraSettings.modalOpen","collapsible":"extraSettings.collapsible","collapsed":"extraSettings.collapsed","collapsed-run":"extraSettings.collapsed","show-border":"extraSettings.showBorder","modal-width":"extraSettings.width","save-button-text":"extraSettings.saveButtonText","save-button-text_i18n-key":"extraSettings.saveButtonText","save-button-visible":"extraSettings.saveButtonVisible","save-button-visible-run":"extraSettings.saveButtonVisible","save-button-enabled":"extraSettings.saveButtonEnabled","save-button-enabled-run":"extraSettings.saveButtonEnabled","cancel-button-text":"extraSettings.cancelButtonText","cancel-button-text_i18n-key":"extraSettings.cancelButtonText","cancel-button-visible":"extraSettings.cancelButtonVisible","cancel-button-visible-run":"extraSettings.cancelButtonVisible","cancel-button-enabled":"extraSettings.cancelButtonEnabled","cancel-button-enabled-run":"extraSettings.cancelButtonEnabled"},"pathMappingProperties":{},"xmlProperties":["value"],"childShapes":[{"resourceId":"hline3","stencil":{"id":"Hline"},"pathProperties":{"label":"label","label_i18n-key":"label","label-position":"labelAlign","tooltip":"tooltip","tooltip_i18n-key":"tooltip","value":"value","default-value":"defaultValue","description":"description","description_i18n-key":"description","col-span":"size","ignored":"ignore","ignored-run":"ignore","visible":"visible","visible-run":"visible","enabled":"enabled","enabled-run":"enabled","required":"isRequired","required-run":"isRequired","style-class":"styleClass","custom-validations":"customValidations","validation-panel-display":"extraSettings.validationPanelDisplay","id":"id","modelevents":"modelEvents"},"pathMappingProperties":{},"xmlProperties":[],"childShapes":[],"bounds":{"lowerRight":{"x":955.8000000000001,"y":426},"upperLeft":{"x":15,"y":416}},"outputmappingproperties":{"custom-validations":{"type":"formlist","placeholders":[]},"modelevents":{"type":"formlist","placeholders":[]}},"properties":{"stencilid":"cloud-hline","stencilsuperid":"Hline","stencilsuperids":["Hline"],"customstencil":false,"bordercolor":"#000000","notes":"","label":"Hidden","label_i18n-key":"","label-position":"top","tooltip":"","tooltip_i18n-key":"","value":"","default-value":"","description":"","description_i18n-key":"","col-span":"1","ignored":false,"ignored-run":"","visible":false,"visible-run":"","enabled":true,"enabled-run":"","required":false,"required-run":"","style-class":"","documentation":"","custom-validations":"","validation-panel-display":"show","id":"hline3","width":"200","height":"","col":1,"col-align":"fill","col-weight":"","row":3,"row-align":"top","row-weight":"","size":12,"description-position":"bottom","description-align":"left","node-type":"","modelevents":"","xmlTag":"hline"},"ssextensions":[],"outgoing":[],"dockers":[],"labels":[{"styles":{"fill":"#000000","size":"12","italic":false,"bold":false},"ref":"input_text"},{"styles":{"fill":"#000000","size":"12","italic":false,"bold":false},"ref":"desc_text"}]},{"resourceId":"script-button4","stencil":{"id":"Button"},"pathProperties":{"button-text":"extraSettings.text","button-text_i18n-key":"extraSettings.text","button-script":"extraSettings.script","button-script-timer":"extraSettings.timer","rest-button-auto-execute":"extraSettings.autoExecute","rest-button-auto-execute-run":"extraSettings.autoExecute","rest-button-execute-always":"extraSettings.executeAlways","label":"label","label_i18n-key":"label","button-alignment":"extraSettings.alignment","button-alignment-run":"extraSettings.alignment","button-icon-url":"extraSettings.iconUrl","button-icon-alignment":"extraSettings.iconAlignment","button-tooltip":"extraSettings.tooltip","button-tooltip_i18n-key":"extraSettings.tooltip","primary":"primary","primary-run":"primary","label-position":"labelAlign","tooltip":"tooltip","tooltip_i18n-key":"tooltip","value":"value","default-value":"defaultValue","description":"description","description_i18n-key":"description","col-span":"size","ignored":"ignore","ignored-run":"ignore","visible":"visible","visible-run":"visible","enabled":"enabled","enabled-run":"enabled","required":"isRequired","required-run":"isRequired","style-class":"styleClass","custom-validations":"customValidations","validation-panel-display":"extraSettings.validationPanelDisplay","id":"id","modelevents":"modelEvents"},"pathMappingProperties":{},"xmlProperties":[],"childShapes":[],"bounds":{"lowerRight":{"x":955.8,"y":472},"upperLeft":{"x":811.5,"y":446}},"outputmappingproperties":{"custom-validations":{"type":"formlist","placeholders":[]},"modelevents":{"type":"formlist","placeholders":[]}},"properties":{"stencilid":"cloud-script-button","stencilsuperid":"Button","stencilsuperids":["Button"],"customstencil":false,"required":false,"notes":"","button-text":"'enableSuccess' --> true","button-text_i18n-key":"","value":"{{enableSuccess}}","description":"","visible":false,"ignored":false,"style-class":"","default-value":"","button-script":"{{true}}","button-script-timer":"","rest-button-auto-execute":"{{success == 'true'}}","rest-button-auto-execute-run":"{{success == 'true'}}","rest-button-execute-always":false,"bordercolor":"#000000","label":"","label_i18n-key":"","button-alignment":"left","button-alignment-run":"","button-icon-url":"","button-icon-alignment":"right","button-tooltip":"","button-tooltip_i18n-key":"","primary":false,"primary-run":"","label-position":"top","tooltip":"","tooltip_i18n-key":"","description_i18n-key":"","col-span":"1","ignored-run":"","visible-run":"","enabled":true,"enabled-run":"","required-run":"","documentation":"","custom-validations":"","validation-panel-display":"show","id":"script-button4","width":"200","height":"","col":11,"col-align":"fill","col-weight":"","row":4,"row-align":"top","row-weight":"","size":2,"description-position":"bottom","description-align":"left","node-type":"","modelevents":"","xmlTag":"scriptButton"},"ssextensions":[],"outgoing":[],"dockers":[],"labels":[{"styles":{"fill":"#000000","size":"12","italic":false,"bold":false},"ref":"label_text"},{"styles":{"fill":"#000000","size":"12","italic":false,"bold":false},"ref":"input_text"},{"styles":{"fill":"#000000","size":"12","italic":false,"bold":false},"ref":"desc_text"}]},{"resourceId":"script-button5","stencil":{"id":"Button"},"pathProperties":{"button-text":"extraSettings.text","button-text_i18n-key":"extraSettings.text","button-script":"extraSettings.script","button-script-timer":"extraSettings.timer","rest-button-auto-execute":"extraSettings.autoExecute","rest-button-auto-execute-run":"extraSettings.autoExecute","rest-button-execute-always":"extraSettings.executeAlways","label":"label","label_i18n-key":"label","button-alignment":"extraSettings.alignment","button-alignment-run":"extraSettings.alignment","button-icon-url":"extraSettings.iconUrl","button-icon-alignment":"extraSettings.iconAlignment","button-tooltip":"extraSettings.tooltip","button-tooltip_i18n-key":"extraSettings.tooltip","primary":"primary","primary-run":"primary","label-position":"labelAlign","tooltip":"tooltip","tooltip_i18n-key":"tooltip","value":"value","default-value":"defaultValue","description":"description","description_i18n-key":"description","col-span":"size","ignored":"ignore","ignored-run":"ignore","visible":"visible","visible-run":"visible","enabled":"enabled","enabled-run":"enabled","required":"isRequired","required-run":"isRequired","style-class":"styleClass","custom-validations":"customValidations","validation-panel-display":"extraSettings.validationPanelDisplay","id":"id","modelevents":"modelEvents"},"pathMappingProperties":{},"xmlProperties":[],"childShapes":[],"bounds":{"lowerRight":{"x":955.8000000000001,"y":521},"upperLeft":{"x":572.5500000000001,"y":495}},"outputmappingproperties":{"custom-validations":{"type":"formlist","placeholders":[]},"modelevents":{"type":"formlist","placeholders":[]}},"properties":{"stencilid":"cloud-script-button","stencilsuperid":"Button","stencilsuperids":["Button"],"customstencil":false,"required":false,"notes":"","button-text":"'$payload.newUserPanel' = false --> 'enableSuccess' = true","button-text_i18n-key":"","value":"{{$payload.newUserPanel}}","description":"","visible":false,"ignored":false,"style-class":"","default-value":"","button-script":"{{false}}","button-script-timer":"5000","rest-button-auto-execute":"{{enableSuccess}}","rest-button-auto-execute-run":"{{enableSuccess}}","rest-button-execute-always":false,"bordercolor":"#000000","label":"","label_i18n-key":"","button-alignment":"left","button-alignment-run":"","button-icon-url":"","button-icon-alignment":"right","button-tooltip":"","button-tooltip_i18n-key":"","primary":false,"primary-run":"","label-position":"top","tooltip":"","tooltip_i18n-key":"","description_i18n-key":"","col-span":"1","ignored-run":"","visible-run":"","enabled":true,"enabled-run":"","required-run":"","documentation":"","custom-validations":"","validation-panel-display":"show","id":"script-button5","width":"200","height":"","col":8,"col-align":"fill","col-weight":"","row":5,"row-align":"top","row-weight":"","size":5,"description-position":"bottom","description-align":"left","node-type":"","modelevents":"","xmlTag":"scriptButton"},"ssextensions":[],"outgoing":[],"dockers":[],"labels":[{"styles":{"fill":"#000000","size":"12","italic":false,"bold":false},"ref":"label_text"},{"styles":{"fill":"#000000","size":"12","italic":false,"bold":false},"ref":"input_text"},{"styles":{"fill":"#000000","size":"12","italic":false,"bold":false},"ref":"desc_text"}]},{"resourceId":"script-button2","stencil":{"id":"Button"},"pathProperties":{"button-text":"extraSettings.text","button-text_i18n-key":"extraSettings.text","button-script":"extraSettings.script","button-script-timer":"extraSettings.timer","rest-button-auto-execute":"extraSettings.autoExecute","rest-button-auto-execute-run":"extraSettings.autoExecute","rest-button-execute-always":"extraSettings.executeAlways","label":"label","label_i18n-key":"label","button-alignment":"extraSettings.alignment","button-alignment-run":"extraSettings.alignment","button-icon-url":"extraSettings.iconUrl","button-icon-alignment":"extraSettings.iconAlignment","button-tooltip":"extraSettings.tooltip","button-tooltip_i18n-key":"extraSettings.tooltip","primary":"primary","primary-run":"primary","label-position":"labelAlign","tooltip":"tooltip","tooltip_i18n-key":"tooltip","value":"value","default-value":"defaultValue","description":"description","description_i18n-key":"description","col-span":"size","ignored":"ignore","ignored-run":"ignore","visible":"visible","visible-run":"visible","enabled":"enabled","enabled-run":"enabled","required":"isRequired","required-run":"isRequired","style-class":"styleClass","custom-validations":"customValidations","validation-panel-display":"extraSettings.validationPanelDisplay","id":"id","modelevents":"modelEvents"},"pathMappingProperties":{},"xmlProperties":[],"childShapes":[],"bounds":{"lowerRight":{"x":955.8,"y":393},"upperLeft":{"x":811.5,"y":367}},"outputmappingproperties":{"custom-validations":{"type":"formlist","placeholders":[]},"modelevents":{"type":"formlist","placeholders":[]}},"properties":{"stencilid":"cloud-script-button","stencilsuperid":"Button","stencilsuperids":["Button"],"customstencil":false,"required":false,"notes":"","button-text":"Cancel","button-text_i18n-key":"cancel.expressionButton.overrideButtonText","value":"{{$payload.newUserPanel}}","description":"","visible":true,"ignored":false,"style-class":"","default-value":"","button-script":"{{false}}","button-script-timer":"","rest-button-auto-execute":false,"rest-button-auto-execute-run":"","rest-button-execute-always":false,"bordercolor":"#000000","label":"","label_i18n-key":"","button-alignment":"left","button-alignment-run":"","button-icon-url":"","button-icon-alignment":"right","button-tooltip":"","button-tooltip_i18n-key":"","primary":false,"primary-run":"","label-position":"top","tooltip":"","tooltip_i18n-key":"","description_i18n-key":"","col-span":"1","ignored-run":"","visible-run":"","enabled":true,"enabled-run":"","required-run":"","documentation":"","custom-validations":"","validation-panel-display":"show","id":"script-button2","width":"200","height":"","col":11,"col-align":"fill","col-weight":"","row":2,"row-align":"top","row-weight":"","size":2,"description-position":"bottom","description-align":"left","node-type":"","modelevents":"","xmlTag":"scriptButton"},"ssextensions":[],"outgoing":[],"dockers":[],"labels":[{"styles":{"fill":"#000000","size":"12","italic":false,"bold":false},"ref":"label_text"},{"styles":{"fill":"#000000","size":"12","italic":false,"bold":false},"ref":"input_text"},{"styles":{"fill":"#000000","size":"12","italic":false,"bold":false},"ref":"desc_text"}]},{"resourceId":"work-action1","stencil":{"id":"Button"},"pathProperties":{"button-text":"extraSettings.text","button-text_i18n-key":"extraSettings.text","button-script":"extraSettings.script","button-script-timer":"extraSettings.timer","rest-button-auto-execute":"extraSettings.autoExecute","rest-button-auto-execute-run":"extraSettings.autoExecute","rest-button-execute-always":"extraSettings.executeAlways","label":"label","label_i18n-key":"label","button-alignment":"extraSettings.alignment","button-alignment-run":"extraSettings.alignment","button-icon-url":"extraSettings.iconUrl","button-icon-alignment":"extraSettings.iconAlignment","button-tooltip":"extraSettings.tooltip","button-tooltip_i18n-key":"extraSettings.tooltip","primary":"primary","primary-run":"primary","label-position":"labelAlign","tooltip":"tooltip","tooltip_i18n-key":"tooltip","value":"value","default-value":"defaultValue","description":"description","description_i18n-key":"description","col-span":"size","ignored":"ignore","ignored-run":"ignore","visible":"visible","visible-run":"visible","enabled":"enabled","enabled-run":"enabled","required":"isRequired","required-run":"isRequired","style-class":"styleClass","custom-validations":"customValidations","validation-panel-display":"extraSettings.validationPanelDisplay","id":"id","modelevents":"modelEvents","actiondefinitionkey":"extraSettings.actionDefinitionKey","scopedefinitionid":"extraSettings.scopeDefinitionId","scopedefinitionid-run":"extraSettings.scopeDefinitionId","scopeid":"extraSettings.scopeId","scopeid-run":"extraSettings.scopeId","scopetype":"extraSettings.scopeType","scopetype-run":"extraSettings.scopeType","send-full-payload":"extraSettings.sendFullPayload","send-full-scope":"extraSettings.sendFullScope","sendpayloadmapping":"extraSettings.sendPayloadMapping","map-full-response":"extraSettings.mapFullResponse","map-response-inside-scope":"extraSettings.mapResponseInsideScope","responsepayloadmapping":"extraSettings.responsePayloadMapping","send-scope-id-to-get-definition":"extraSettings.sendScopeIdToGetDefinition","navigationurl":"extraSettings.navigationUrl","navigationurl-run":"extraSettings.navigationUrl","target":"extraSettings.target","target-run":"extraSettings.target","permission-groups":"extraSettings.permissionGroups"},"pathMappingProperties":{},"xmlProperties":[],"childShapes":[],"bounds":{"lowerRight":{"x":796.5,"y":393},"upperLeft":{"x":652.2,"y":367}},"specialproperties":{"actiondefinitionkey":{"type":"treeview"}},"outputmappingproperties":{"custom-validations":{"type":"formlist","placeholders":[]},"modelevents":{"type":"formlist","placeholders":[]},"sendpayloadmapping":{"type":"complex","placeholders":[]},"responsepayloadmapping":{"type":"complex","placeholders":[]}},"properties":{"stencilid":"work-action","stencilsuperid":"Button","stencilsuperids":["Component"],"customstencil":false,"required":"","notes":"","button-text":"Create user","button-text_i18n-key":"createUser.actionButton.overrideButtonText","value":".","description":"","visible":true,"ignored":false,"style-class":"","default-value":"","button-script":"{{example + 1}}","button-script-timer":"","rest-button-auto-execute":false,"rest-button-auto-execute-run":"","rest-button-execute-always":false,"bordercolor":"#000000","label":"","label_i18n-key":"","button-alignment":"left","button-alignment-run":"","button-icon-url":"","button-icon-alignment":"right","button-tooltip":"","button-tooltip_i18n-key":"","primary":true,"primary-run":"","label-position":"top","tooltip":"","tooltip_i18n-key":"","description_i18n-key":"","col-span":"1","ignored-run":"","visible-run":"","enabled":"{{displayName != null && displayName != '' && firstName != null && firstName != '' && lastName != null && lastName != '' && loginName != null && loginName != '' && email != null && email != ''&& success == 'false' && userProfile != null}}","enabled-run":"{{displayName != null && displayName != '' && firstName != null && firstName != '' && lastName != null && lastName != '' && loginName != null && loginName != '' && email != null && email != ''&& success == 'false' && userProfile != null}}","documentation":"","custom-validations":"","validation-panel-display":"show","id":"work-action1","width":"200","height":"","col":9,"col-align":"fill","col-weight":"","row":2,"row-align":"top","row-weight":"","size":2,"description-position":"bottom","description-align":"left","node-type":"","modelevents":"","button-alignement":"","button-icon-alignement":"","actiondefinitionkey":{"id":"ACTION_MODEL-44e3488f-0458-4a4f-8054-e3460821bffe","key":"UM_A003"},"scopedefinitionid":"","scopedefinitionid-run":"","scopeid":"","scopeid-run":"","scopetype":"","scopetype-run":"","send-full-payload":false,"send-full-scope":true,"sendpayloadmapping":"","map-full-response":false,"map-response-inside-scope":true,"responsepayloadmapping":{"totalCount":4,"items":[{"name":"$payload.newUser.message.en","expression":"{{$response.executionPayload.message.messageEN}}"},{"name":"$payload.newUser.message.es","expression":"{{$response.executionPayload.message.messageESP}}"},{"name":"$payload.newUser.enableMessage","expression":"{{true}}"},{"name":"$payload.newUser.success","expression":"{{$response.executionPayload.message.success}}"}]},"send-scope-id-to-get-definition":true,"navigationurl":"","navigationurl-run":"","target":"","target-run":"","permission-groups":"","xmlTag":"workAction"},"ssextensions":[],"outgoing":[],"dockers":[],"labels":[{"styles":{"fill":"#000000","size":"12","italic":false,"bold":false},"ref":"label_text"},{"styles":{"fill":"#000000","size":"12","italic":false,"bold":false},"ref":"input_text"},{"styles":{"fill":"#000000","size":"12","italic":false,"bold":false},"ref":"desc_text"}]},{"resourceId":"sub-panel6","stencil":{"id":"SubSlotPanel"},"pathProperties":{"label":"label","label_i18n-key":"label","label-position":"labelAlign","tooltip":"tooltip","tooltip_i18n-key":"tooltip","value":"value","default-value":"defaultValue","description":"description","description_i18n-key":"description","col-span":"size","ignored":"ignore","ignored-run":"ignore","visible":"visible","visible-run":"visible","enabled":"enabled","enabled-run":"enabled","required":"isRequired","required-run":"isRequired","style-class":"styleClass","custom-validations":"customValidations","validation-panel-display":"extraSettings.validationPanelDisplay","id":"id","modelevents":"modelEvents","modal-button-text":"extraSettings.modalButtonText","modal-button-text_i18n-key":"extraSettings.modalButtonText","modal-open":"extraSettings.modalOpen","collapsible":"extraSettings.collapsible","collapsed":"extraSettings.collapsed","collapsed-run":"extraSettings.collapsed","show-border":"extraSettings.showBorder","modal-width":"extraSettings.width","save-button-text":"extraSettings.saveButtonText","save-button-text_i18n-key":"extraSettings.saveButtonText","save-button-visible":"extraSettings.saveButtonVisible","save-button-visible-run":"extraSettings.saveButtonVisible","save-button-enabled":"extraSettings.saveButtonEnabled","save-button-enabled-run":"extraSettings.saveButtonEnabled","cancel-button-text":"extraSettings.cancelButtonText","cancel-button-text_i18n-key":"extraSettings.cancelButtonText","cancel-button-visible":"extraSettings.cancelButtonVisible","cancel-button-visible-run":"extraSettings.cancelButtonVisible","cancel-button-enabled":"extraSettings.cancelButtonEnabled","cancel-button-enabled-run":"extraSettings.cancelButtonEnabled"},"pathMappingProperties":{},"xmlProperties":["value"],"childShapes":[{"resourceId":"text1","stencil":{"id":"base-text"},"pathProperties":{"min-length":"extraSettings.minLength","min-length-run":"extraSettings.minLength","min-length-error-msg":"minLengthErrorMessage","min-length-error-msg_i18n-key":"minLengthErrorMessage","max-length":"extraSettings.maxLength","max-length-run":"extraSettings.maxLength","max-length-error-msg":"maxLengthErrorMessage","max-length-error-msg_i18n-key":"maxLengthErrorMessage","placeholder":"placeholder","placeholder_i18n-key":"placeholder","label-position":"labelAlign","tooltip":"tooltip","tooltip_i18n-key":"tooltip","value":"value","default-value":"defaultValue","description":"description","description_i18n-key":"description","col-span":"size","ignored":"ignore","ignored-run":"ignore","visible":"visible","visible-run":"visible","enabled":"enabled","enabled-run":"enabled","required":"isRequired","required-run":"isRequired","style-class":"styleClass","custom-validations":"customValidations","validation-panel-display":"extraSettings.validationPanelDisplay","label":"label","label_i18n-key":"label","id":"id","modelevents":"modelEvents","validation-regexp":"validationRegExp","validation-regexp-error-msg":"validationRegExpErrorMessage","validation-regexp-error-msg_i18n-key":"validationRegExpErrorMessage","validation-mask":"validationMask","validation-mask-error-msg":"validationMaskErrorMessage","validation-mask-error-msg_i18n-key":"validationMaskErrorMessage"},"pathMappingProperties":{},"xmlProperties":["min-length","min-length-run","min-length-error-msg","min-length-error-msg_i18n-key","validation-regexp","validation-regexp-error-msg","validation-regexp-error-msg_i18n-key","validation-mask","validation-mask-error-msg","validation-mask-error-msg_i18n-key"],"childShapes":[],"bounds":{"lowerRight":{"x":927.6000000000001,"y":146},"upperLeft":{"x":15,"y":98}},"outputmappingproperties":{"custom-validations":{"type":"formlist","placeholders":[]},"modelevents":{"type":"formlist","placeholders":[]}},"properties":{"stencilid":"cloud-text","stencilsuperid":"base-text","stencilsuperids":["base-text"],"customstencil":false,"bordercolor":"#000000","notes":"","min-length":"","min-length-run":"","min-length-error-msg":"","min-length-error-msg_i18n-key":"","max-length":"","max-length-run":"","max-length-error-msg":"","max-length-error-msg_i18n-key":"","placeholder":"","placeholder_i18n-key":"","label-position":"top","tooltip":"","tooltip_i18n-key":"","value":"{{displayName}}","default-value":"","description":"","description_i18n-key":"","col-span":"1","ignored":false,"ignored-run":"","visible":true,"visible-run":"","enabled":true,"enabled-run":"","required":true,"required-run":"","style-class":"","documentation":"","custom-validations":"","validation-panel-display":"show","label":"Display name","label_i18n-key":"displayName.text.label","id":"text1","width":"200","height":"","col":1,"col-align":"fill","col-weight":"","row":2,"row-align":"top","row-weight":"","size":12,"description-position":"bottom","description-align":"left","node-type":"","modelevents":"","validation-regexp":"","validation-regexp-error-msg":"","validation-regexp-error-msg_i18n-key":"","validation-mask":"","validation-mask-error-msg":"","validation-mask-error-msg_i18n-key":"","xmlTag":"text"},"ssextensions":[],"outgoing":[],"dockers":[],"labels":[{"styles":{"fill":"#000000","size":"12","italic":false,"bold":false},"ref":"label_text"},{"styles":{"fill":"#000000","size":"12","italic":false,"bold":false},"ref":"input_text"},{"styles":{"fill":"#000000","size":"12","italic":false,"bold":false},"ref":"desc_text"}]},{"resourceId":"text2","stencil":{"id":"base-text"},"pathProperties":{"min-length":"extraSettings.minLength","min-length-run":"extraSettings.minLength","min-length-error-msg":"minLengthErrorMessage","min-length-error-msg_i18n-key":"minLengthErrorMessage","max-length":"extraSettings.maxLength","max-length-run":"extraSettings.maxLength","max-length-error-msg":"maxLengthErrorMessage","max-length-error-msg_i18n-key":"maxLengthErrorMessage","placeholder":"placeholder","placeholder_i18n-key":"placeholder","label-position":"labelAlign","tooltip":"tooltip","tooltip_i18n-key":"tooltip","value":"value","default-value":"defaultValue","description":"description","description_i18n-key":"description","col-span":"size","ignored":"ignore","ignored-run":"ignore","visible":"visible","visible-run":"visible","enabled":"enabled","enabled-run":"enabled","required":"isRequired","required-run":"isRequired","style-class":"styleClass","custom-validations":"customValidations","validation-panel-display":"extraSettings.validationPanelDisplay","label":"label","label_i18n-key":"label","id":"id","modelevents":"modelEvents","validation-regexp":"validationRegExp","validation-regexp-error-msg":"validationRegExpErrorMessage","validation-regexp-error-msg_i18n-key":"validationRegExpErrorMessage","validation-mask":"validationMask","validation-mask-error-msg":"validationMaskErrorMessage","validation-mask-error-msg_i18n-key":"validationMaskErrorMessage"},"pathMappingProperties":{},"xmlProperties":["min-length","min-length-run","min-length-error-msg","min-length-error-msg_i18n-key","validation-regexp","validation-regexp-error-msg","validation-regexp-error-msg_i18n-key","validation-mask","validation-mask-error-msg","validation-mask-error-msg_i18n-key"],"childShapes":[],"bounds":{"lowerRight":{"x":463.80000000000007,"y":219},"upperLeft":{"x":15,"y":171}},"outputmappingproperties":{"custom-validations":{"type":"formlist","placeholders":[]},"modelevents":{"type":"formlist","placeholders":[]}},"properties":{"stencilid":"cloud-text","stencilsuperid":"base-text","stencilsuperids":["base-text"],"customstencil":false,"bordercolor":"#000000","notes":"","min-length":"","min-length-run":"","min-length-error-msg":"","min-length-error-msg_i18n-key":"","max-length":"","max-length-run":"","max-length-error-msg":"","max-length-error-msg_i18n-key":"","placeholder":"","placeholder_i18n-key":"","label-position":"top","tooltip":"","tooltip_i18n-key":"","value":"{{firstName}}","default-value":"","description":"","description_i18n-key":"","col-span":"1","ignored":false,"ignored-run":"","visible":true,"visible-run":"","enabled":true,"enabled-run":"","required":true,"required-run":"","style-class":"","documentation":"","custom-validations":"","validation-panel-display":"show","label":"First name","label_i18n-key":"firstName.text.label","id":"text2","width":"200","height":"","col":1,"col-align":"fill","col-weight":"","row":3,"row-align":"top","row-weight":"","size":6,"description-position":"bottom","description-align":"left","node-type":"","modelevents":"","validation-regexp":"","validation-regexp-error-msg":"","validation-regexp-error-msg_i18n-key":"","validation-mask":"","validation-mask-error-msg":"","validation-mask-error-msg_i18n-key":"","xmlTag":"text"},"ssextensions":[],"outgoing":[],"dockers":[],"labels":[{"styles":{"fill":"#000000","size":"12","italic":false,"bold":false},"ref":"label_text"},{"styles":{"fill":"#000000","size":"12","italic":false,"bold":false},"ref":"input_text"},{"styles":{"fill":"#000000","size":"12","italic":false,"bold":false},"ref":"desc_text"}]},{"resourceId":"text3","stencil":{"id":"base-text"},"pathProperties":{"min-length":"extraSettings.minLength","min-length-run":"extraSettings.minLength","min-length-error-msg":"minLengthErrorMessage","min-length-error-msg_i18n-key":"minLengthErrorMessage","max-length":"extraSettings.maxLength","max-length-run":"extraSettings.maxLength","max-length-error-msg":"maxLengthErrorMessage","max-length-error-msg_i18n-key":"maxLengthErrorMessage","placeholder":"placeholder","placeholder_i18n-key":"placeholder","label-position":"labelAlign","tooltip":"tooltip","tooltip_i18n-key":"tooltip","value":"value","default-value":"defaultValue","description":"description","description_i18n-key":"description","col-span":"size","ignored":"ignore","ignored-run":"ignore","visible":"visible","visible-run":"visible","enabled":"enabled","enabled-run":"enabled","required":"isRequired","required-run":"isRequired","style-class":"styleClass","custom-validations":"customValidations","validation-panel-display":"extraSettings.validationPanelDisplay","label":"label","label_i18n-key":"label","id":"id","modelevents":"modelEvents","validation-regexp":"validationRegExp","validation-regexp-error-msg":"validationRegExpErrorMessage","validation-regexp-error-msg_i18n-key":"validationRegExpErrorMessage","validation-mask":"validationMask","validation-mask-error-msg":"validationMaskErrorMessage","validation-mask-error-msg_i18n-key":"validationMaskErrorMessage"},"pathMappingProperties":{},"xmlProperties":["min-length","min-length-run","min-length-error-msg","min-length-error-msg_i18n-key","validation-regexp","validation-regexp-error-msg","validation-regexp-error-msg_i18n-key","validation-mask","validation-mask-error-msg","validation-mask-error-msg_i18n-key"],"childShapes":[],"bounds":{"lowerRight":{"x":927.6000000000001,"y":219},"upperLeft":{"x":478.80000000000007,"y":171}},"outputmappingproperties":{"custom-validations":{"type":"formlist","placeholders":[]},"modelevents":{"type":"formlist","placeholders":[]}},"properties":{"stencilid":"cloud-text","stencilsuperid":"base-text","stencilsuperids":["base-text"],"customstencil":false,"bordercolor":"#000000","notes":"","min-length":"","min-length-run":"","min-length-error-msg":"","min-length-error-msg_i18n-key":"","max-length":"","max-length-run":"","max-length-error-msg":"","max-length-error-msg_i18n-key":"","placeholder":"","placeholder_i18n-key":"","label-position":"top","tooltip":"","tooltip_i18n-key":"","value":"{{lastName}}","default-value":"","description":"","description_i18n-key":"","col-span":"1","ignored":false,"ignored-run":"","visible":true,"visible-run":"","enabled":true,"enabled-run":"","required":true,"required-run":"","style-class":"","documentation":"","custom-validations":"","validation-panel-display":"show","label":"Last name","label_i18n-key":"lastName.text.label","id":"text3","width":"200","height":"","col":7,"col-align":"fill","col-weight":"","row":3,"row-align":"top","row-weight":"","size":6,"description-position":"bottom","description-align":"left","node-type":"","modelevents":"","validation-regexp":"","validation-regexp-error-msg":"","validation-regexp-error-msg_i18n-key":"","validation-mask":"","validation-mask-error-msg":"","validation-mask-error-msg_i18n-key":"","xmlTag":"text"},"ssextensions":[],"outgoing":[],"dockers":[],"labels":[{"styles":{"fill":"#000000","size":"12","italic":false,"bold":false},"ref":"label_text"},{"styles":{"fill":"#000000","size":"12","italic":false,"bold":false},"ref":"input_text"},{"styles":{"fill":"#000000","size":"12","italic":false,"bold":false},"ref":"desc_text"}]},{"resourceId":"text4","stencil":{"id":"base-text"},"pathProperties":{"min-length":"extraSettings.minLength","min-length-run":"extraSettings.minLength","min-length-error-msg":"minLengthErrorMessage","min-length-error-msg_i18n-key":"minLengthErrorMessage","max-length":"extraSettings.maxLength","max-length-run":"extraSettings.maxLength","max-length-error-msg":"maxLengthErrorMessage","max-length-error-msg_i18n-key":"maxLengthErrorMessage","placeholder":"placeholder","placeholder_i18n-key":"placeholder","label-position":"labelAlign","tooltip":"tooltip","tooltip_i18n-key":"tooltip","value":"value","default-value":"defaultValue","description":"description","description_i18n-key":"description","col-span":"size","ignored":"ignore","ignored-run":"ignore","visible":"visible","visible-run":"visible","enabled":"enabled","enabled-run":"enabled","required":"isRequired","required-run":"isRequired","style-class":"styleClass","custom-validations":"customValidations","validation-panel-display":"extraSettings.validationPanelDisplay","label":"label","label_i18n-key":"label","id":"id","modelevents":"modelEvents","validation-regexp":"validationRegExp","validation-regexp-error-msg":"validationRegExpErrorMessage","validation-regexp-error-msg_i18n-key":"validationRegExpErrorMessage","validation-mask":"validationMask","validation-mask-error-msg":"validationMaskErrorMessage","validation-mask-error-msg_i18n-key":"validationMaskErrorMessage"},"pathMappingProperties":{},"xmlProperties":["min-length","min-length-run","min-length-error-msg","min-length-error-msg_i18n-key","validation-regexp","validation-regexp-error-msg","validation-regexp-error-msg_i18n-key","validation-mask","validation-mask-error-msg","validation-mask-error-msg_i18n-key"],"childShapes":[],"bounds":{"lowerRight":{"x":463.80000000000007,"y":292},"upperLeft":{"x":15,"y":244}},"outputmappingproperties":{"custom-validations":{"type":"formlist","placeholders":[]},"modelevents":{"type":"formlist","placeholders":[]}},"properties":{"stencilid":"cloud-text","stencilsuperid":"base-text","stencilsuperids":["base-text"],"customstencil":false,"bordercolor":"#000000","notes":"","min-length":"","min-length-run":"","min-length-error-msg":"","min-length-error-msg_i18n-key":"","max-length":"","max-length-run":"","max-length-error-msg":"","max-length-error-msg_i18n-key":"","placeholder":"","placeholder_i18n-key":"","label-position":"top","tooltip":"","tooltip_i18n-key":"","value":"{{loginName}}","default-value":"","description":"","description_i18n-key":"","col-span":"1","ignored":false,"ignored-run":"","visible":true,"visible-run":"","enabled":true,"enabled-run":"","required":true,"required-run":"","style-class":"","documentation":"","custom-validations":"","validation-panel-display":"show","label":"Login name","label_i18n-key":"loginName.text.label","id":"text4","width":"200","height":"","col":1,"col-align":"fill","col-weight":"","row":4,"row-align":"top","row-weight":"","size":6,"description-position":"bottom","description-align":"left","node-type":"","modelevents":"","validation-regexp":"","validation-regexp-error-msg":"","validation-regexp-error-msg_i18n-key":"","validation-mask":"","validation-mask-error-msg":"","validation-mask-error-msg_i18n-key":"","xmlTag":"text"},"ssextensions":[],"outgoing":[],"dockers":[],"labels":[{"styles":{"fill":"#000000","size":"12","italic":false,"bold":false},"ref":"label_text"},{"styles":{"fill":"#000000","size":"12","italic":false,"bold":false},"ref":"input_text"},{"styles":{"fill":"#000000","size":"12","italic":false,"bold":false},"ref":"desc_text"}]},{"resourceId":"text5","stencil":{"id":"base-text"},"pathProperties":{"min-length":"extraSettings.minLength","min-length-run":"extraSettings.minLength","min-length-error-msg":"minLengthErrorMessage","min-length-error-msg_i18n-key":"minLengthErrorMessage","max-length":"extraSettings.maxLength","max-length-run":"extraSettings.maxLength","max-length-error-msg":"maxLengthErrorMessage","max-length-error-msg_i18n-key":"maxLengthErrorMessage","placeholder":"placeholder","placeholder_i18n-key":"placeholder","label-position":"labelAlign","tooltip":"tooltip","tooltip_i18n-key":"tooltip","value":"value","default-value":"defaultValue","description":"description","description_i18n-key":"description","col-span":"size","ignored":"ignore","ignored-run":"ignore","visible":"visible","visible-run":"visible","enabled":"enabled","enabled-run":"enabled","required":"isRequired","required-run":"isRequired","style-class":"styleClass","custom-validations":"customValidations","validation-panel-display":"extraSettings.validationPanelDisplay","label":"label","label_i18n-key":"label","id":"id","modelevents":"modelEvents","validation-regexp":"validationRegExp","validation-regexp-error-msg":"validationRegExpErrorMessage","validation-regexp-error-msg_i18n-key":"validationRegExpErrorMessage","validation-mask":"validationMask","validation-mask-error-msg":"validationMaskErrorMessage","validation-mask-error-msg_i18n-key":"validationMaskErrorMessage"},"pathMappingProperties":{},"xmlProperties":["min-length","min-length-run","min-length-error-msg","min-length-error-msg_i18n-key","validation-regexp","validation-regexp-error-msg","validation-regexp-error-msg_i18n-key","validation-mask","validation-mask-error-msg","validation-mask-error-msg_i18n-key"],"childShapes":[],"bounds":{"lowerRight":{"x":927.6000000000001,"y":292},"upperLeft":{"x":478.80000000000007,"y":244}},"outputmappingproperties":{"custom-validations":{"type":"formlist","placeholders":[]},"modelevents":{"type":"formlist","placeholders":[]}},"properties":{"stencilid":"cloud-text","stencilsuperid":"base-text","stencilsuperids":["base-text"],"customstencil":false,"bordercolor":"#000000","notes":"","min-length":"","min-length-run":"","min-length-error-msg":"","min-length-error-msg_i18n-key":"","max-length":"","max-length-run":"","max-length-error-msg":"","max-length-error-msg_i18n-key":"","placeholder":"","placeholder_i18n-key":"","label-position":"top","tooltip":"","tooltip_i18n-key":"","value":"{{email}}","default-value":"","description":"","description_i18n-key":"","col-span":"1","ignored":false,"ignored-run":"","visible":true,"visible-run":"","enabled":true,"enabled-run":"","required":true,"required-run":"","style-class":"","documentation":"","custom-validations":"","validation-panel-display":"show","label":"Email","label_i18n-key":"email.text.label","id":"text5","width":"200","height":"","col":7,"col-align":"fill","col-weight":"","row":4,"row-align":"top","row-weight":"","size":6,"description-position":"bottom","description-align":"left","node-type":"","modelevents":"","validation-regexp":"(?:[a-z0-9!#$%&'*+/=?^_`{|}~-]+(?:\\.[a-z0-9!#$%&'*+/=?^_`{|}~-]+)*|\"(?:[\\x01-\\x08\\x0b\\x0c\\x0e-\\x1f\\x21\\x23-\\x5b\\x5d-\\x7f]|\\\\[\\x01-\\x09\\x0b\\x0c\\x0e-\\x7f])*\")@(?:(?:[a-z0-9](?:[a-z0-9-]*[a-z0-9])?\\.)+[a-z0-9](?:[a-z0-9-]*[a-z0-9])?|\\[(?:(?:(2(5[0-5]|[0-4][0-9])|1[0-9][0-9]|[1-9]?[0-9]))\\.){3}(?:(2(5[0-5]|[0-4][0-9])|1[0-9][0-9]|[1-9]?[0-9])|[a-z0-9-]*[a-z0-9]:(?:[\\x01-\\x08\\x0b\\x0c\\x0e-\\x1f\\x21-\\x5a\\x53-\\x7f]|\\\\[\\x01-\\x09\\x0b\\x0c\\x0e-\\x7f])+)\\])","validation-regexp-error-msg":"the e-mail format is invalid","validation-regexp-error-msg_i18n-key":"theEmailFormatIsInvalid.text.validationRegex","validation-mask":"","validation-mask-error-msg":"","validation-mask-error-msg_i18n-key":"","xmlTag":"text"},"ssextensions":[],"outgoing":[],"dockers":[],"labels":[{"styles":{"fill":"#000000","size":"12","italic":false,"bold":false},"ref":"label_text"},{"styles":{"fill":"#000000","size":"12","italic":false,"bold":false},"ref":"input_text"},{"styles":{"fill":"#000000","size":"12","italic":false,"bold":false},"ref":"desc_text"}]},{"resourceId":"single-select1","stencil":{"id":"base-single-select"},"pathProperties":{"tags-enabled":"extraSettings.tagsEnabled","preselect-all":"extraSettings.preselectAll","client-side-filtering":"extraSettings.clientSideFiltering","selection-error-msg":"extraSettings.selectionErrorMessage","selection-error-msg_i18n-key":"extraSettings.selectionErrorMessage","min-error-msg":"extraSettings.minItemsErrorMessage","min-error-msg_i18n-key":"extraSettings.minItemsErrorMessage","max-error-msg":"extraSettings.maxItemsErrorMessage","max-error-msg_i18n-key":"extraSettings.maxItemsErrorMessage","min-items":"extraSettings.minItems","min-items-run":"extraSettings.minItems","max-items":"extraSettings.maxItems","max-items-run":"extraSettings.maxItems","enable-autocomplete":"extraSettings.enableAutocomplete","autocomplete-min-length":"extraSettings.autocompleteMinLength","autocomplete-min-length-run":"extraSettings.autocompleteMinLength","placeholder":"placeholder","placeholder_i18n-key":"placeholder","enabled":"enabled","enabled-run":"enabled","datasource":"extraSettings.dataSource","options":"extraSettings.items","options-run":"extraSettings.items","table-key":"extraSettings.tableKey","table-key-run":"extraSettings.tableKey","master-data-include-translations":"extraSettings.masterDataIncludeTranslations","query-url":"extraSettings.queryUrl","query-url-run":"extraSettings.queryUrl","lookup-url":"extraSettings.lookupUrl","lookup-url-run":"extraSettings.lookupUrl","query-params":"extraSettings.queryParams","path":"extraSettings.path","search-query":"extraSettings.searchQuery","link-target-view":"extraSettings.linkTargetView","format-item":"extraSettings.formatItem","auto-complete-type":"extraSettings.storage","serialize-item":"extraSettings.identity","serialize-item-master":"extraSettings.identity","serialize-item-full":"extraSettings.identity","link-item":"extraSettings.linkUrl","link-target":"extraSettings.linkTarget","label-position":"labelAlign","tooltip":"tooltip","tooltip_i18n-key":"tooltip","value":"value","default-value":"defaultValue","description":"description","description_i18n-key":"description","col-span":"size","ignored":"ignore","ignored-run":"ignore","visible":"visible","visible-run":"visible","required":"isRequired","required-run":"isRequired","style-class":"styleClass","custom-validations":"customValidations","validation-panel-display":"extraSettings.validationPanelDisplay","label":"label","label_i18n-key":"label","id":"id","modelevents":"modelEvents","multi":"extraSettings.multi"},"pathMappingProperties":{"dataobjectselectsearch":{"operationKey":"extraSettings.dataObjectOperationKey","queryParams":"extraSettings.queryParams","lookupIdName":"extraSettings.identity","key":"extraSettings.dataObjectDefinitionKey"},"dataobjectselectsearch-run":{"operationKey":"extraSettings.dataObjectOperationKey","queryParams":"extraSettings.queryParams","lookupIdName":"extraSettings.identity","key":"extraSettings.dataObjectDefinitionKey"}},"xmlProperties":["tags-enabled","preselect-all","client-side-filtering","table-key","table-key-run","query-url","query-url-run","lookup-url","lookup-url-run","dataobjectselectsearch","dataobjectselectsearch-run","query-params","path","format-item","auto-complete-type","serialize-item","serialize-item-master","serialize-item-full","link-item"],"childShapes":[],"bounds":{"lowerRight":{"x":309.20000000000005,"y":73},"upperLeft":{"x":15,"y":25}},"outputmappingproperties":{"options":{"type":"formlist","placeholders":[]},"query-params":{"type":"formlist","placeholders":[]},"custom-validations":{"type":"formlist","placeholders":[]},"modelevents":{"type":"formlist","placeholders":[]}},"properties":{"stencilid":"cloud-single-select","stencilsuperid":"base-single-select","stencilsuperids":["base-single-select"],"customstencil":false,"tags-enabled":false,"notes":"","preselect-all":false,"client-side-filtering":false,"selection-error-msg":"","selection-error-msg_i18n-key":"","min-error-msg":"","min-error-msg_i18n-key":"","max-error-msg":"","max-error-msg_i18n-key":"","min-items":"","min-items-run":"","max-items":"","max-items-run":"","enable-autocomplete":false,"autocomplete-min-length":"1","autocomplete-min-length-run":"","placeholder":"","placeholder_i18n-key":"","enabled":true,"enabled-run":"","datasource":"Static","options":{"totalCount":2,"items":[{"text":"User Management","value":"userManagement","i18n":{"key":{"text":"userManagement.selectSingle.text"},"es_es":{"text":"Gestor de usuarios"}}},{"text":"Back Office","value":"backOffice","i18n":{"key":{"text":"Back Office"},"es_es":{"text":"Back office"}}}]},"options-run":"","table-key":"","table-key-run":"","master-data-include-translations":false,"query-url":"","query-url-run":"","lookup-url":"","lookup-url-run":"","dataobjectselectsearch":"","dataobjectselectsearch-run":"","query-params":"","path":"","search-query":"","link-target-view":"browse","format-item":"","auto-complete-type":"Id","serialize-item":"value","serialize-item-master":"id","serialize-item-full":"","link-item":"","link-target":"_blank","label-position":"top","tooltip":"","tooltip_i18n-key":"","value":"{{userProfile}}","default-value":"","description":"","description_i18n-key":"","col-span":"1","ignored":false,"ignored-run":"","visible":true,"visible-run":"","required":false,"required-run":"","style-class":"","documentation":"","custom-validations":"","validation-panel-display":"show","label":"User profile","label_i18n-key":"userProfile.selectSingle.label","id":"single-select1","width":"200","height":"","col":1,"col-align":"fill","col-weight":"","row":1,"row-align":"top","row-weight":"","size":4,"description-position":"bottom","description-align":"left","node-type":"","modelevents":"","multi":false,"xmlTag":"select"},"ssextensions":[],"outgoing":[],"dockers":[],"labels":[{"styles":{"fill":"#000000","size":"12","italic":false,"bold":false},"ref":"label_text"},{"styles":{"fill":"#000000","size":"12","italic":false,"bold":false},"ref":"input_text"},{"styles":{"fill":"#000000","size":"12","italic":false,"bold":false},"ref":"desc_text"}]}],"bounds":{"lowerRight":{"x":957.6000000000001,"y":342},"upperLeft":{"x":15,"y":25}},"outputmappingproperties":{"custom-validations":{"type":"formlist","placeholders":[]},"modelevents":{"type":"formlist","placeholders":[]}},"properties":{"stencilid":"cloud-sub-panel","stencilsuperid":"SubSlotPanel","stencilsuperids":["SubSlotPanel"],"customstencil":false,"label":"","label_i18n-key":"","notes":"","label-position":"top","tooltip":"","tooltip_i18n-key":"","value":"","default-value":"","description":"","description_i18n-key":"","col-span":"1","ignored":false,"ignored-run":"","visible":true,"visible-run":"","enabled":"{{success == 'false'}}","enabled-run":"{{success == 'false'}}","required":false,"required-run":"","style-class":"","documentation":"","custom-validations":"","validation-panel-display":"show","id":"sub-panel6","width":"200","height":"","col":1,"col-align":"fill","col-weight":"","row":1,"row-align":"top","row-weight":"","size":12,"description-position":"bottom","description-align":"left","node-type":"","modelevents":"","options":"","modal-button-text":"","modal-button-text_i18n-key":"","modal-open":"","collapsible":false,"collapsed":false,"collapsed-run":"","show-border":false,"modal-width":"","save-button-text":"","save-button-text_i18n-key":"","save-button-visible":true,"save-button-visible-run":"","save-button-enabled":true,"save-button-enabled-run":"","cancel-button-text":"","cancel-button-text_i18n-key":"","cancel-button-visible":true,"cancel-button-visible-run":"","cancel-button-enabled":true,"cancel-button-enabled-run":"","xmlTag":"panel"},"ssextensions":[],"outgoing":[],"dockers":[],"labels":[{"styles":{"fill":"#000000","size":"12","italic":false,"bold":false},"ref":"label_text"}]},{"resourceId":"script-button6","stencil":{"id":"Button"},"pathProperties":{"button-text":"extraSettings.text","button-text_i18n-key":"extraSettings.text","button-script":"extraSettings.script","button-script-timer":"extraSettings.timer","rest-button-auto-execute":"extraSettings.autoExecute","rest-button-auto-execute-run":"extraSettings.autoExecute","rest-button-execute-always":"extraSettings.executeAlways","label":"label","label_i18n-key":"label","button-alignment":"extraSettings.alignment","button-alignment-run":"extraSettings.alignment","button-icon-url":"extraSettings.iconUrl","button-icon-alignment":"extraSettings.iconAlignment","button-tooltip":"extraSettings.tooltip","button-tooltip_i18n-key":"extraSettings.tooltip","primary":"primary","primary-run":"primary","label-position":"labelAlign","tooltip":"tooltip","tooltip_i18n-key":"tooltip","value":"value","default-value":"defaultValue","description":"description","description_i18n-key":"description","col-span":"size","ignored":"ignore","ignored-run":"ignore","visible":"visible","visible-run":"visible","enabled":"enabled","enabled-run":"enabled","required":"isRequired","required-run":"isRequired","style-class":"styleClass","custom-validations":"customValidations","validation-panel-display":"extraSettings.validationPanelDisplay","id":"id","modelevents":"modelEvents"},"pathMappingProperties":{},"xmlProperties":[],"childShapes":[],"bounds":{"lowerRight":{"x":955.8000000000001,"y":570},"upperLeft":{"x":572.5500000000001,"y":544}},"outputmappingproperties":{"custom-validations":{"type":"formlist","placeholders":[]},"modelevents":{"type":"formlist","placeholders":[]}},"properties":{"stencilid":"cloud-script-button","stencilsuperid":"Button","stencilsuperids":["Button"],"customstencil":false,"required":false,"notes":"","button-text":"'$payload.findUser.refreshSearch' = true --> 'success' = true","button-text_i18n-key":"","value":"{{$payload.findUser.refreshSearch}}","description":"","visible":false,"ignored":false,"style-class":"","default-value":"","button-script":"{{true}}","button-script-timer":"","rest-button-auto-execute":"{{success}}","rest-button-auto-execute-run":"{{success}}","rest-button-execute-always":false,"bordercolor":"#000000","label":"","label_i18n-key":"","button-alignment":"left","button-alignment-run":"","button-icon-url":"","button-icon-alignment":"right","button-tooltip":"","button-tooltip_i18n-key":"","primary":false,"primary-run":"","label-position":"top","tooltip":"","tooltip_i18n-key":"","description_i18n-key":"","col-span":"1","ignored-run":"","visible-run":"","enabled":true,"enabled-run":"","required-run":"","documentation":"","custom-validations":"","validation-panel-display":"show","id":"script-button6","width":"200","height":"","col":8,"col-align":"fill","col-weight":"","row":6,"row-align":"top","row-weight":"","size":5,"description-position":"bottom","description-align":"left","node-type":"","modelevents":"","xmlTag":"scriptButton"},"ssextensions":[],"outgoing":[],"dockers":[],"labels":[{"styles":{"fill":"#000000","size":"12","italic":false,"bold":false},"ref":"label_text"},{"styles":{"fill":"#000000","size":"12","italic":false,"bold":false},"ref":"input_text"},{"styles":{"fill":"#000000","size":"12","italic":false,"bold":false},"ref":"desc_text"}]},{"resourceId":"script-button7","stencil":{"id":"Button"},"pathProperties":{"button-text":"extraSettings.text","button-text_i18n-key":"extraSettings.text","button-script":"extraSettings.script","button-script-timer":"extraSettings.timer","rest-button-auto-execute":"extraSettings.autoExecute","rest-button-auto-execute-run":"extraSettings.autoExecute","rest-button-execute-always":"extraSettings.executeAlways","label":"label","label_i18n-key":"label","button-alignment":"extraSettings.alignment","button-alignment-run":"extraSettings.alignment","button-icon-url":"extraSettings.iconUrl","button-icon-alignment":"extraSettings.iconAlignment","button-tooltip":"extraSettings.tooltip","button-tooltip_i18n-key":"extraSettings.tooltip","primary":"primary","primary-run":"primary","label-position":"labelAlign","tooltip":"tooltip","tooltip_i18n-key":"tooltip","value":"value","default-value":"defaultValue","description":"description","description_i18n-key":"description","col-span":"size","ignored":"ignore","ignored-run":"ignore","visible":"visible","visible-run":"visible","enabled":"enabled","enabled-run":"enabled","required":"isRequired","required-run":"isRequired","style-class":"styleClass","custom-validations":"customValidations","validation-panel-display":"extraSettings.validationPanelDisplay","id":"id","modelevents":"modelEvents"},"pathMappingProperties":{},"xmlProperties":[],"childShapes":[],"bounds":{"lowerRight":{"x":796.5,"y":472},"upperLeft":{"x":652.2,"y":446}},"outputmappingproperties":{"custom-validations":{"type":"formlist","placeholders":[]},"modelevents":{"type":"formlist","placeholders":[]}},"properties":{"stencilid":"cloud-script-button","stencilsuperid":"Button","stencilsuperids":["Button"],"customstencil":false,"required":false,"notes":"","button-text":"'success' --> 'false'","button-text_i18n-key":"","value":"{{success}}","description":"","visible":false,"ignored":false,"style-class":"","default-value":"","button-script":"{{'false'}}","button-script-timer":"","rest-button-auto-execute":true,"rest-button-auto-execute-run":"","rest-button-execute-always":false,"bordercolor":"#000000","label":"","label_i18n-key":"","button-alignment":"left","button-alignment-run":"","button-icon-url":"","button-icon-alignment":"right","button-tooltip":"","button-tooltip_i18n-key":"","primary":false,"primary-run":"","label-position":"top","tooltip":"","tooltip_i18n-key":"","description_i18n-key":"","col-span":"1","ignored-run":"","visible-run":"","enabled":true,"enabled-run":"","required-run":"","documentation":"","custom-validations":"","validation-panel-display":"show","id":"script-button7","width":"200","height":"","col":9,"col-align":"fill","col-weight":"","row":4,"row-align":"top","row-weight":"","size":2,"description-position":"bottom","description-align":"left","node-type":"","modelevents":"","xmlTag":"scriptButton"},"ssextensions":[],"outgoing":[],"dockers":[],"labels":[{"styles":{"fill":"#000000","size":"12","italic":false,"bold":false},"ref":"label_text"},{"styles":{"fill":"#000000","size":"12","italic":false,"bold":false},"ref":"input_text"},{"styles":{"fill":"#000000","size":"12","italic":false,"bold":false},"ref":"desc_text"}]},{"resourceId":"script-button8","stencil":{"id":"Button"},"pathProperties":{"button-text":"extraSettings.text","button-text_i18n-key":"extraSettings.text","button-script":"extraSettings.script","button-script-timer":"extraSettings.timer","rest-button-auto-execute":"extraSettings.autoExecute","rest-button-auto-execute-run":"extraSettings.autoExecute","rest-button-execute-always":"extraSettings.executeAlways","label":"label","label_i18n-key":"label","button-alignment":"extraSettings.alignment","button-alignment-run":"extraSettings.alignment","button-icon-url":"extraSettings.iconUrl","button-icon-alignment":"extraSettings.iconAlignment","button-tooltip":"extraSettings.tooltip","button-tooltip_i18n-key":"extraSettings.tooltip","primary":"primary","primary-run":"primary","label-position":"labelAlign","tooltip":"tooltip","tooltip_i18n-key":"tooltip","value":"value","default-value":"defaultValue","description":"description","description_i18n-key":"description","col-span":"size","ignored":"ignore","ignored-run":"ignore","visible":"visible","visible-run":"visible","enabled":"enabled","enabled-run":"enabled","required":"isRequired","required-run":"isRequired","style-class":"styleClass","custom-validations":"customValidations","validation-panel-display":"extraSettings.validationPanelDisplay","id":"id","modelevents":"modelEvents"},"pathMappingProperties":{},"xmlProperties":[],"childShapes":[],"bounds":{"lowerRight":{"x":955.8000000000001,"y":619},"upperLeft":{"x":731.85,"y":593}},"outputmappingproperties":{"custom-validations":{"type":"formlist","placeholders":[]},"modelevents":{"type":"formlist","placeholders":[]}},"properties":{"stencilid":"cloud-script-button","stencilsuperid":"Button","stencilsuperids":["Button"],"customstencil":false,"required":false,"notes":"","button-text":"'enableMessage' -> false if form is edited","button-text_i18n-key":"","value":"{{enableMessage}}","description":"","visible":false,"ignored":false,"style-class":"","default-value":"","button-script":"{{false}}","button-script-timer":"","rest-button-auto-execute":"{{loginName}}{{displayName}}{{lastName}}{{firstName}}{{email}}","rest-button-auto-execute-run":"{{loginName}}{{displayName}}{{lastName}}{{firstName}}{{email}}","rest-button-execute-always":false,"bordercolor":"#000000","label":"","label_i18n-key":"","button-alignment":"left","button-alignment-run":"","button-icon-url":"","button-icon-alignment":"right","button-tooltip":"","button-tooltip_i18n-key":"","primary":false,"primary-run":"","label-position":"top","tooltip":"","tooltip_i18n-key":"","description_i18n-key":"","col-span":"1","ignored-run":"","visible-run":"","enabled":true,"enabled-run":"","required-run":"","documentation":"","custom-validations":"","validation-panel-display":"show","id":"script-button8","width":"200","height":"","col":10,"col-align":"fill","col-weight":"","row":7,"row-align":"top","row-weight":"","size":3,"description-position":"bottom","description-align":"left","node-type":"","modelevents":"","xmlTag":"scriptButton"},"ssextensions":[],"outgoing":[],"dockers":[],"labels":[{"styles":{"fill":"#000000","size":"12","italic":false,"bold":false},"ref":"label_text"},{"styles":{"fill":"#000000","size":"12","italic":false,"bold":false},"ref":"input_text"},{"styles":{"fill":"#000000","size":"12","italic":false,"bold":false},"ref":"desc_text"}]}],"bounds":{"lowerRight":{"x":985.8000000000001,"y":1328},"upperLeft":{"x":15,"y":686}},"outputmappingproperties":{"custom-validations":{"type":"formlist","placeholders":[]},"modelevents":{"type":"formlist","placeholders":[]}},"properties":{"stencilid":"cloud-sub-panel","stencilsuperid":"SubSlotPanel","stencilsuperids":["SubSlotPanel"],"customstencil":false,"label":"","label_i18n-key":"","notes":"","label-position":"top","tooltip":"","tooltip_i18n-key":"","value":"{{newUser}}","default-value":"","description":"","description_i18n-key":"","col-span":"1","ignored":"{{!newUserPanel}}","ignored-run":"{{!newUserPanel}}","visible":true,"visible-run":"","enabled":true,"enabled-run":"","required":false,"required-run":"","style-class":"","documentation":"","custom-validations":"","validation-panel-display":"show","id":"sub-panel1","width":64.65,"height":"","col":1,"col-align":"fill","col-weight":"","row":6,"row-align":"top","row-weight":"","size":12,"description-position":"bottom","description-align":"left","node-type":"","modelevents":"","options":"","modal-button-text":"","modal-button-text_i18n-key":"","modal-open":"","collapsible":false,"collapsed":false,"collapsed-run":"","show-border":false,"modal-width":"","save-button-text":"","save-button-text_i18n-key":"","save-button-visible":true,"save-button-visible-run":"","save-button-enabled":false,"save-button-enabled-run":"","cancel-button-text":"","cancel-button-text_i18n-key":"","cancel-button-visible":false,"cancel-button-visible-run":"","cancel-button-enabled":false,"cancel-button-enabled-run":"","xmlTag":"panel"},"ssextensions":[],"outgoing":[],"dockers":[],"labels":[{"styles":{"fill":"#000000","size":"12","italic":false,"bold":false},"ref":"label_text"}]},{"resourceId":"script-button1","stencil":{"id":"Button"},"pathProperties":{"button-text":"extraSettings.text","button-text_i18n-key":"extraSettings.text","button-script":"extraSettings.script","button-script-timer":"extraSettings.timer","rest-button-auto-execute":"extraSettings.autoExecute","rest-button-auto-execute-run":"extraSettings.autoExecute","rest-button-execute-always":"extraSettings.executeAlways","label":"label","label_i18n-key":"label","button-alignment":"extraSettings.alignment","button-alignment-run":"extraSettings.alignment","button-icon-url":"extraSettings.iconUrl","button-icon-alignment":"extraSettings.iconAlignment","button-tooltip":"extraSettings.tooltip","button-tooltip_i18n-key":"extraSettings.tooltip","primary":"primary","primary-run":"primary","label-position":"labelAlign","tooltip":"tooltip","tooltip_i18n-key":"tooltip","value":"value","default-value":"defaultValue","description":"description","description_i18n-key":"description","col-span":"size","ignored":"ignore","ignored-run":"ignore","visible":"visible","visible-run":"visible","enabled":"enabled","enabled-run":"enabled","required":"isRequired","required-run":"isRequired","style-class":"styleClass","custom-validations":"customValidations","validation-panel-display":"extraSettings.validationPanelDisplay","id":"id","modelevents":"modelEvents"},"pathMappingProperties":{},"xmlProperties":[],"childShapes":[],"bounds":{"lowerRight":{"x":164,"y":51},"upperLeft":{"x":15,"y":25}},"outputmappingproperties":{"custom-validations":{"type":"formlist","placeholders":[]},"modelevents":{"type":"formlist","placeholders":[]}},"properties":{"stencilid":"cloud-script-button","stencilsuperid":"Button","stencilsuperids":["Button"],"customstencil":false,"required":false,"notes":"","button-text":"New user registration","button-text_i18n-key":"newUserRegistration.expressionButton.overrideButtonText","value":"{{newUserPanel}}","description":"","visible":true,"ignored":"{{newUserPanel}}","style-class":"","default-value":"","button-script":"{{true}}","button-script-timer":"","rest-button-auto-execute":false,"rest-button-auto-execute-run":"","rest-button-execute-always":false,"bordercolor":"#000000","label":"","label_i18n-key":"","button-alignment":"left","button-alignment-run":"","button-icon-url":"","button-icon-alignment":"right","button-tooltip":"","button-tooltip_i18n-key":"","primary":true,"primary-run":"","label-position":"top","tooltip":"","tooltip_i18n-key":"","description_i18n-key":"","col-span":"1","ignored-run":"{{newUserPanel}}","visible-run":"","enabled":true,"enabled-run":"","required-run":"","documentation":"","custom-validations":"","validation-panel-display":"show","id":"script-button1","width":"200","height":"","col":1,"col-align":"fill","col-weight":"","row":1,"row-align":"top","row-weight":"","size":2,"description-position":"bottom","description-align":"left","node-type":"","modelevents":"","xmlTag":"scriptButton"},"ssextensions":[],"outgoing":[],"dockers":[],"labels":[{"styles":{"fill":"#000000","size":"12","italic":false,"bold":false},"ref":"label_text"},{"styles":{"fill":"#000000","size":"12","italic":false,"bold":false},"ref":"input_text"},{"styles":{"fill":"#000000","size":"12","italic":false,"bold":false},"ref":"desc_text"}]},{"resourceId":"sub-panel2","stencil":{"id":"SubSlotPanel"},"pathProperties":{"label":"label","label_i18n-key":"label","label-position":"labelAlign","tooltip":"tooltip","tooltip_i18n-key":"tooltip","value":"value","default-value":"defaultValue","description":"description","description_i18n-key":"description","col-span":"size","ignored":"ignore","ignored-run":"ignore","visible":"visible","visible-run":"visible","enabled":"enabled","enabled-run":"enabled","required":"isRequired","required-run":"isRequired","style-class":"styleClass","custom-validations":"customValidations","validation-panel-display":"extraSettings.validationPanelDisplay","id":"id","modelevents":"modelEvents","modal-button-text":"extraSettings.modalButtonText","modal-button-text_i18n-key":"extraSettings.modalButtonText","modal-open":"extraSettings.modalOpen","collapsible":"extraSettings.collapsible","collapsed":"extraSettings.collapsed","collapsed-run":"extraSettings.collapsed","show-border":"extraSettings.showBorder","modal-width":"extraSettings.width","save-button-text":"extraSettings.saveButtonText","save-button-text_i18n-key":"extraSettings.saveButtonText","save-button-visible":"extraSettings.saveButtonVisible","save-button-visible-run":"extraSettings.saveButtonVisible","save-button-enabled":"extraSettings.saveButtonEnabled","save-button-enabled-run":"extraSettings.saveButtonEnabled","cancel-button-text":"extraSettings.cancelButtonText","cancel-button-text_i18n-key":"extraSettings.cancelButtonText","cancel-button-visible":"extraSettings.cancelButtonVisible","cancel-button-visible-run":"extraSettings.cancelButtonVisible","cancel-button-enabled":"extraSettings.cancelButtonEnabled","cancel-button-enabled-run":"extraSettings.cancelButtonEnabled"},"pathMappingProperties":{},"xmlProperties":["value"],"childShapes":[{"resourceId":"alert1","stencil":{"id":"base-alert"},"pathProperties":{"label-position":"labelAlign","tooltip":"tooltip","tooltip_i18n-key":"tooltip","value":"value","default-value":"defaultValue","description":"description","description_i18n-key":"description","col-span":"size","ignored":"ignore","ignored-run":"ignore","visible":"visible","visible-run":"visible","enabled":"enabled","enabled-run":"enabled","required":"isRequired","required-run":"isRequired","style-class":"styleClass","custom-validations":"customValidations","validation-panel-display":"extraSettings.validationPanelDisplay","id":"id","modelevents":"modelEvents","alert-title":"extraSettings.title","alert-title_i18n-key":"extraSettings.title","value_i18n-key":"value","severity":"extraSettings.severity","default-icon":"extraSettings.defaultIcon","close-icon":"extraSettings.closeIcon","close-button":"extraSettings.closeButton","close-button-text":"extraSettings.closeButtonText","close-button-text-run":"extraSettings.closeButtonText","close-button-text_i18n-key":"extraSettings.closeButtonText","icon-url":"extraSettings.iconUrl"},"pathMappingProperties":{},"xmlProperties":[],"childShapes":[],"bounds":{"lowerRight":{"x":955.8000000000001,"y":75},"upperLeft":{"x":15,"y":25}},"outputmappingproperties":{"custom-validations":{"type":"formlist","placeholders":[]},"modelevents":{"type":"formlist","placeholders":[]}},"properties":{"stencilid":"cloud-alert","stencilsuperid":"base-alert","stencilsuperids":["base-alert"],"customstencil":false,"label-position":"top","notes":"","tooltip":"","tooltip_i18n-key":"","value":"{{newUser.message.es}}","default-value":"","description":"","description_i18n-key":"","col-span":"1","ignored":false,"ignored-run":"","visible":true,"visible-run":"","enabled":true,"enabled-run":"","required":false,"required-run":"","style-class":"","documentation":"","custom-validations":"","validation-panel-display":"show","id":"alert1","width":"200","height":"","col":1,"col-align":"fill","col-weight":"","row":1,"row-align":"top","row-weight":"","size":12,"description-position":"bottom","description-align":"left","node-type":"","modelevents":"","alert-title":"","alert-title_i18n-key":"","value_i18n-key":"","severity":"error","default-icon":true,"close-icon":false,"close-button":false,"close-button-text":"","close-button-text-run":"","close-button-text_i18n-key":"","icon-url":"","xmlTag":"alert"},"ssextensions":[],"outgoing":[],"dockers":[],"labels":[{"styles":{"fill":"#000000","size":"12","italic":false,"bold":false},"ref":"title_text"},{"styles":{"fill":"#000000","size":"12","italic":false,"bold":false},"ref":"input_text"}]},{"resourceId":"hline1","stencil":{"id":"Hline"},"pathProperties":{"label":"label","label_i18n-key":"label","label-position":"labelAlign","tooltip":"tooltip","tooltip_i18n-key":"tooltip","value":"value","default-value":"defaultValue","description":"description","description_i18n-key":"description","col-span":"size","ignored":"ignore","ignored-run":"ignore","visible":"visible","visible-run":"visible","enabled":"enabled","enabled-run":"enabled","required":"isRequired","required-run":"isRequired","style-class":"styleClass","custom-validations":"customValidations","validation-panel-display":"extraSettings.validationPanelDisplay","id":"id","modelevents":"modelEvents"},"pathMappingProperties":{},"xmlProperties":[],"childShapes":[],"bounds":{"lowerRight":{"x":955.8000000000001,"y":108},"upperLeft":{"x":15,"y":98}},"outputmappingproperties":{"custom-validations":{"type":"formlist","placeholders":[]},"modelevents":{"type":"formlist","placeholders":[]}},"properties":{"stencilid":"cloud-hline","stencilsuperid":"Hline","stencilsuperids":["Hline"],"customstencil":false,"bordercolor":"#000000","notes":"","label":"","label_i18n-key":"","label-position":"top","tooltip":"","tooltip_i18n-key":"","value":"","default-value":"","description":"","description_i18n-key":"","col-span":"1","ignored":false,"ignored-run":"","visible":true,"visible-run":"","enabled":true,"enabled-run":"","required":false,"required-run":"","style-class":"","documentation":"","custom-validations":"","validation-panel-display":"show","id":"hline1","width":"200","height":"","col":1,"col-align":"fill","col-weight":"","row":2,"row-align":"top","row-weight":"","size":12,"description-position":"bottom","description-align":"left","node-type":"","modelevents":"","xmlTag":"hline"},"ssextensions":[],"outgoing":[],"dockers":[],"labels":[{"styles":{"fill":"#000000","size":"12","italic":false,"bold":false},"ref":"input_text"},{"styles":{"fill":"#000000","size":"12","italic":false,"bold":false},"ref":"desc_text"}]}],"bounds":{"lowerRight":{"x":985.8000000000001,"y":202},"upperLeft":{"x":15,"y":74}},"outputmappingproperties":{"custom-validations":{"type":"formlist","placeholders":[]},"modelevents":{"type":"formlist","placeholders":[]}},"properties":{"stencilid":"cloud-sub-panel","stencilsuperid":"SubSlotPanel","stencilsuperids":["SubSlotPanel"],"customstencil":false,"label":"","label_i18n-key":"","notes":"","label-position":"top","tooltip":"","tooltip_i18n-key":"","value":"","default-value":"","description":"","description_i18n-key":"","col-span":"1","ignored":"{{!newUserPanel || !newUser.enableMessage}}","ignored-run":"{{!newUserPanel || !newUser.enableMessage}}","visible":"{{$lang == 'es_es' && newUser.message.es && newUser.success == 'false'}}","visible-run":"{{$lang == 'es_es' && newUser.message.es && newUser.success == 'false'}}","enabled":true,"enabled-run":"","required":false,"required-run":"","style-class":"","documentation":"","custom-validations":"","validation-panel-display":"show","id":"sub-panel2","width":"200","height":"","col":1,"col-align":"fill","col-weight":"","row":2,"row-align":"top","row-weight":"","size":12,"description-position":"bottom","description-align":"left","node-type":"","modelevents":"","options":"","modal-button-text":"","modal-button-text_i18n-key":"","modal-open":"","collapsible":false,"collapsed":false,"collapsed-run":"","show-border":false,"modal-width":"","save-button-text":"","save-button-text_i18n-key":"","save-button-visible":true,"save-button-visible-run":"","save-button-enabled":true,"save-button-enabled-run":"","cancel-button-text":"","cancel-button-text_i18n-key":"","cancel-button-visible":true,"cancel-button-visible-run":"","cancel-button-enabled":true,"cancel-button-enabled-run":"","xmlTag":"panel"},"ssextensions":[],"outgoing":[],"dockers":[],"labels":[{"styles":{"fill":"#000000","size":"12","italic":false,"bold":false},"ref":"label_text"}]},{"resourceId":"sub-panel3","stencil":{"id":"SubSlotPanel"},"pathProperties":{"label":"label","label_i18n-key":"label","label-position":"labelAlign","tooltip":"tooltip","tooltip_i18n-key":"tooltip","value":"value","default-value":"defaultValue","description":"description","description_i18n-key":"description","col-span":"size","ignored":"ignore","ignored-run":"ignore","visible":"visible","visible-run":"visible","enabled":"enabled","enabled-run":"enabled","required":"isRequired","required-run":"isRequired","style-class":"styleClass","custom-validations":"customValidations","validation-panel-display":"extraSettings.validationPanelDisplay","id":"id","modelevents":"modelEvents","modal-button-text":"extraSettings.modalButtonText","modal-button-text_i18n-key":"extraSettings.modalButtonText","modal-open":"extraSettings.modalOpen","collapsible":"extraSettings.collapsible","collapsed":"extraSettings.collapsed","collapsed-run":"extraSettings.collapsed","show-border":"extraSettings.showBorder","modal-width":"extraSettings.width","save-button-text":"extraSettings.saveButtonText","save-button-text_i18n-key":"extraSettings.saveButtonText","save-button-visible":"extraSettings.saveButtonVisible","save-button-visible-run":"extraSettings.saveButtonVisible","save-button-enabled":"extraSettings.saveButtonEnabled","save-button-enabled-run":"extraSettings.saveButtonEnabled","cancel-button-text":"extraSettings.cancelButtonText","cancel-button-text_i18n-key":"extraSettings.cancelButtonText","cancel-button-visible":"extraSettings.cancelButtonVisible","cancel-button-visible-run":"extraSettings.cancelButtonVisible","cancel-button-enabled":"extraSettings.cancelButtonEnabled","cancel-button-enabled-run":"extraSettings.cancelButtonEnabled"},"pathMappingProperties":{},"xmlProperties":["value"],"childShapes":[{"resourceId":"alert2","stencil":{"id":"base-alert"},"pathProperties":{"label-position":"labelAlign","tooltip":"tooltip","tooltip_i18n-key":"tooltip","value":"value","default-value":"defaultValue","description":"description","description_i18n-key":"description","col-span":"size","ignored":"ignore","ignored-run":"ignore","visible":"visible","visible-run":"visible","enabled":"enabled","enabled-run":"enabled","required":"isRequired","required-run":"isRequired","style-class":"styleClass","custom-validations":"customValidations","validation-panel-display":"extraSettings.validationPanelDisplay","id":"id","modelevents":"modelEvents","alert-title":"extraSettings.title","alert-title_i18n-key":"extraSettings.title","value_i18n-key":"value","severity":"extraSettings.severity","default-icon":"extraSettings.defaultIcon","close-icon":"extraSettings.closeIcon","close-button":"extraSettings.closeButton","close-button-text":"extraSettings.closeButtonText","close-button-text-run":"extraSettings.closeButtonText","close-button-text_i18n-key":"extraSettings.closeButtonText","icon-url":"extraSettings.iconUrl"},"pathMappingProperties":{},"xmlProperties":[],"childShapes":[],"bounds":{"lowerRight":{"x":955.8000000000001,"y":75},"upperLeft":{"x":15,"y":25}},"outputmappingproperties":{"custom-validations":{"type":"formlist","placeholders":[]},"modelevents":{"type":"formlist","placeholders":[]}},"properties":{"stencilid":"cloud-alert","stencilsuperid":"base-alert","stencilsuperids":["base-alert"],"customstencil":false,"label-position":"top","notes":"","tooltip":"","tooltip_i18n-key":"","value":"{{newUser.message.en}}","default-value":"","description":"","description_i18n-key":"","col-span":"1","ignored":false,"ignored-run":"","visible":true,"visible-run":"","enabled":true,"enabled-run":"","required":false,"required-run":"","style-class":"","documentation":"","custom-validations":"","validation-panel-display":"show","id":"alert2","width":"200","height":"","col":1,"col-align":"fill","col-weight":"","row":1,"row-align":"top","row-weight":"","size":12,"description-position":"bottom","description-align":"left","node-type":"","modelevents":"","alert-title":"New user registration error!","alert-title_i18n-key":"newUserRegistrationError.alert.title","value_i18n-key":"","severity":"error","default-icon":true,"close-icon":false,"close-button":false,"close-button-text":"","close-button-text-run":"","close-button-text_i18n-key":"","icon-url":"","xmlTag":"alert"},"ssextensions":[],"outgoing":[],"dockers":[],"labels":[{"styles":{"fill":"#000000","size":"12","italic":false,"bold":false},"ref":"title_text"},{"styles":{"fill":"#000000","size":"12","italic":false,"bold":false},"ref":"input_text"}]},{"resourceId":"hline2","stencil":{"id":"Hline"},"pathProperties":{"label":"label","label_i18n-key":"label","label-position":"labelAlign","tooltip":"tooltip","tooltip_i18n-key":"tooltip","value":"value","default-value":"defaultValue","description":"description","description_i18n-key":"description","col-span":"size","ignored":"ignore","ignored-run":"ignore","visible":"visible","visible-run":"visible","enabled":"enabled","enabled-run":"enabled","required":"isRequired","required-run":"isRequired","style-class":"styleClass","custom-validations":"customValidations","validation-panel-display":"extraSettings.validationPanelDisplay","id":"id","modelevents":"modelEvents"},"pathMappingProperties":{},"xmlProperties":[],"childShapes":[],"bounds":{"lowerRight":{"x":955.8000000000001,"y":108},"upperLeft":{"x":15,"y":98}},"outputmappingproperties":{"custom-validations":{"type":"formlist","placeholders":[]},"modelevents":{"type":"formlist","placeholders":[]}},"properties":{"stencilid":"cloud-hline","stencilsuperid":"Hline","stencilsuperids":["Hline"],"customstencil":false,"bordercolor":"#000000","notes":"","label":"","label_i18n-key":"","label-position":"top","tooltip":"","tooltip_i18n-key":"","value":"","default-value":"","description":"","description_i18n-key":"","col-span":"1","ignored":false,"ignored-run":"","visible":true,"visible-run":"","enabled":true,"enabled-run":"","required":false,"required-run":"","style-class":"","documentation":"","custom-validations":"","validation-panel-display":"show","id":"hline2","width":"200","height":"","col":1,"col-align":"fill","col-weight":"","row":2,"row-align":"top","row-weight":"","size":12,"description-position":"bottom","description-align":"left","node-type":"","modelevents":"","xmlTag":"hline"},"ssextensions":[],"outgoing":[],"dockers":[],"labels":[{"styles":{"fill":"#000000","size":"12","italic":false,"bold":false},"ref":"input_text"},{"styles":{"fill":"#000000","size":"12","italic":false,"bold":false},"ref":"desc_text"}]}],"bounds":{"lowerRight":{"x":985.8000000000001,"y":355},"upperLeft":{"x":15,"y":227}},"outputmappingproperties":{"custom-validations":{"type":"formlist","placeholders":[]},"modelevents":{"type":"formlist","placeholders":[]}},"properties":{"stencilid":"cloud-sub-panel","stencilsuperid":"SubSlotPanel","stencilsuperids":["SubSlotPanel"],"customstencil":false,"label":"","label_i18n-key":"","notes":"","label-position":"top","tooltip":"","tooltip_i18n-key":"","value":"","default-value":"","description":"","description_i18n-key":"","col-span":"1","ignored":"{{!newUserPanel || !newUser.enableMessage}}","ignored-run":"{{!newUserPanel || !newUser.enableMessage}}","visible":"{{$lang == 'en' && newUser.message.en && newUser.success == 'false'}}","visible-run":"{{$lang == 'en' && newUser.message.en && newUser.success == 'false'}}","enabled":true,"enabled-run":"","required":false,"required-run":"","style-class":"","documentation":"","custom-validations":"","validation-panel-display":"show","id":"sub-panel3","width":"200","height":"","col":1,"col-align":"fill","col-weight":"","row":3,"row-align":"top","row-weight":"","size":12,"description-position":"bottom","description-align":"left","node-type":"","modelevents":"","options":"","modal-button-text":"","modal-button-text_i18n-key":"","modal-open":"","collapsible":false,"collapsed":false,"collapsed-run":"","show-border":false,"modal-width":"","save-button-text":"","save-button-text_i18n-key":"","save-button-visible":true,"save-button-visible-run":"","save-button-enabled":true,"save-button-enabled-run":"","cancel-button-text":"","cancel-button-text_i18n-key":"","cancel-button-visible":true,"cancel-button-visible-run":"","cancel-button-enabled":true,"cancel-button-enabled-run":"","xmlTag":"panel"},"ssextensions":[],"outgoing":[],"dockers":[],"labels":[{"styles":{"fill":"#000000","size":"12","italic":false,"bold":false},"ref":"label_text"}]},{"resourceId":"sub-panel4","stencil":{"id":"SubSlotPanel"},"pathProperties":{"label":"label","label_i18n-key":"label","label-position":"labelAlign","tooltip":"tooltip","tooltip_i18n-key":"tooltip","value":"value","default-value":"defaultValue","description":"description","description_i18n-key":"description","col-span":"size","ignored":"ignore","ignored-run":"ignore","visible":"visible","visible-run":"visible","enabled":"enabled","enabled-run":"enabled","required":"isRequired","required-run":"isRequired","style-class":"styleClass","custom-validations":"customValidations","validation-panel-display":"extraSettings.validationPanelDisplay","id":"id","modelevents":"modelEvents","modal-button-text":"extraSettings.modalButtonText","modal-button-text_i18n-key":"extraSettings.modalButtonText","modal-open":"extraSettings.modalOpen","collapsible":"extraSettings.collapsible","collapsed":"extraSettings.collapsed","collapsed-run":"extraSettings.collapsed","show-border":"extraSettings.showBorder","modal-width":"extraSettings.width","save-button-text":"extraSettings.saveButtonText","save-button-text_i18n-key":"extraSettings.saveButtonText","save-button-visible":"extraSettings.saveButtonVisible","save-button-visible-run":"extraSettings.saveButtonVisible","save-button-enabled":"extraSettings.saveButtonEnabled","save-button-enabled-run":"extraSettings.saveButtonEnabled","cancel-button-text":"extraSettings.cancelButtonText","cancel-button-text_i18n-key":"extraSettings.cancelButtonText","cancel-button-visible":"extraSettings.cancelButtonVisible","cancel-button-visible-run":"extraSettings.cancelButtonVisible","cancel-button-enabled":"extraSettings.cancelButtonEnabled","cancel-button-enabled-run":"extraSettings.cancelButtonEnabled"},"pathMappingProperties":{},"xmlProperties":["value"],"childShapes":[{"resourceId":"alert3","stencil":{"id":"base-alert"},"pathProperties":{"label-position":"labelAlign","tooltip":"tooltip","tooltip_i18n-key":"tooltip","value":"value","default-value":"defaultValue","description":"description","description_i18n-key":"description","col-span":"size","ignored":"ignore","ignored-run":"ignore","visible":"visible","visible-run":"visible","enabled":"enabled","enabled-run":"enabled","required":"isRequired","required-run":"isRequired","style-class":"styleClass","custom-validations":"customValidations","validation-panel-display":"extraSettings.validationPanelDisplay","id":"id","modelevents":"modelEvents","alert-title":"extraSettings.title","alert-title_i18n-key":"extraSettings.title","value_i18n-key":"value","severity":"extraSettings.severity","default-icon":"extraSettings.defaultIcon","close-icon":"extraSettings.closeIcon","close-button":"extraSettings.closeButton","close-button-text":"extraSettings.closeButtonText","close-button-text-run":"extraSettings.closeButtonText","close-button-text_i18n-key":"extraSettings.closeButtonText","icon-url":"extraSettings.iconUrl"},"pathMappingProperties":{},"xmlProperties":[],"childShapes":[],"bounds":{"lowerRight":{"x":955.8000000000001,"y":75},"upperLeft":{"x":15,"y":25}},"outputmappingproperties":{"custom-validations":{"type":"formlist","placeholders":[]},"modelevents":{"type":"formlist","placeholders":[]}},"properties":{"stencilid":"cloud-alert","stencilsuperid":"base-alert","stencilsuperids":["base-alert"],"customstencil":false,"label-position":"top","notes":"","tooltip":"","tooltip_i18n-key":"","value":"{{newUser.message.es}}","default-value":"","description":"","description_i18n-key":"","col-span":"1","ignored":false,"ignored-run":"","visible":true,"visible-run":"","enabled":true,"enabled-run":"","required":false,"required-run":"","style-class":"","documentation":"","custom-validations":"","validation-panel-display":"show","id":"alert3","width":"200","height":"","col":1,"col-align":"fill","col-weight":"","row":1,"row-align":"top","row-weight":"","size":12,"description-position":"bottom","description-align":"left","node-type":"","modelevents":"","alert-title":"","alert-title_i18n-key":"","value_i18n-key":"","severity":"success","default-icon":true,"close-icon":true,"close-button":false,"close-button-text":"","close-button-text-run":"","close-button-text_i18n-key":"","icon-url":"","xmlTag":"alert"},"ssextensions":[],"outgoing":[],"dockers":[],"labels":[{"styles":{"fill":"#000000","size":"12","italic":false,"bold":false},"ref":"title_text"},{"styles":{"fill":"#000000","size":"12","italic":false,"bold":false},"ref":"input_text"}]},{"resourceId":"hline4","stencil":{"id":"Hline"},"pathProperties":{"label":"label","label_i18n-key":"label","label-position":"labelAlign","tooltip":"tooltip","tooltip_i18n-key":"tooltip","value":"value","default-value":"defaultValue","description":"description","description_i18n-key":"description","col-span":"size","ignored":"ignore","ignored-run":"ignore","visible":"visible","visible-run":"visible","enabled":"enabled","enabled-run":"enabled","required":"isRequired","required-run":"isRequired","style-class":"styleClass","custom-validations":"customValidations","validation-panel-display":"extraSettings.validationPanelDisplay","id":"id","modelevents":"modelEvents"},"pathMappingProperties":{},"xmlProperties":[],"childShapes":[],"bounds":{"lowerRight":{"x":955.8000000000001,"y":108},"upperLeft":{"x":15,"y":98}},"outputmappingproperties":{"custom-validations":{"type":"formlist","placeholders":[]},"modelevents":{"type":"formlist","placeholders":[]}},"properties":{"stencilid":"cloud-hline","stencilsuperid":"Hline","stencilsuperids":["Hline"],"customstencil":false,"bordercolor":"#000000","notes":"","label":"","label_i18n-key":"","label-position":"top","tooltip":"","tooltip_i18n-key":"","value":"","default-value":"","description":"","description_i18n-key":"","col-span":"1","ignored":false,"ignored-run":"","visible":true,"visible-run":"","enabled":true,"enabled-run":"","required":false,"required-run":"","style-class":"","documentation":"","custom-validations":"","validation-panel-display":"show","id":"hline4","width":"200","height":"","col":1,"col-align":"fill","col-weight":"","row":2,"row-align":"top","row-weight":"","size":12,"description-position":"bottom","description-align":"left","node-type":"","modelevents":"","xmlTag":"hline"},"ssextensions":[],"outgoing":[],"dockers":[],"labels":[{"styles":{"fill":"#000000","size":"12","italic":false,"bold":false},"ref":"input_text"},{"styles":{"fill":"#000000","size":"12","italic":false,"bold":false},"ref":"desc_text"}]}],"bounds":{"lowerRight":{"x":985.8000000000001,"y":508},"upperLeft":{"x":15,"y":380}},"outputmappingproperties":{"custom-validations":{"type":"formlist","placeholders":[]},"modelevents":{"type":"formlist","placeholders":[]}},"properties":{"stencilid":"cloud-sub-panel","stencilsuperid":"SubSlotPanel","stencilsuperids":["SubSlotPanel"],"customstencil":false,"label":"","label_i18n-key":"","notes":"","label-position":"top","tooltip":"","tooltip_i18n-key":"","value":"","default-value":"","description":"","description_i18n-key":"","col-span":"1","ignored":"{{!newUserPanel}}","ignored-run":"{{!newUserPanel}}","visible":"{{$lang == 'es_es' && newUser.message.es && newUser.success == 'true'}}","visible-run":"{{$lang == 'es_es' && newUser.message.es && newUser.success == 'true'}}","enabled":true,"enabled-run":"","required":false,"required-run":"","style-class":"","documentation":"","custom-validations":"","validation-panel-display":"show","id":"sub-panel4","width":"200","height":"","col":1,"col-align":"fill","col-weight":"","row":4,"row-align":"top","row-weight":"","size":12,"description-position":"bottom","description-align":"left","node-type":"","modelevents":"","options":"","modal-button-text":"","modal-button-text_i18n-key":"","modal-open":"","collapsible":false,"collapsed":false,"collapsed-run":"","show-border":false,"modal-width":"","save-button-text":"","save-button-text_i18n-key":"","save-button-visible":true,"save-button-visible-run":"","save-button-enabled":true,"save-button-enabled-run":"","cancel-button-text":"","cancel-button-text_i18n-key":"","cancel-button-visible":true,"cancel-button-visible-run":"","cancel-button-enabled":true,"cancel-button-enabled-run":"","xmlTag":"panel"},"ssextensions":[],"outgoing":[],"dockers":[],"labels":[{"styles":{"fill":"#000000","size":"12","italic":false,"bold":false},"ref":"label_text"}]},{"resourceId":"sub-panel5","stencil":{"id":"SubSlotPanel"},"pathProperties":{"label":"label","label_i18n-key":"label","label-position":"labelAlign","tooltip":"tooltip","tooltip_i18n-key":"tooltip","value":"value","default-value":"defaultValue","description":"description","description_i18n-key":"description","col-span":"size","ignored":"ignore","ignored-run":"ignore","visible":"visible","visible-run":"visible","enabled":"enabled","enabled-run":"enabled","required":"isRequired","required-run":"isRequired","style-class":"styleClass","custom-validations":"customValidations","validation-panel-display":"extraSettings.validationPanelDisplay","id":"id","modelevents":"modelEvents","modal-button-text":"extraSettings.modalButtonText","modal-button-text_i18n-key":"extraSettings.modalButtonText","modal-open":"extraSettings.modalOpen","collapsible":"extraSettings.collapsible","collapsed":"extraSettings.collapsed","collapsed-run":"extraSettings.collapsed","show-border":"extraSettings.showBorder","modal-width":"extraSettings.width","save-button-text":"extraSettings.saveButtonText","save-button-text_i18n-key":"extraSettings.saveButtonText","save-button-visible":"extraSettings.saveButtonVisible","save-button-visible-run":"extraSettings.saveButtonVisible","save-button-enabled":"extraSettings.saveButtonEnabled","save-button-enabled-run":"extraSettings.saveButtonEnabled","cancel-button-text":"extraSettings.cancelButtonText","cancel-button-text_i18n-key":"extraSettings.cancelButtonText","cancel-button-visible":"extraSettings.cancelButtonVisible","cancel-button-visible-run":"extraSettings.cancelButtonVisible","cancel-button-enabled":"extraSettings.cancelButtonEnabled","cancel-button-enabled-run":"extraSettings.cancelButtonEnabled"},"pathMappingProperties":{},"xmlProperties":["value"],"childShapes":[{"resourceId":"alert4","stencil":{"id":"base-alert"},"pathProperties":{"label-position":"labelAlign","tooltip":"tooltip","tooltip_i18n-key":"tooltip","value":"value","default-value":"defaultValue","description":"description","description_i18n-key":"description","col-span":"size","ignored":"ignore","ignored-run":"ignore","visible":"visible","visible-run":"visible","enabled":"enabled","enabled-run":"enabled","required":"isRequired","required-run":"isRequired","style-class":"styleClass","custom-validations":"customValidations","validation-panel-display":"extraSettings.validationPanelDisplay","id":"id","modelevents":"modelEvents","alert-title":"extraSettings.title","alert-title_i18n-key":"extraSettings.title","value_i18n-key":"value","severity":"extraSettings.severity","default-icon":"extraSettings.defaultIcon","close-icon":"extraSettings.closeIcon","close-button":"extraSettings.closeButton","close-button-text":"extraSettings.closeButtonText","close-button-text-run":"extraSettings.closeButtonText","close-button-text_i18n-key":"extraSettings.closeButtonText","icon-url":"extraSettings.iconUrl"},"pathMappingProperties":{},"xmlProperties":[],"childShapes":[],"bounds":{"lowerRight":{"x":955.8000000000001,"y":75},"upperLeft":{"x":15,"y":25}},"outputmappingproperties":{"custom-validations":{"type":"formlist","placeholders":[]},"modelevents":{"type":"formlist","placeholders":[]}},"properties":{"stencilid":"cloud-alert","stencilsuperid":"base-alert","stencilsuperids":["base-alert"],"customstencil":false,"label-position":"top","notes":"","tooltip":"","tooltip_i18n-key":"","value":"{{newUser.message.en}}","default-value":"","description":"","description_i18n-key":"","col-span":"1","ignored":false,"ignored-run":"","visible":true,"visible-run":"","enabled":true,"enabled-run":"","required":false,"required-run":"","style-class":"","documentation":"","custom-validations":"","validation-panel-display":"show","id":"alert4","width":"200","height":"","col":1,"col-align":"fill","col-weight":"","row":1,"row-align":"top","row-weight":"","size":12,"description-position":"bottom","description-align":"left","node-type":"","modelevents":"","alert-title":"Success!","alert-title_i18n-key":"success.alert.title","value_i18n-key":"","severity":"success","default-icon":true,"close-icon":true,"close-button":false,"close-button-text":"","close-button-text-run":"","close-button-text_i18n-key":"","icon-url":"","xmlTag":"alert"},"ssextensions":[],"outgoing":[],"dockers":[],"labels":[{"styles":{"fill":"#000000","size":"12","italic":false,"bold":false},"ref":"title_text"},{"styles":{"fill":"#000000","size":"12","italic":false,"bold":false},"ref":"input_text"}]},{"resourceId":"hline5","stencil":{"id":"Hline"},"pathProperties":{"label":"label","label_i18n-key":"label","label-position":"labelAlign","tooltip":"tooltip","tooltip_i18n-key":"tooltip","value":"value","default-value":"defaultValue","description":"description","description_i18n-key":"description","col-span":"size","ignored":"ignore","ignored-run":"ignore","visible":"visible","visible-run":"visible","enabled":"enabled","enabled-run":"enabled","required":"isRequired","required-run":"isRequired","style-class":"styleClass","custom-validations":"customValidations","validation-panel-display":"extraSettings.validationPanelDisplay","id":"id","modelevents":"modelEvents"},"pathMappingProperties":{},"xmlProperties":[],"childShapes":[],"bounds":{"lowerRight":{"x":955.8000000000001,"y":108},"upperLeft":{"x":15,"y":98}},"outputmappingproperties":{"custom-validations":{"type":"formlist","placeholders":[]},"modelevents":{"type":"formlist","placeholders":[]}},"properties":{"stencilid":"cloud-hline","stencilsuperid":"Hline","stencilsuperids":["Hline"],"customstencil":false,"bordercolor":"#000000","notes":"","label":"","label_i18n-key":"","label-position":"top","tooltip":"","tooltip_i18n-key":"","value":"","default-value":"","description":"","description_i18n-key":"","col-span":"1","ignored":false,"ignored-run":"","visible":true,"visible-run":"","enabled":true,"enabled-run":"","required":false,"required-run":"","style-class":"","documentation":"","custom-validations":"","validation-panel-display":"show","id":"hline5","width":"200","height":"","col":1,"col-align":"fill","col-weight":"","row":2,"row-align":"top","row-weight":"","size":12,"description-position":"bottom","description-align":"left","node-type":"","modelevents":"","xmlTag":"hline"},"ssextensions":[],"outgoing":[],"dockers":[],"labels":[{"styles":{"fill":"#000000","size":"12","italic":false,"bold":false},"ref":"input_text"},{"styles":{"fill":"#000000","size":"12","italic":false,"bold":false},"ref":"desc_text"}]}],"bounds":{"lowerRight":{"x":985.8000000000001,"y":661},"upperLeft":{"x":15,"y":533}},"outputmappingproperties":{"custom-validations":{"type":"formlist","placeholders":[]},"modelevents":{"type":"formlist","placeholders":[]}},"properties":{"stencilid":"cloud-sub-panel","stencilsuperid":"SubSlotPanel","stencilsuperids":["SubSlotPanel"],"customstencil":false,"label":"","label_i18n-key":"","notes":"","label-position":"top","tooltip":"","tooltip_i18n-key":"","value":"","default-value":"","description":"","description_i18n-key":"","col-span":"1","ignored":"{{!newUserPanel}}","ignored-run":"{{!newUserPanel}}","visible":"{{$lang == 'en' && newUser.message.en && newUser.success == 'true'}}","visible-run":"{{$lang == 'en' && newUser.message.en && newUser.success == 'true'}}","enabled":true,"enabled-run":"","required":false,"required-run":"","style-class":"","documentation":"","custom-validations":"","validation-panel-display":"show","id":"sub-panel5","width":"200","height":"","col":1,"col-align":"fill","col-weight":"","row":5,"row-align":"top","row-weight":"","size":12,"description-position":"bottom","description-align":"left","node-type":"","modelevents":"","options":"","modal-button-text":"","modal-button-text_i18n-key":"","modal-open":"","collapsible":false,"collapsed":false,"collapsed-run":"","show-border":false,"modal-width":"","save-button-text":"","save-button-text_i18n-key":"","save-button-visible":true,"save-button-visible-run":"","save-button-enabled":true,"save-button-enabled-run":"","cancel-button-text":"","cancel-button-text_i18n-key":"","cancel-button-visible":true,"cancel-button-visible-run":"","cancel-button-enabled":true,"cancel-button-enabled-run":"","xmlTag":"panel"},"ssextensions":[],"outgoing":[],"dockers":[],"labels":[{"styles":{"fill":"#000000","size":"12","italic":false,"bold":false},"ref":"label_text"}]}],"bounds":{"lowerRight":{"x":1049,"y":1403},"upperLeft":{"x":50,"y":50}},"oldResourceId":"sid-8D9FC954-EB33-4C05-ADF0-5706EF50E974","properties":{"stencilid":"SlotPanel","stencilsuperid":"SlotPanel","stencilsuperids":["SlotPanel"],"customstencil":false,"id":"panel1","notes":"","width":"300"},"ssextensions":[],"outgoing":[],"dockers":[]}],"bounds":{"lowerRight":{"x":1485,"y":1503},"upperLeft":{"x":0,"y":0}},"outputmappingproperties":{"outcomes":{"type":"formlist","placeholders":[]},"events":{"type":"formlist","placeholders":[]},"custom-validations":{"type":"formlist","placeholders":[]}},"properties":{"stencilid":"XForm","stencilsuperid":"XForm","stencilsuperids":["XForm"],"customstencil":false,"id":"UM_F004","notes":"","name":"UM_F004 User Registration Form","guid":"FORM_MODEL-d7711388-32a9-40df-8f5f-133e77cfdc39","creationdate":"2022-07-11T10:39:17.482Z","modificationdate":"2022-09-12T12:40:57.994Z","outcomes":"","outcomevariablename":"","events":"","dialog-size":"","dialog-size-run":"","dialog-title":"","dialog-title_i18n-key":"","dialog-description":"","force-validation":"","custom-validations":"","validation-panel-display":"show","description":""},"ssextensions":[],"stencilset":{"url":"./app/editor_stencilset","paletteKey":"flowable-form-palette","namespace":"http://b3mn.org/stencilset/xforms2.0#"}}}