{"id":"SERVICE_DEFINITION_MODEL-869d6232-b2dd-450a-a81f-7d5766fac3eb","name":"CLI_S001 Import Collection Request Data Source","key":"CLI_S001","description":null,"tenantId":"default","editorJson":{"type":"database","tableName":"PGN_CLI_REQUEST","lookupIdAutoGenerated":false,"operations":[{"name":"Lookup","key":"findById","inputParameters":[{"displayName":"Code","name":"code","mappingName":"code","required":false,"type":"string"}],"outputParameters":[],"config":{},"type":"lookup"},{"name":"Create","key":"create","inputParameters":[{"displayName":"Amount","name":"amount","mappingName":"amount","required":false,"type":"double"},{"displayName":"Code","name":"code","mappingName":"code","required":false,"type":"string"},{"displayName":"Collection Type","name":"collectionType","mappingName":"collectionType","required":false,"type":"string"},{"displayName":"Comment","name":"comment","mappingName":"comment","required":false,"type":"string"},{"displayName":"Commission Account Currency","name":"commissionAccountCurrency","mappingName":"commissionAccountCurrency","required":false,"type":"string"},{"displayName":"Commision Account IBAN","name":"commisionAccountIBAN","mappingName":"commisionAccountIBAN","required":false,"type":"string"},{"displayName":"Commission Account ID","name":"commissionAccountId","mappingName":"commissionAccountId","required":false,"type":"string"},{"displayName":"Contract Reference","name":"contractReference","mappingName":"contractReference","required":false,"type":"string"},{"displayName":"Country","name":"country","mappingName":"country","required":false,"type":"string"},{"displayName":"Creation Date","name":"creationDate","mappingName":"creationDate","required":false,"type":"date"},{"displayName":"Currency","name":"currency","mappingName":"currency","required":false,"type":"string"},{"displayName":"Customer Full Name","name":"customerFullName","mappingName":"customerFullName","required":false,"type":"string"},{"displayName":"Customer ID","name":"customerID","mappingName":"customerID","required":false,"type":"string"},{"displayName":"Customer Code","name":"customerCode","mappingName":"customerCode","required":false,"type":"string"},{"displayName":"Customer Segment","name":"customerSegment","mappingName":"customerSegment","required":false,"type":"string"},{"displayName":"Customer Email","name":"customerEmail","mappingName":"customerEmail","required":false,"type":"string"},{"displayName":"Customer has account","name":"customerHasAccount","mappingName":"customerHasAccount","required":false,"type":"string"},{"displayName":"Customer Reference","name":"customerReference","mappingName":"customerReference","required":false,"type":"string"},{"displayName":"Customer prices agreement collected","name":"customerPricesAgreementCollected","mappingName":"customerPricesAgreementCollected","required":false,"type":"string"},{"displayName":"Debtor Name","name":"debtorName","mappingName":"debtorName","required":false,"type":"string"},{"displayName":"Debtor Bank","name":"debtorBank","mappingName":"debtorBank","required":false,"type":"string"},{"displayName":"Displayed Status","name":"displayedStatus","mappingName":"displayedStatus","required":false,"type":"string"},{"displayName":"Middle Office","name":"middleOffice","mappingName":"middleOffice","required":false,"type":"string"},{"displayName":"Nominal Account Currency","name":"nominalAccountCurrency","mappingName":"nominalAccountCurrency","required":false,"type":"string"},{"displayName":"Nominal Account IBAN","name":"nominalAccountIBAN","mappingName":"nominalAccountIBAN","required":false,"type":"string"},{"displayName":"Nominal Account ID","name":"nominalAccountId","mappingName":"nominalAccountId","required":false,"type":"string"},{"displayName":"Office","name":"office","mappingName":"office","required":false,"type":"string"},{"displayName":"Priority","name":"priority","mappingName":"priority","required":false,"type":"string"},{"displayName":"Requester Type","name":"requesterType","mappingName":"requesterType","required":false,"type":"string"},{"displayName":"Requester Displayed Name","name":"requesterDisplayedName","mappingName":"requesterDisplayedName","required":false,"type":"string"},{"displayName":"Requester ID","name":"requesterId","mappingName":"requesterId","required":false,"type":"string"},{"displayName":"Resolution","name":"resolution","mappingName":"resolution","required":false,"type":"string"},{"displayName":"Resolution Reason","name":"resolutionReason","mappingName":"resolutionReason","required":false,"type":"string"}],"outputParameters":[],"config":{},"type":"create"},{"name":"Update","key":"update","inputParameters":[{"displayName":"Amount","name":"amount","mappingName":"amount","required":false,"type":"double"},{"displayName":"Code","name":"code","mappingName":"code","required":false,"type":"string"},{"displayName":"Collection Type","name":"collectionType","mappingName":"collectionType","required":false,"type":"string"},{"displayName":"Comment","name":"comment","mappingName":"comment","required":false,"type":"string"},{"displayName":"Commission Account Currency","name":"commissionAccountCurrency","mappingName":"commissionAccountCurrency","required":false,"type":"string"},{"displayName":"Commision Account IBAN","name":"commisionAccountIBAN","mappingName":"commisionAccountIBAN","required":false,"type":"string"},{"displayName":"Commission Account ID","name":"commissionAccountId","mappingName":"commissionAccountId","required":false,"type":"string"},{"displayName":"Contract Reference","name":"contractReference","mappingName":"contractReference","required":false,"type":"string"},{"displayName":"Country","name":"country","mappingName":"country","required":false,"type":"string"},{"displayName":"Creation Date","name":"creationDate","mappingName":"creationDate","required":false,"type":"date"},{"displayName":"Currency","name":"currency","mappingName":"currency","required":false,"type":"string"},{"displayName":"Customer Full Name","name":"customerFullName","mappingName":"customerFullName","required":false,"type":"string"},{"displayName":"Customer ID","name":"customerID","mappingName":"customerID","required":false,"type":"string"},{"displayName":"Customer Code","name":"customerCode","mappingName":"customerCode","required":false,"type":"string"},{"displayName":"Customer Segment","name":"customerSegment","mappingName":"customerSegment","required":false,"type":"string"},{"displayName":"Customer Email","name":"customerEmail","mappingName":"customerEmail","required":false,"type":"string"},{"displayName":"Customer has account","name":"customerHasAccount","mappingName":"customerHasAccount","required":false,"type":"string"},{"displayName":"Customer Reference","name":"customerReference","mappingName":"customerReference","required":false,"type":"string"},{"displayName":"Customer prices agreement collected","name":"customerPricesAgreementCollected","mappingName":"customerPricesAgreementCollected","required":false,"type":"string"},{"displayName":"Debtor Name","name":"debtorName","mappingName":"debtorName","required":false,"type":"string"},{"displayName":"Debtor Bank","name":"debtorBank","mappingName":"debtorBank","required":false,"type":"string"},{"displayName":"Displayed Status","name":"displayedStatus","mappingName":"displayedStatus","required":false,"type":"string"},{"displayName":"Middle Office","name":"middleOffice","mappingName":"middleOffice","required":false,"type":"string"},{"displayName":"Nominal Account Currency","name":"nominalAccountCurrency","mappingName":"nominalAccountCurrency","required":false,"type":"string"},{"displayName":"Nominal Account IBAN","name":"nominalAccountIBAN","mappingName":"nominalAccountIBAN","required":false,"type":"string"},{"displayName":"Nominal Account ID","name":"nominalAccountId","mappingName":"nominalAccountId","required":false,"type":"string"},{"displayName":"Office","name":"office","mappingName":"office","required":false,"type":"string"},{"displayName":"Priority","name":"priority","mappingName":"priority","required":false,"type":"string"},{"displayName":"Requester Type","name":"requesterType","mappingName":"requesterType","required":false,"type":"string"},{"displayName":"Requester Displayed Name","name":"requesterDisplayedName","mappingName":"requesterDisplayedName","required":false,"type":"string"},{"displayName":"Requester ID","name":"requesterId","mappingName":"requesterId","required":false,"type":"string"},{"displayName":"Resolution","name":"resolution","mappingName":"resolution","required":false,"type":"string"},{"displayName":"Resolution Reason","name":"resolutionReason","mappingName":"resolutionReason","required":false,"type":"string"}],"outputParameters":[],"config":{},"type":"update"},{"name":"Delete","key":"delete","inputParameters":[{"displayName":"Code","name":"code","mappingName":"code","required":false,"type":"string"}],"config":{},"type":"delete"},{"name":"Create Draft","key":"createDraft","inputParameters":[{"displayName":"Amount","name":"amount","mappingName":"amount","required":true,"type":"double"},{"displayName":"Code","name":"code","mappingName":"code","required":true,"type":"string"},{"displayName":"Collection Type","name":"collectionType","mappingName":"collectionType","required":true,"type":"string"},{"displayName":"Comment","name":"comment","mappingName":"comment","required":false,"type":"string"},{"displayName":"Commission Account Currency","name":"commissionAccountCurrency","mappingName":"commissionAccountCurrency","required":false,"type":"string"},{"displayName":"Commision Account IBAN","name":"commisionAccountIBAN","mappingName":"commisionAccountIBAN","required":false,"type":"string"},{"displayName":"Commission Account ID","name":"commissionAccountId","mappingName":"commissionAccountId","required":false,"type":"string"},{"displayName":"Country","name":"country","mappingName":"country","required":true,"type":"string"},{"displayName":"Currency","name":"currency","mappingName":"currency","required":true,"type":"string"},{"displayName":"Customer Full Name","name":"customerFullName","mappingName":"customerFullName","required":true,"type":"string"},{"displayName":"Customer ID","name":"customerID","mappingName":"customerID","required":true,"type":"string"},{"displayName":"Customer Code","name":"customerCode","mappingName":"customerCode","required":true,"type":"string"},{"displayName":"Customer Segment","name":"customerSegment","mappingName":"customerSegment","required":true,"type":"string"},{"displayName":"Customer Email","name":"customerEmail","mappingName":"customerEmail","required":false,"type":"string"},{"displayName":"Customer has account","name":"customerHasAccount","mappingName":"customerHasAccount","required":false,"type":"string"},{"displayName":"Customer Reference","name":"customerReference","mappingName":"customerReference","required":false,"type":"string"},{"displayName":"Customer prices agreement collected","name":"customerPricesAgreementCollected","mappingName":"customerPricesAgreementCollected","required":false,"type":"string"},{"displayName":"Debtor Name","name":"debtorName","mappingName":"debtorName","required":false,"type":"string"},{"displayName":"Debtor Bank","name":"debtorBank","mappingName":"debtorBank","required":false,"type":"string"},{"displayName":"Displayed Status","name":"displayedStatus","mappingName":"displayedStatus","required":true,"type":"string"},{"displayName":"Middle Office","name":"middleOffice","mappingName":"middleOffice","required":true,"type":"string"},{"displayName":"Nominal Account Currency","name":"nominalAccountCurrency","mappingName":"nominalAccountCurrency","required":false,"type":"string"},{"displayName":"Nominal Account IBAN","name":"nominalAccountIBAN","mappingName":"nominalAccountIBAN","required":false,"type":"string"},{"displayName":"Nominal Account ID","name":"nominalAccountId","mappingName":"nominalAccountId","required":false,"type":"string"},{"displayName":"Office","name":"office","mappingName":"office","required":true,"type":"string"},{"displayName":"Priority","name":"priority","mappingName":"priority","required":false,"type":"string"},{"displayName":"Requester Type","name":"requesterType","mappingName":"requesterType","required":true,"type":"string"},{"displayName":"Requester Displayed Name","name":"requesterDisplayedName","mappingName":"requesterDisplayedName","required":true,"type":"string"},{"displayName":"Requester ID","name":"requesterId","mappingName":"requesterId","required":true,"type":"string"}],"outputParameters":[],"config":{"insertColumns":[{"inputParameterName":"requesterId","columnName":"REQUESTER_ID","columnMappingName":"requesterId"},{"inputParameterName":"requesterDisplayedName","columnName":"REQUESTER_DISPLAYED_NAME","columnMappingName":"requesterDisplayedName"},{"inputParameterName":"requesterType","columnName":"REQUESTER_TYPE","columnMappingName":"requesterType"},{"inputParameterName":"priority","columnName":"PRIORITY","columnMappingName":"priority"},{"inputParameterName":"office","columnName":"OFFICE","columnMappingName":"office"},{"inputParameterName":"nominalAccountId","columnName":"NOMINAL_ACCOUNT_ID","columnMappingName":"nominalAccountId"},{"inputParameterName":"nominalAccountIBAN","columnName":"NOMINAL_ACCOUNT_IBAN","columnMappingName":"nominalAccountIBAN"},{"inputParameterName":"nominalAccountCurrency","columnName":"NOMINAL_ACCOUNT_CURRENCY","columnMappingName":"nominalAccountCurrency"},{"inputParameterName":"middleOffice","columnName":"MIDDLE_OFFICE","columnMappingName":"middleOffice"},{"inputParameterName":"displayedStatus","columnName":"DISPLAYED_STATUS","columnMappingName":"displayedStatus"},{"inputParameterName":"debtorBank","columnName":"DEBTOR_BANK","columnMappingName":"debtorBank"},{"inputParameterName":"debtorName","columnName":"DEBTOR_NAME","columnMappingName":"debtorName"},{"inputParameterName":"customerPricesAgreementCollected","columnName":"CUSTOMER_PRICES_AGREEMENT_COLLECTED","columnMappingName":"customerPricesAgreementCollected"},{"inputParameterName":"customerReference","columnName":"CUSTOMER_REFERENCE","columnMappingName":"customerReference"},{"inputParameterName":"customerHasAccount","columnName":"CUSTOMER_HAS_ACCOUNT","columnMappingName":"customerHasAccount"},{"inputParameterName":"customerEmail","columnName":"CUSTOMER_EMAIL","columnMappingName":"customerEmail"},{"inputParameterName":"customerSegment","columnName":"CUSTOMER_SEGMENT","columnMappingName":"customerSegment"},{"inputParameterName":"customerCode","columnName":"CUSTOMER_CODE","columnMappingName":"customerCode"},{"inputParameterName":"customerID","columnName":"CUSTOMER_ID","columnMappingName":"customerID"},{"inputParameterName":"customerFullName","columnName":"CUSTOMER_FULL_NAME","columnMappingName":"customerFullName"},{"inputParameterName":"currency","columnName":"CURRENCY","columnMappingName":"currency"},{"inputParameterName":"country","columnName":"COUNTRY","columnMappingName":"country"},{"inputParameterName":"commissionAccountId","columnName":"COMMISSION_ACCOUNT_ID","columnMappingName":"commissionAccountId"},{"inputParameterName":"commisionAccountIBAN","columnName":"COMMISSION_ACCOUNT_IBAN","columnMappingName":"commisionAccountIBAN"},{"inputParameterName":"commissionAccountCurrency","columnName":"COMMISSION_ACCOUNT_CURRENCY","columnMappingName":"commissionAccountCurrency"},{"inputParameterName":"comment","columnName":"COMMENT","columnMappingName":"comment"},{"inputParameterName":"collectionType","columnName":"COLLECTION_TYPE","columnMappingName":"collectionType"},{"inputParameterName":"code","columnName":"CODE","columnMappingName":"code"},{"inputParameterName":"amount","columnName":"AMOUNT","columnMappingName":"amount"}]},"type":"create","description":"Create operation draft"},{"name":"Update Draft","key":"updateDraft","inputParameters":[{"displayName":"Amount","name":"amount","mappingName":"amount","required":true,"type":"double"},{"displayName":"Collection Type","name":"collectionType","mappingName":"collectionType","required":true,"type":"string"},{"displayName":"Comment","name":"comment","mappingName":"comment","required":false,"type":"string"},{"displayName":"Commission Account Currency","name":"commissionAccountCurrency","mappingName":"commissionAccountCurrency","required":false,"type":"string"},{"displayName":"Commision Account IBAN","name":"commisionAccountIBAN","mappingName":"commisionAccountIBAN","required":false,"type":"string"},{"displayName":"Commission Account ID","name":"commissionAccountId","mappingName":"commissionAccountId","required":false,"type":"string"},{"displayName":"Currency","name":"currency","mappingName":"currency","required":true,"type":"string"},{"displayName":"Customer has account","name":"customerHasAccount","mappingName":"customerHasAccount","required":false,"type":"string"},{"displayName":"Customer Reference","name":"customerReference","mappingName":"customerReference","required":false,"type":"string"},{"displayName":"Customer prices agreement collected","name":"customerPricesAgreementCollected","mappingName":"customerPricesAgreementCollected","required":false,"type":"string"},{"displayName":"Debtor Name","name":"debtorName","mappingName":"debtorName","required":false,"type":"string"},{"displayName":"Debtor Bank","name":"debtorBank","mappingName":"debtorBank","required":false,"type":"string"},{"displayName":"Middle Office","name":"middleOffice","mappingName":"middleOffice","required":true,"type":"string"},{"displayName":"Nominal Account Currency","name":"nominalAccountCurrency","mappingName":"nominalAccountCurrency","required":false,"type":"string"},{"displayName":"Nominal Account IBAN","name":"nominalAccountIBAN","mappingName":"nominalAccountIBAN","required":false,"type":"string"},{"displayName":"Nominal Account ID","name":"nominalAccountId","mappingName":"nominalAccountId","required":false,"type":"string"},{"displayName":"Office","name":"office","mappingName":"office","required":true,"type":"string"},{"displayName":"Priority","name":"priority","mappingName":"priority","required":false,"type":"string"},{"displayName":"Requester Type","name":"requesterType","mappingName":"requesterType","required":true,"type":"string"},{"displayName":"Requester Displayed Name","name":"requesterDisplayedName","mappingName":"requesterDisplayedName","required":true,"type":"string"},{"displayName":"Requester ID","name":"requesterId","mappingName":"requesterId","required":true,"type":"string"},{"displayName":"Code","name":"code","mappingName":"code","required":true,"type":"string"}],"outputParameters":[],"config":{"queryColumns":[{"inputParameterName":"code","operator":"equals","columnName":"CODE"}],"updateColumns":[{"inputParameterName":"requesterId","columnName":"REQUESTER_ID","columnMappingName":"requesterId"},{"inputParameterName":"requesterDisplayedName","columnName":"REQUESTER_DISPLAYED_NAME","columnMappingName":"requesterDisplayedName"},{"inputParameterName":"requesterType","columnName":"REQUESTER_TYPE","columnMappingName":"requesterType"},{"inputParameterName":"priority","columnName":"PRIORITY","columnMappingName":"priority"},{"inputParameterName":"office","columnName":"OFFICE","columnMappingName":"office"},{"inputParameterName":"nominalAccountId","columnName":"NOMINAL_ACCOUNT_ID","columnMappingName":"nominalAccountId"},{"inputParameterName":"nominalAccountIBAN","columnName":"NOMINAL_ACCOUNT_IBAN","columnMappingName":"nominalAccountIBAN"},{"inputParameterName":"nominalAccountCurrency","columnName":"NOMINAL_ACCOUNT_CURRENCY","columnMappingName":"nominalAccountCurrency"},{"inputParameterName":"middleOffice","columnName":"MIDDLE_OFFICE","columnMappingName":"middleOffice"},{"inputParameterName":"debtorBank","columnName":"DEBTOR_BANK","columnMappingName":"debtorBank"},{"inputParameterName":"debtorName","columnName":"DEBTOR_NAME","columnMappingName":"debtorName"},{"inputParameterName":"customerPricesAgreementCollected","columnName":"CUSTOMER_PRICES_AGREEMENT_COLLECTED","columnMappingName":"customerPricesAgreementCollected"},{"inputParameterName":"customerReference","columnName":"CUSTOMER_REFERENCE","columnMappingName":"customerReference"},{"inputParameterName":"customerHasAccount","columnName":"CUSTOMER_HAS_ACCOUNT","columnMappingName":"customerHasAccount"},{"inputParameterName":"currency","columnName":"CURRENCY","columnMappingName":"currency"},{"inputParameterName":"commissionAccountId","columnName":"COMMISSION_ACCOUNT_ID","columnMappingName":"commissionAccountId"},{"inputParameterName":"commisionAccountIBAN","columnName":"COMMISSION_ACCOUNT_IBAN","columnMappingName":"commisionAccountIBAN"},{"inputParameterName":"commissionAccountCurrency","columnName":"COMMISSION_ACCOUNT_CURRENCY","columnMappingName":"commissionAccountCurrency"},{"inputParameterName":"comment","columnName":"COMMENT","columnMappingName":"comment"},{"inputParameterName":"collectionType","columnName":"COLLECTION_TYPE","columnMappingName":"collectionType"},{"inputParameterName":"amount","columnName":"AMOUNT","columnMappingName":"amount"}]},"type":"update","description":"Update request draft"}],"lookupId":"code","columnMappings":[{"name":"amount","type":"DOUBLE","columnName":"AMOUNT"},{"name":"code","type":"STRING","columnName":"CODE"},{"name":"collectionType","type":"STRING","columnName":"COLLECTION_TYPE"},{"name":"comment","type":"STRING","columnName":"COMMENT"},{"name":"commissionAccountCurrency","type":"STRING","columnName":"COMMISSION_ACCOUNT_CURRENCY"},{"name":"commisionAccountIBAN","type":"STRING","columnName":"COMMISSION_ACCOUNT_IBAN"},{"name":"commissionAccountId","type":"STRING","columnName":"COMMISSION_ACCOUNT_ID"},{"name":"contractReference","type":"STRING","columnName":"CONTRACT_REFERENCE"},{"name":"country","type":"STRING","columnName":"COUNTRY"},{"name":"creationDate","type":"DATE","columnName":"CREATION_DATE"},{"name":"currency","type":"STRING","columnName":"CURRENCY"},{"name":"customerFullName","type":"STRING","columnName":"CUSTOMER_FULL_NAME"},{"name":"customerID","type":"STRING","columnName":"CUSTOMER_ID"},{"name":"customerCode","type":"STRING","columnName":"CUSTOMER_CODE"},{"name":"customerSegment","type":"STRING","columnName":"CUSTOMER_SEGMENT"},{"name":"customerEmail","type":"STRING","columnName":"CUSTOMER_EMAIL"},{"name":"customerHasAccount","type":"STRING","columnName":"CUSTOMER_HAS_ACCOUNT"},{"name":"customerReference","type":"STRING","columnName":"CUSTOMER_REFERENCE"},{"name":"customerPricesAgreementCollected","type":"STRING","columnName":"CUSTOMER_PRICES_AGREEMENT_COLLECTED"},{"name":"debtorName","type":"STRING","columnName":"DEBTOR_NAME"},{"name":"debtorBank","type":"STRING","columnName":"DEBTOR_BANK"},{"name":"displayedStatus","type":"STRING","columnName":"DISPLAYED_STATUS"},{"name":"middleOffice","type":"STRING","columnName":"MIDDLE_OFFICE"},{"name":"nominalAccountCurrency","type":"STRING","columnName":"NOMINAL_ACCOUNT_CURRENCY"},{"name":"nominalAccountIBAN","type":"STRING","columnName":"NOMINAL_ACCOUNT_IBAN"},{"name":"nominalAccountId","type":"STRING","columnName":"NOMINAL_ACCOUNT_ID"},{"name":"office","type":"STRING","columnName":"OFFICE"},{"name":"priority","type":"STRING","columnName":"PRIORITY"},{"name":"requesterType","type":"STRING","columnName":"REQUESTER_TYPE"},{"name":"requesterDisplayedName","type":"STRING","columnName":"REQUESTER_DISPLAYED_NAME"},{"name":"requesterId","type":"STRING","columnName":"REQUESTER_ID"},{"name":"resolution","type":"STRING","columnName":"RESOLUTION"},{"name":"resolutionReason","type":"STRING","columnName":"RESOLUTION_REASON"}],"referencedLiquibaseModelKey":"CLI_DOS001","referenceKey":"CLI_DO001","tenantId":"default"}}