{"id":"SERVICE_DEFINITION_MODEL-1cf14d6a-3982-49a5-a842-549d668402ea","name":"CLI_S003 Import Collecttion Service","key":"CLI_S003","description":null,"tenantId":"default","editorJson":{"referenceKey":"CLI_DO003","type":"database","tableName":"PGN_CLI","tenantId":"default","lookupIdAutoGenerated":false,"operations":[{"name":"Lookup","key":"findById","inputParameters":[{"displayName":"Code","name":"code","mappingName":"code","required":false,"type":"string"}],"outputParameters":[],"config":{},"type":"lookup"},{"name":"Create","key":"create","inputParameters":[{"displayName":"Amount","name":"amount","mappingName":"amount","required":false,"type":"double"},{"displayName":"Code","name":"code","mappingName":"code","required":false,"type":"string"},{"displayName":"Collection Type","name":"collectionType","mappingName":"collectionType","required":false,"type":"string"},{"displayName":"Comment","name":"comment","mappingName":"comment","required":false,"type":"string"},{"displayName":"Commission Account Currency","name":"commissionAccountCurrency","mappingName":"commissionAccountCurrency","required":false,"type":"string"},{"displayName":"Commision Account IBAN","name":"commisionAccountIBAN","mappingName":"commisionAccountIBAN","required":false,"type":"string"},{"displayName":"Commission Account ID","name":"commissionAccountId","mappingName":"commissionAccountId","required":false,"type":"string"},{"displayName":"Contract Reference","name":"contractReference","mappingName":"contractReference","required":false,"type":"string"},{"displayName":"Country","name":"country","mappingName":"country","required":false,"type":"string"},{"displayName":"Creation Date","name":"creationDate","mappingName":"creationDate","required":false,"type":"date"},{"displayName":"Currency","name":"currency","mappingName":"currency","required":false,"type":"string"},{"displayName":"Customer Full Name","name":"customerFullName","mappingName":"customerFullName","required":false,"type":"string"},{"displayName":"Customer ID","name":"customerID","mappingName":"customerID","required":false,"type":"string"},{"displayName":"Customer Code","name":"customerCode","mappingName":"customerCode","required":false,"type":"string"},{"displayName":"Customer Segment","name":"customerSegment","mappingName":"customerSegment","required":false,"type":"string"},{"displayName":"Customer Email","name":"customerEmail","mappingName":"customerEmail","required":false,"type":"string"},{"displayName":"Customer has account","name":"customerHasAccount","mappingName":"customerHasAccount","required":false,"type":"string"},{"displayName":"Customer Reference","name":"customerReference","mappingName":"customerReference","required":false,"type":"string"},{"displayName":"Customer prices agreement collected","name":"customerPricesAgreementCollected","mappingName":"customerPricesAgreementCollected","required":false,"type":"string"},{"displayName":"Debtor Name","name":"debtorName","mappingName":"debtorName","required":false,"type":"string"},{"displayName":"Debtor Bank","name":"debtorBank","mappingName":"debtorBank","required":false,"type":"string"},{"displayName":"Nominal Account Currency","name":"nominalAccountCurrency","mappingName":"nominalAccountCurrency","required":false,"type":"string"},{"displayName":"Nominal Account IBAN","name":"nominalAccountIBAN","mappingName":"nominalAccountIBAN","required":false,"type":"string"},{"displayName":"Nominal Account ID","name":"nominalAccountId","mappingName":"nominalAccountId","required":false,"type":"string"},{"displayName":"Approval date","name":"approvalDate","mappingName":"approvalDate","required":false,"type":"date"},{"displayName":"Status","name":"status","mappingName":"status","required":false,"type":"string"},{"displayName":"Status Reason","name":"statusReason","mappingName":"statusReason","required":false,"type":"string"}],"outputParameters":[],"config":{},"type":"create"},{"name":"Update","key":"update","inputParameters":[{"displayName":"Amount","name":"amount","mappingName":"amount","required":false,"type":"double"},{"displayName":"Code","name":"code","mappingName":"code","required":false,"type":"string"},{"displayName":"Collection Type","name":"collectionType","mappingName":"collectionType","required":false,"type":"string"},{"displayName":"Comment","name":"comment","mappingName":"comment","required":false,"type":"string"},{"displayName":"Commission Account Currency","name":"commissionAccountCurrency","mappingName":"commissionAccountCurrency","required":false,"type":"string"},{"displayName":"Commision Account IBAN","name":"commisionAccountIBAN","mappingName":"commisionAccountIBAN","required":false,"type":"string"},{"displayName":"Commission Account ID","name":"commissionAccountId","mappingName":"commissionAccountId","required":false,"type":"string"},{"displayName":"Contract Reference","name":"contractReference","mappingName":"contractReference","required":false,"type":"string"},{"displayName":"Country","name":"country","mappingName":"country","required":false,"type":"string"},{"displayName":"Creation Date","name":"creationDate","mappingName":"creationDate","required":false,"type":"date"},{"displayName":"Currency","name":"currency","mappingName":"currency","required":false,"type":"string"},{"displayName":"Customer Full Name","name":"customerFullName","mappingName":"customerFullName","required":false,"type":"string"},{"displayName":"Customer ID","name":"customerID","mappingName":"customerID","required":false,"type":"string"},{"displayName":"Customer Code","name":"customerCode","mappingName":"customerCode","required":false,"type":"string"},{"displayName":"Customer Segment","name":"customerSegment","mappingName":"customerSegment","required":false,"type":"string"},{"displayName":"Customer Email","name":"customerEmail","mappingName":"customerEmail","required":false,"type":"string"},{"displayName":"Customer has account","name":"customerHasAccount","mappingName":"customerHasAccount","required":false,"type":"string"},{"displayName":"Customer Reference","name":"customerReference","mappingName":"customerReference","required":false,"type":"string"},{"displayName":"Customer prices agreement collected","name":"customerPricesAgreementCollected","mappingName":"customerPricesAgreementCollected","required":false,"type":"string"},{"displayName":"Debtor Name","name":"debtorName","mappingName":"debtorName","required":false,"type":"string"},{"displayName":"Debtor Bank","name":"debtorBank","mappingName":"debtorBank","required":false,"type":"string"},{"displayName":"Nominal Account Currency","name":"nominalAccountCurrency","mappingName":"nominalAccountCurrency","required":false,"type":"string"},{"displayName":"Nominal Account IBAN","name":"nominalAccountIBAN","mappingName":"nominalAccountIBAN","required":false,"type":"string"},{"displayName":"Nominal Account ID","name":"nominalAccountId","mappingName":"nominalAccountId","required":false,"type":"string"},{"displayName":"Approval date","name":"approvalDate","mappingName":"approvalDate","required":false,"type":"date"},{"displayName":"Status","name":"status","mappingName":"status","required":false,"type":"string"},{"displayName":"Status Reason","name":"statusReason","mappingName":"statusReason","required":false,"type":"string"}],"outputParameters":[],"config":{},"type":"update"},{"name":"Delete","key":"delete","inputParameters":[{"displayName":"Code","name":"code","mappingName":"code","required":false,"type":"string"}],"config":{},"type":"delete"},{"name":"Search Import Collections Contracts","key":"searchContracts","inputParameters":[{"displayName":"Customer Code","name":"customerCode","mappingName":"customerCode","required":true,"type":"string"},{"displayName":"Status","name":"status","mappingName":"status","required":false,"type":"string"},{"displayName":"Contract Reference","name":"contractReference","mappingName":"contractReference","required":false,"type":"string"}],"outputParameters":[],"config":{"queryColumns":[{"inputParameterName":"contractReference","operator":"equalsIgnoreCase","columnName":"CONTRACT_REFERENCE"},{"inputParameterName":"status","operator":"equalsIgnoreCase","columnName":"STATUS"},{"inputParameterName":"customerCode","operator":"equalsIgnoreCase","columnName":"CUSTOMER_CODE"}]},"type":"search","description":"Search Import Collections Contracts by customer code, status and contract reference"}],"lookupId":"code","columnMappings":[{"name":"amount","type":"DOUBLE","columnName":"AMOUNT"},{"name":"code","type":"STRING","columnName":"CODE"},{"name":"collectionType","type":"STRING","columnName":"COLLECTION_TYPE"},{"name":"comment","type":"STRING","columnName":"COMMENT"},{"name":"commissionAccountCurrency","type":"STRING","columnName":"COMMISSION_ACCOUNT_CURRENCY"},{"name":"commisionAccountIBAN","type":"STRING","columnName":"COMMISSION_ACCOUNT_IBAN"},{"name":"commissionAccountId","type":"STRING","columnName":"COMMISSION_ACCOUNT_ID"},{"name":"contractReference","type":"STRING","columnName":"CONTRACT_REFERENCE"},{"name":"country","type":"STRING","columnName":"COUNTRY"},{"name":"creationDate","type":"DATE","columnName":"CREATION_DATE"},{"name":"currency","type":"STRING","columnName":"CURRENCY"},{"name":"customerFullName","type":"STRING","columnName":"CUSTOMER_FULL_NAME"},{"name":"customerID","type":"STRING","columnName":"CUSTOMER_ID"},{"name":"customerCode","type":"STRING","columnName":"CUSTOMER_CODE"},{"name":"customerSegment","type":"STRING","columnName":"CUSTOMER_SEGMENT"},{"name":"customerEmail","type":"STRING","columnName":"CUSTOMER_EMAIL"},{"name":"customerHasAccount","type":"STRING","columnName":"CUSTOMER_HAS_ACCOUNT"},{"name":"customerReference","type":"STRING","columnName":"CUSTOMER_REFERENCE"},{"name":"customerPricesAgreementCollected","type":"STRING","columnName":"CUSTOMER_PRICES_AGREEMENT_COLLECTED"},{"name":"debtorName","type":"STRING","columnName":"DEBTOR_NAME"},{"name":"debtorBank","type":"STRING","columnName":"DEBTOR_BANK"},{"name":"nominalAccountCurrency","type":"STRING","columnName":"NOMINAL_ACCOUNT_CURRENCY"},{"name":"nominalAccountIBAN","type":"STRING","columnName":"NOMINAL_ACCOUNT_IBAN"},{"name":"nominalAccountId","type":"STRING","columnName":"NOMINAL_ACCOUNT_ID"},{"name":"approvalDate","type":"DATE","columnName":"APPROVAL_DATE"},{"name":"status","type":"STRING","columnName":"STATUS"},{"name":"statusReason","type":"STRING","columnName":"STATUS_REASON"}],"referencedLiquibaseModelKey":"CLI_DOS003"}}