{"id":"SERVICE_DEFINITION_MODEL-42c34489-eebd-4557-9aba-a25cee5bbc30","name":"CLI_S002 Import Collection Modification Data Source","key":"CLI_S002","description":null,"tenantId":"default","editorJson":{"referenceKey":"CLI_DO002","type":"database","tableName":"PGN_CLI_MODIFICATION","tenantId":"default","lookupIdAutoGenerated":false,"operations":[{"name":"Lookup","key":"findById","inputParameters":[{"displayName":"Code","name":"code","mappingName":"code","required":false,"type":"string"}],"outputParameters":[],"config":{},"type":"lookup"},{"name":"Create","key":"create","inputParameters":[{"displayName":"Code","name":"code","mappingName":"code","required":false,"type":"string"},{"displayName":"Comment","name":"comment","mappingName":"comment","required":false,"type":"string"},{"displayName":"Country","name":"country","mappingName":"country","required":false,"type":"string"},{"displayName":"Creation Date","name":"creationDate","mappingName":"creationDate","required":false,"type":"date"},{"displayName":"Customer Full Name","name":"customerFullName","mappingName":"customerFullName","required":false,"type":"string"},{"displayName":"Customer ID","name":"customerID","mappingName":"customerID","required":false,"type":"string"},{"displayName":"Customer Code","name":"customerCode","mappingName":"customerCode","required":false,"type":"string"},{"displayName":"Customer Segment","name":"customerSegment","mappingName":"customerSegment","required":false,"type":"string"},{"displayName":"Customer Email","name":"customerEmail","mappingName":"customerEmail","required":false,"type":"string"},{"displayName":"Displayed Status","name":"displayedStatus","mappingName":"displayedStatus","required":false,"type":"string"},{"displayName":"Middle Office","name":"middleOffice","mappingName":"middleOffice","required":false,"type":"string"},{"displayName":"Office","name":"office","mappingName":"office","required":false,"type":"string"},{"displayName":"Priority","name":"priority","mappingName":"priority","required":false,"type":"string"},{"displayName":"Requester Type","name":"requesterType","mappingName":"requesterType","required":false,"type":"string"},{"displayName":"Requester Displayed Name","name":"requesterDisplayedName","mappingName":"requesterDisplayedName","required":false,"type":"string"},{"displayName":"Requester ID","name":"requesterId","mappingName":"requesterId","required":false,"type":"string"},{"displayName":"Resolution","name":"resolution","mappingName":"resolution","required":false,"type":"string"},{"displayName":"Resolution Reason","name":"resolutionReason","mappingName":"resolutionReason","required":false,"type":"string"},{"displayName":"Import Collection","name":"importCollection","mappingName":"importCollection","required":false,"type":"string"}],"outputParameters":[],"config":{},"type":"create"},{"name":"Update","key":"update","inputParameters":[{"displayName":"Code","name":"code","mappingName":"code","required":false,"type":"string"},{"displayName":"Comment","name":"comment","mappingName":"comment","required":false,"type":"string"},{"displayName":"Country","name":"country","mappingName":"country","required":false,"type":"string"},{"displayName":"Creation Date","name":"creationDate","mappingName":"creationDate","required":false,"type":"date"},{"displayName":"Customer Full Name","name":"customerFullName","mappingName":"customerFullName","required":false,"type":"string"},{"displayName":"Customer ID","name":"customerID","mappingName":"customerID","required":false,"type":"string"},{"displayName":"Customer Code","name":"customerCode","mappingName":"customerCode","required":false,"type":"string"},{"displayName":"Customer Segment","name":"customerSegment","mappingName":"customerSegment","required":false,"type":"string"},{"displayName":"Customer Email","name":"customerEmail","mappingName":"customerEmail","required":false,"type":"string"},{"displayName":"Displayed Status","name":"displayedStatus","mappingName":"displayedStatus","required":false,"type":"string"},{"displayName":"Middle Office","name":"middleOffice","mappingName":"middleOffice","required":false,"type":"string"},{"displayName":"Office","name":"office","mappingName":"office","required":false,"type":"string"},{"displayName":"Priority","name":"priority","mappingName":"priority","required":false,"type":"string"},{"displayName":"Requester Type","name":"requesterType","mappingName":"requesterType","required":false,"type":"string"},{"displayName":"Requester Displayed Name","name":"requesterDisplayedName","mappingName":"requesterDisplayedName","required":false,"type":"string"},{"displayName":"Requester ID","name":"requesterId","mappingName":"requesterId","required":false,"type":"string"},{"displayName":"Resolution","name":"resolution","mappingName":"resolution","required":false,"type":"string"},{"displayName":"Resolution Reason","name":"resolutionReason","mappingName":"resolutionReason","required":false,"type":"string"},{"displayName":"Import Collection","name":"importCollection","mappingName":"importCollection","required":false,"type":"string"}],"outputParameters":[],"config":{},"type":"update"},{"name":"Delete","key":"delete","inputParameters":[{"displayName":"Code","name":"code","mappingName":"code","required":false,"type":"string"}],"config":{},"type":"delete"},{"name":"Create Draft","key":"createDraft","inputParameters":[{"displayName":"Code","name":"code","mappingName":"code","required":true,"type":"string"},{"displayName":"Comment","name":"comment","mappingName":"comment","required":true,"type":"string"},{"displayName":"Country","name":"country","mappingName":"country","required":true,"type":"string"},{"displayName":"Customer Full Name","name":"customerFullName","mappingName":"customerFullName","required":true,"type":"string"},{"displayName":"Customer ID","name":"customerID","mappingName":"customerID","required":true,"type":"string"},{"displayName":"Customer Code","name":"customerCode","mappingName":"customerCode","required":true,"type":"string"},{"displayName":"Customer Segment","name":"customerSegment","mappingName":"customerSegment","required":true,"type":"string"},{"displayName":"Customer Email","name":"customerEmail","mappingName":"customerEmail","required":false,"type":"string"},{"displayName":"Displayed Status","name":"displayedStatus","mappingName":"displayedStatus","required":true,"type":"string","defaultValue":"DRAFT"},{"displayName":"Middle Office","name":"middleOffice","mappingName":"middleOffice","required":true,"type":"string"},{"displayName":"Office","name":"office","mappingName":"office","required":true,"type":"string"},{"displayName":"Priority","name":"priority","mappingName":"priority","required":false,"type":"string"},{"displayName":"Requester Type","name":"requesterType","mappingName":"requesterType","required":true,"type":"string"},{"displayName":"Requester Displayed Name","name":"requesterDisplayedName","mappingName":"requesterDisplayedName","required":true,"type":"string"},{"displayName":"Requester ID","name":"requesterId","mappingName":"requesterId","required":true,"type":"string"},{"displayName":"Import Collection","name":"importCollection","mappingName":"importCollection","required":true,"type":"string"}],"outputParameters":[],"config":{"insertColumns":[{"inputParameterName":"importCollection","columnMappingName":"importCollection"},{"inputParameterName":"requesterId","columnName":"REQUESTER_ID","columnMappingName":"requesterId"},{"inputParameterName":"requesterDisplayedName","columnName":"REQUESTER_DISPLAYED_NAME","columnMappingName":"requesterDisplayedName"},{"inputParameterName":"requesterType","columnName":"REQUESTER_TYPE","columnMappingName":"requesterType"},{"inputParameterName":"priority","columnName":"PRIORITY","columnMappingName":"priority"},{"inputParameterName":"office","columnName":"OFFICE","columnMappingName":"office"},{"inputParameterName":"middleOffice","columnName":"MIDDLE_OFFICE","columnMappingName":"middleOffice"},{"inputParameterName":"displayedStatus","columnName":"DISPLAYED_STATUS","columnMappingName":"displayedStatus"},{"inputParameterName":"customerEmail","columnName":"CUSTOMER_EMAIL","columnMappingName":"customerEmail"},{"inputParameterName":"customerSegment","columnName":"CUSTOMER_SEGMENT","columnMappingName":"customerSegment"},{"inputParameterName":"customerCode","columnName":"CUSTOMER_CODE","columnMappingName":"customerCode"},{"inputParameterName":"customerID","columnName":"CUSTOMER_ID","columnMappingName":"customerID"},{"inputParameterName":"customerFullName","columnName":"CUSTOMER_FULL_NAME","columnMappingName":"customerFullName"},{"inputParameterName":"country","columnName":"COUNTRY","columnMappingName":"country"},{"inputParameterName":"comment","columnName":"COMMENT","columnMappingName":"comment"},{"inputParameterName":"code","columnName":"CODE","columnMappingName":"code"}]},"type":"create"},{"name":"Update Draft","key":"updateDraft","inputParameters":[{"displayName":"Comment","name":"comment","mappingName":"comment","required":true,"type":"string"},{"displayName":"Middle Office","name":"middleOffice","mappingName":"middleOffice","required":true,"type":"string"},{"displayName":"Office","name":"office","mappingName":"office","required":true,"type":"string"},{"displayName":"Priority","name":"priority","mappingName":"priority","required":false,"type":"string"},{"displayName":"Requester Type","name":"requesterType","mappingName":"requesterType","required":true,"type":"string"},{"displayName":"Requester Displayed Name","name":"requesterDisplayedName","mappingName":"requesterDisplayedName","required":true,"type":"string"},{"displayName":"Requester ID","name":"requesterId","mappingName":"requesterId","required":true,"type":"string"},{"displayName":"Import Collection","name":"importCollection","mappingName":"importCollection","required":true,"type":"string"},{"displayName":"Code","name":"code","mappingName":"code","required":true,"type":"string"}],"outputParameters":[],"config":{"queryColumns":[{"inputParameterName":"code","operator":"equals","columnName":"CODE"}],"updateColumns":[{"inputParameterName":"importCollection","columnMappingName":"importCollection"},{"inputParameterName":"requesterId","columnName":"REQUESTER_ID","columnMappingName":"requesterId"},{"inputParameterName":"requesterDisplayedName","columnName":"REQUESTER_DISPLAYED_NAME","columnMappingName":"requesterDisplayedName"},{"inputParameterName":"requesterType","columnName":"REQUESTER_TYPE","columnMappingName":"requesterType"},{"inputParameterName":"priority","columnName":"PRIORITY","columnMappingName":"priority"},{"inputParameterName":"office","columnName":"OFFICE","columnMappingName":"office"},{"inputParameterName":"middleOffice","columnName":"MIDDLE_OFFICE","columnMappingName":"middleOffice"},{"inputParameterName":"comment","columnName":"COMMENT","columnMappingName":"comment"}]},"type":"update"}],"lookupId":"code","columnMappings":[{"name":"code","type":"STRING","columnName":"CODE"},{"name":"comment","type":"STRING","columnName":"COMMENT"},{"name":"country","type":"STRING","columnName":"COUNTRY"},{"name":"creationDate","type":"DATE","columnName":"CREATION_DATE"},{"name":"customerFullName","type":"STRING","columnName":"CUSTOMER_FULL_NAME"},{"name":"customerID","type":"STRING","columnName":"CUSTOMER_ID"},{"name":"customerCode","type":"STRING","columnName":"CUSTOMER_CODE"},{"name":"customerSegment","type":"STRING","columnName":"CUSTOMER_SEGMENT"},{"name":"customerEmail","type":"STRING","columnName":"CUSTOMER_EMAIL"},{"name":"displayedStatus","type":"STRING","columnName":"DISPLAYED_STATUS"},{"name":"middleOffice","type":"STRING","columnName":"MIDDLE_OFFICE"},{"name":"office","type":"STRING","columnName":"OFFICE"},{"name":"priority","type":"STRING","columnName":"PRIORITY"},{"name":"requesterType","type":"STRING","columnName":"REQUESTER_TYPE"},{"name":"requesterDisplayedName","type":"STRING","columnName":"REQUESTER_DISPLAYED_NAME"},{"name":"requesterId","type":"STRING","columnName":"REQUESTER_ID"},{"name":"resolution","type":"STRING","columnName":"RESOLUTION"},{"name":"resolutionReason","type":"STRING","columnName":"RESOLUTION_REASON"},{"name":"importCollection","type":"object-relation","relation":{"joinTableName":"PGN_CLI_MODIFICATION_PGN_CLI","owningColumnName":"CLI_MODIFICATION_CODE","referenceColumnName":"CLI_CODE","eager":true}}],"referencedLiquibaseModelKey":"CLI_DOS002"}}