{"id":"ACTION_MODEL-08196b86-7f76-4da4-8e87-3901188bd120","name":"Deactivate User","key":"UM_A004","description":"","tenantId":"default","editorJson":{"ignoreConfirmationMessage":true,"channels":[],"mappedTypes":[],"mappedSubTypes":[],"mappedStates":[],"mappedSubStates":[],"permissionUserIdentityLinkTypes":[],"permissionGroups":[],"botKey":"activate-deactivate-user-bot","form":{"id":"FORM_MODEL-72dec876-92bb-45af-9174-8f3039cc6c0f","key":"UM_F005"},"name":"Deactivate User","key":"UM_A004","i18n":{"es_es":{"name":"Dar de Baja"}}}}