{"id":"ACTION_MODEL-ce65f36c-c385-43e4-a7e1-d823cb7fae51","name":"Change User Profile","key":"UM_A006","description":"","tenantId":"default","editorJson":{"ignoreConfirmationMessage":true,"channels":[],"mappedTypes":[],"mappedSubTypes":[],"mappedStates":[],"mappedSubStates":[],"permissionUserIdentityLinkTypes":[],"permissionGroups":[],"botKey":"change-user-profile-bot","form":{"id":"FORM_MODEL-833f86de-6f5d-4377-86b7-3a8705da5ce4","key":"UM_F007"},"name":"Change User Profile","key":"UM_A006","i18n":{"es_es":{"name":"Cambiar perfil de usuario"}}}}