{"id":"SERVICE_DEFINITION_MODEL-9ef97289-11eb-42fe-8e2c-3b846c80a88e","name":"PGN_S001 Office Collection Data Source","key":"PGN_S001","description":null,"tenantId":"default","editorJson":{"type":"database","tableName":"PGN_OFFICES","lookupIdAutoGenerated":false,"operations":[{"name":"Lookup","key":"findById","inputParameters":[{"displayName":"Office Code","name":"officeCode","mappingName":"officeCode","required":false,"type":"string"}],"outputParameters":[],"config":{},"type":"lookup"},{"name":"Create","key":"create","inputParameters":[{"displayName":"Country","name":"country","mappingName":"country","required":false,"type":"string"},{"displayName":"Office Code","name":"officeCode","mappingName":"officeCode","required":false,"type":"string"},{"displayName":"Address","name":"address","mappingName":"address","required":false,"type":"string"},{"displayName":"Place","name":"place","mappingName":"place","required":false,"type":"string"},{"displayName":"Middle Office Code","name":"middleOfficeCode","mappingName":"middleOfficeCode","required":false,"type":"string"},{"displayName":"Registration Date","name":"registrationDate","mappingName":"registrationDate","required":false,"type":"localDate"},{"displayName":"Deregistration Date","name":"deregistrationDate","mappingName":"deregistrationDate","required":false,"type":"localDate"},{"displayName":"Register Update Date","name":"registerUpdateDate","mappingName":"registerUpdateDate","required":false,"type":"localDate"},{"displayName":"Email","name":"email","mappingName":"email","required":false,"type":"string"}],"outputParameters":[],"config":{},"type":"create"},{"name":"Update","key":"update","inputParameters":[{"displayName":"Country","name":"country","mappingName":"country","required":false,"type":"string"},{"displayName":"Office Code","name":"officeCode","mappingName":"officeCode","required":false,"type":"string"},{"displayName":"Address","name":"address","mappingName":"address","required":false,"type":"string"},{"displayName":"Place","name":"place","mappingName":"place","required":false,"type":"string"},{"displayName":"Middle Office Code","name":"middleOfficeCode","mappingName":"middleOfficeCode","required":false,"type":"string"},{"displayName":"Registration Date","name":"registrationDate","mappingName":"registrationDate","required":false,"type":"localDate"},{"displayName":"Deregistration Date","name":"deregistrationDate","mappingName":"deregistrationDate","required":false,"type":"localDate"},{"displayName":"Register Update Date","name":"registerUpdateDate","mappingName":"registerUpdateDate","required":false,"type":"localDate"},{"displayName":"Email","name":"email","mappingName":"email","required":false,"type":"string"}],"outputParameters":[],"config":{},"type":"update"},{"name":"Delete","key":"delete","inputParameters":[{"displayName":"Office Code","name":"officeCode","mappingName":"officeCode","required":false,"type":"string"}],"config":{},"type":"delete"},{"name":"Find Middle Office","key":"findMiddleOffice","inputParameters":[{"displayName":"Middle Office Code","name":"middleOfficeCode","mappingName":"middleOfficeCode","required":false,"type":"string"}],"outputParameters":[],"config":{"queryColumns":[{"inputParameterName":"middleOfficeCode","operator":"equals","columnName":"MIDDLE_OFFICE_CODE"}]},"type":"search"},{"name":"Find Country","key":"findCountry","inputParameters":[{"displayName":"Country","name":"country","mappingName":"country","required":false,"type":"string"}],"outputParameters":[],"config":{"queryColumns":[{"inputParameterName":"country","operator":"notEquals","columnName":"COUNTRY"}]},"type":"search"}],"lookupId":"officeCode","columnMappings":[{"name":"country","type":"STRING","columnName":"COUNTRY"},{"name":"officeCode","type":"STRING","columnName":"OFFICE_CODE"},{"name":"address","type":"STRING","columnName":"ADDRESS"},{"name":"place","type":"STRING","columnName":"PLACE"},{"name":"middleOfficeCode","type":"STRING","columnName":"MIDDLE_OFFICE_CODE"},{"name":"registrationDate","type":"LOCAL-DATE","columnName":"REGISTRATION_DATE"},{"name":"deregistrationDate","type":"LOCAL-DATE","columnName":"DEREGISTRATION_DATE"},{"name":"registerUpdateDate","type":"LOCAL-DATE","columnName":"REGISTER_UPDATE_DATE"},{"name":"email","type":"STRING","columnName":"EMAIL"}],"referencedLiquibaseModelKey":"PGN_DOS001","referenceKey":"PGN_DO001"}}