{"id":"PROCESS_MODEL-4cf5db5c-87fd-40f0-98ee-d01beff2414b","name":"MTR_P003 MiniTrade Complete Info Process","key":"MTR_P003","description":null,"tenantId":"default","editorJson":{"resourceId":"editor_PROCESS_MODEL-4cf5db5c-87fd-40f0-98ee-d01beff2414b","stencil":{"id":"BPMNDiagram"},"pathProperties":{},"pathMappingProperties":{},"xmlProperties":["processsequence","processsequence-run","processsequencevariablename","processsequencevariablename-run","processinstancename","processinstancename_en_us","processinstancename_en_us-run","processinstancename_it_it","processinstancename_it_it-run","processinstancename_es_es","processinstancename_es_es-run","processinstancename_fr_fr","processinstancename_fr_fr-run","processinstancename_de_de","processinstancename_de_de-run","processinstancename-run","processinstancename_i18n-key","processinstancebusinessstatus","processinstancebusinessstatus-run","processinstancebusinesskey","processinstancebusinesskey-run","process_namespace"],"childShapes":[{"resourceId":"startnoneevent1","stencil":{"id":"StartNoneEvent"},"pathProperties":{},"pathMappingProperties":{},"xmlProperties":["formproperties"],"childShapes":[],"bounds":{"lowerRight":{"x":240,"y":286},"upperLeft":{"x":210,"y":256}},"specialproperties":{"formreference":{"type":"treeview"},"workformreference":{"type":"treeview"}},"outputmappingproperties":{"formproperties":{"type":"formlist","placeholders":[]},"fields":{"type":"complex","placeholders":[]},"executionlistener":{"type":"complex","placeholders":[]},"workforminputmappings":{"type":"complex","placeholders":[]}},"properties":{"stencilid":"StartNoneEvent","stencilsuperid":"StartNoneEvent","stencilsuperids":["StartNoneEvent"],"customstencil":false,"formproperties":"","notes":"","interrupting":true,"bgcolor":"#ffffff","bordercolor":"#000000","executionlistener":{"items":[],"totalCount":0},"name":"","name-run":"","id":"startnoneevent1","documentation":"","fontsize":"12","fontweight":"normal","fontstyle":"normal","fontcolor":"#000000","async":false,"exclusive":true,"asyncleave":false,"trigger":"None","initiator":"initiator","formreference":"","samedeployment":true,"formfieldvalidation":"false","formfieldvalidation-run":"","workformreference":"","workformsamedeployment":true,"workformfieldvalidation":"false","workformfieldvalidation-run":"","workforminputmappingtype":"allowed","workforminputmappings":"","xmlTag":"StartNoneEvent"},"ssextensions":[],"outgoing":[{"resourceId":"sequenceFlow7"}],"dockers":[],"labels":[{"styles":{"fill":"#000000","size":"12","italic":false,"bold":false},"ref":"text_name"}]},{"resourceId":"endNoneEvent1","stencil":{"id":"EndNoneEvent"},"pathProperties":{},"pathMappingProperties":{},"xmlProperties":[],"childShapes":[],"bounds":{"lowerRight":{"x":1188,"y":285},"upperLeft":{"x":1160,"y":257}},"outputmappingproperties":{"fields":{"type":"complex","placeholders":[]},"executionlistener":{"type":"complex","placeholders":[]}},"properties":{"stencilid":"EndNoneEvent","stencilsuperid":"EndNoneEvent","stencilsuperids":["EndNoneEvent"],"customstencil":false,"bgcolor":"#ffffff","notes":"","bordercolor":"#000000","executionlistener":{"items":[],"totalCount":0},"name":"","name-run":"","id":"endNoneEvent1","documentation":"","fontsize":"12","fontweight":"normal","fontstyle":"normal","fontcolor":"#000000","async":false,"exclusive":true,"asyncleave":false,"trigger":"None","terminateall":false,"xmlTag":"EndNoneEvent"},"ssextensions":[],"outgoing":[],"dockers":[],"labels":[{"styles":{"fill":"#000000","size":"12","italic":false,"bold":false},"ref":"text_name"}]},{"resourceId":"sequenceFlow4","stencil":{"id":"SequenceFlow"},"pathProperties":{},"pathMappingProperties":{},"xmlProperties":[],"childShapes":[],"bounds":{"lowerRight":{"x":406,"y":415},"upperLeft":{"x":335,"y":291}},"outputmappingproperties":{"fields":{"type":"complex","placeholders":[]},"executionlistener":{"type":"complex","placeholders":[]}},"properties":{"stencilid":"SequenceFlow","stencilsuperid":"SequenceFlow","stencilsuperids":["SequenceFlow"],"customstencil":false,"bordercolor":"#000000","notes":"","executionlistener":"","name":"","name-run":"","id":"sequenceFlow4","bgcolor":"#ffffff","documentation":"","fontsize":"12","fontweight":"normal","fontstyle":"normal","fontcolor":"#000000","conditionexpression":"","skipexpression":"","showdiamondmarker":false,"defaultflow":false,"xmlTag":"SequenceFlow"},"ssextensions":[],"outgoing":[{"resourceId":"intermediateVariableListenerEventCatching1"}],"dockers":[{"x":20.5,"y":20.5},{"x":335.5,"y":415},{"x":15,"y":15}],"labels":[{"styles":{"fill":"#000000","size":"12","italic":false,"bold":false},"ref":"text_name"}],"target":{"resourceId":"intermediateVariableListenerEventCatching1"}},{"resourceId":"pagoNxtExternalFormTask1","stencil":{"id":"FormTask"},"pathProperties":{},"pathMappingProperties":{},"xmlProperties":["loopvariableaggregation","exposetoobjectitems","exposeasmessageitems","formproperties"],"childShapes":[],"bounds":{"lowerRight":{"x":715,"y":311},"upperLeft":{"x":615,"y":231}},"specialproperties":{"form_entry":{"type":"treeview"},"securitypolicy":{"type":"treeview"}},"outputmappingproperties":{"loopvariableaggregation":{"type":"formlist","placeholders":[]},"fields":{"type":"complex","placeholders":[]},"executionlistener":{"type":"complex","placeholders":[]},"exposetoobjectitems":{"type":"complex","placeholders":[]},"exposeasmessageitems":{"type":"complex","placeholders":[]},"formproperties":{"type":"formlist","placeholders":[]},"genericproperty":{"type":"complex","placeholders":[]},"taskinputmappings":{"type":"complex","placeholders":[]},"tasklistener":{"type":"complex","placeholders":[]},"usertasklabels":{"type":"complex","placeholders":[]}},"properties":{"stencilid":"pagoNxtExternalFormTask","stencilsuperid":"pagoNxtFormTask","stencilsuperids":["FormTask","pagoNxtFormTask"],"customstencil":false,"includeinhistory":false,"notes":"","categories":"","looptype":"None","loopcollection":"","loopelementvariable":"","loopelementindexvariable":"loopCounter","loopcardinality":"","completioncondition":"","nowaitstatesasyncleave":"","loopvariableaggregation":"","isforcompensation":false,"executionlistener":"","exposetoobjectitems":"","async":false,"exclusive":true,"asyncleave":false,"exposeasmessageitems":"","customcaseviewheadersize":"sm","customcaseviewheadersize-run":"sm","formproperties":"","bordercolor":"#000000","tasktype":"FormTask","bgcolor":"#ffffff","guid":"","skipexpression":"","owner":"","owner-run":"","assignee":"","assignee-run":"","candidateusers":"","candidateusers-run":"","candidategroups":"BOI_01_Administrator","candidategroups-run":"BOI_01_Administrator","participantusers":"","participantusers-run":"","participantgroups":"","participantgroups-run":"","watcherusers":"","watcherusers-run":"","watchergroups":"","watchergroups-run":"","name":"Request for information | ${root.operationCode}","name-run":"Request for information | ${root.operationCode}","id":"pagoNxtExternalFormTask1","documentation":"","fontsize":"12","fontweight":"normal","fontstyle":"normal","fontcolor":"#000000","genericproperty":"","priority":"","duedate":"","categorydefinition":"COMPLETE_INFORMATION","candidatestype":"all","name_en_us":"Request for information | ${root.operationCode}","name_en_us-run":"Request for information | ${root.operationCode}","name_it_it":"","name_it_it-run":"","name_es_es":"Reclamar información | ${root.operationCode}","name_es_es-run":"Reclamar información | ${root.operationCode}","name_fr_fr":"","name_fr_fr-run":"","name_de_de":"","name_de_de-run":"","name_i18n-key":"requestForInformation.pagonxtExternalUserTask.name","form_entry":{"key":"${\"MTR_RFI_\".concat(root.product).concat(\"_\").concat(root.event)}"},"samedeployment":true,"formfieldvalidation":false,"formfieldvalidation-run":"","taskidvariablename":"completeInformationTaskId","securitypolicy":"","exposetocaseview":true,"elementlabel":"","elementlabel_en_us":"","elementlabel_it_it":"","elementlabel_es_es":"","elementlabel_fr_fr":"","elementlabel_de_de":"","elementlabel_i18n-key":"","elementicon":"clipboard-list/regular","elementindex":"10","activestaterendering":"fullAccess","completedstaterendering":"hidden","taskinputmappingtype":"allowed","taskinputmappings":"","tasklistener":"","customfolderpath":"","disalloweduserexpression":"","completionuservariable":"","usertasklabels":"","categoryl1":"","categoryl2":"","categoryl3":"","isexternaltask":true,"isexternaltask-run":"","externaltasktype":"COMPLETE_INFORMATION","xmlTag":"FormTask"},"ssextensions":[],"outgoing":[{"resourceId":"sequenceFlow11"},{"resourceId":"associationUndirected1"}],"dockers":[],"labels":[{"styles":{"fill":"#000000","size":"12","italic":false,"bold":false},"ref":"text_name"}]},{"resourceId":"sequenceFlow6","stencil":{"id":"SequenceFlow"},"pathProperties":{},"pathMappingProperties":{},"xmlProperties":[],"childShapes":[],"bounds":{"lowerRight":{"x":1159,"y":271},"upperLeft":{"x":1080,"y":271}},"outputmappingproperties":{"fields":{"type":"complex","placeholders":[]},"executionlistener":{"type":"complex","placeholders":[]}},"properties":{"stencilid":"SequenceFlow","stencilsuperid":"SequenceFlow","stencilsuperids":["SequenceFlow"],"customstencil":false,"bordercolor":"#000000","notes":"","executionlistener":"","name":"","name-run":"","id":"sequenceFlow6","bgcolor":"#ffffff","documentation":"","fontsize":"12","fontweight":"normal","fontstyle":"normal","fontcolor":"#000000","conditionexpression":"","skipexpression":"","showdiamondmarker":false,"defaultflow":false,"xmlTag":"SequenceFlow"},"ssextensions":[],"outgoing":[{"resourceId":"endNoneEvent1"}],"dockers":[{"x":20.5,"y":20.5},{"x":14,"y":14}],"labels":[{"styles":{"fill":"#000000","size":"12","italic":false,"bold":false},"ref":"text_name"}],"target":{"resourceId":"endNoneEvent1"}},{"resourceId":"sequenceFlow7","stencil":{"id":"SequenceFlow"},"pathProperties":{},"pathMappingProperties":{},"xmlProperties":[],"childShapes":[],"bounds":{"lowerRight":{"x":314,"y":271},"upperLeft":{"x":240,"y":271}},"outputmappingproperties":{"fields":{"type":"complex","placeholders":[]},"executionlistener":{"type":"complex","placeholders":[]}},"properties":{"stencilid":"SequenceFlow","stencilsuperid":"SequenceFlow","stencilsuperids":["SequenceFlow"],"customstencil":false,"bordercolor":"#000000","notes":"","executionlistener":"","name":"","name-run":"","id":"sequenceFlow7","bgcolor":"#ffffff","documentation":"","fontsize":"12","fontweight":"normal","fontstyle":"normal","fontcolor":"#000000","conditionexpression":"","skipexpression":"","showdiamondmarker":false,"defaultflow":false,"xmlTag":"SequenceFlow"},"ssextensions":[],"outgoing":[{"resourceId":"parallelGateway1"}],"dockers":[{"x":15,"y":15},{"x":20.5,"y":20.5}],"labels":[{"styles":{"fill":"#000000","size":"12","italic":false,"bold":false},"ref":"text_name"}],"target":{"resourceId":"parallelGateway1"}},{"resourceId":"parallelGateway1","stencil":{"id":"ParallelGateway"},"pathProperties":{},"pathMappingProperties":{},"xmlProperties":[],"childShapes":[],"bounds":{"lowerRight":{"x":355,"y":291},"upperLeft":{"x":315,"y":251}},"properties":{"stencilid":"ParallelGateway","stencilsuperid":"ParallelGateway","stencilsuperids":["ParallelGateway"],"customstencil":false,"includeinhistory":false,"notes":"","categories":"","sequencefloworder":"","bgcolor":"#ffffff","name":"","name-run":"","id":"parallelGateway1","documentation":"","fontsize":"12","fontweight":"normal","fontstyle":"normal","fontcolor":"#000000","async":false,"exclusive":true,"asyncleave":false,"bordercolor":"#000000","gatewaytype":"AND","xmlTag":"ParallelGateway"},"ssextensions":[],"outgoing":[{"resourceId":"sequenceFlow4"},{"resourceId":"sequenceFlow9"}],"dockers":[],"labels":[{"styles":{"fill":"#000000","size":"12","italic":false,"bold":false},"ref":"text_name"}]},{"resourceId":"sequenceFlow9","stencil":{"id":"SequenceFlow"},"pathProperties":{},"pathMappingProperties":{},"xmlProperties":[],"childShapes":[],"bounds":{"lowerRight":{"x":419,"y":271},"upperLeft":{"x":355,"y":271}},"outputmappingproperties":{"fields":{"type":"complex","placeholders":[]},"executionlistener":{"type":"complex","placeholders":[]}},"properties":{"stencilid":"SequenceFlow","stencilsuperid":"SequenceFlow","stencilsuperids":["SequenceFlow"],"customstencil":false,"bordercolor":"#000000","notes":"","executionlistener":"","name":"","name-run":"","id":"sequenceFlow9","bgcolor":"#ffffff","documentation":"","fontsize":"12","fontweight":"normal","fontstyle":"normal","fontcolor":"#000000","conditionexpression":"","skipexpression":"","showdiamondmarker":false,"defaultflow":false,"xmlTag":"SequenceFlow"},"ssextensions":[],"outgoing":[{"resourceId":"variableActivity1"}],"dockers":[{"x":20.5,"y":20.5},{"x":50,"y":40}],"labels":[{"styles":{"fill":"#000000","size":"12","italic":false,"bold":false},"ref":"text_name"}],"target":{"resourceId":"variableActivity1"}},{"resourceId":"intermediateVariableListenerEventCatching1","stencil":{"id":"IntermediateVariableListenerEventCatching"},"pathProperties":{},"pathMappingProperties":{},"xmlProperties":[],"childShapes":[],"bounds":{"lowerRight":{"x":437.4473571777344,"y":430},"upperLeft":{"x":407.4473571777344,"y":400}},"outputmappingproperties":{"fields":{"type":"complex","placeholders":[]},"executionlistener":{"type":"complex","placeholders":[]}},"properties":{"stencilid":"IntermediateVariableListenerEventCatching","stencilsuperid":"IntermediateVariableListenerEventCatching","stencilsuperids":["IntermediateVariableListenerEventCatching"],"customstencil":false,"bgcolor":"#ffffff","notes":"","bordercolor":"#000000","executionlistener":"","name":"Complete Information Task Created","name-run":"Complete Information Task Created","id":"intermediateVariableListenerEventCatching1","documentation":"","fontsize":"12","fontweight":"normal","fontstyle":"normal","fontcolor":"#000000","variablename":"completeInformationTaskId","variablechangetype":"create","xmlTag":"IntermediateVariableListenerEventCatching"},"ssextensions":[],"outgoing":[{"resourceId":"sequenceFlow10"}],"dockers":[{"x":422.4473571777344,"y":415}],"labels":[{"styles":{"fill":"#000000","size":"12","italic":false,"bold":false},"ref":"text_name"}]},{"resourceId":"sequenceFlow10","stencil":{"id":"SequenceFlow"},"pathProperties":{},"pathMappingProperties":{},"xmlProperties":[],"childShapes":[],"bounds":{"lowerRight":{"x":614,"y":415},"upperLeft":{"x":437,"y":415}},"outputmappingproperties":{"fields":{"type":"complex","placeholders":[]},"executionlistener":{"type":"complex","placeholders":[]}},"properties":{"stencilid":"SequenceFlow","stencilsuperid":"SequenceFlow","stencilsuperids":["SequenceFlow"],"customstencil":false,"bordercolor":"#000000","notes":"","executionlistener":"","name":"","name-run":"","id":"sequenceFlow10","bgcolor":"#ffffff","documentation":"","fontsize":"12","fontweight":"normal","fontstyle":"normal","fontcolor":"#000000","conditionexpression":"","skipexpression":"","showdiamondmarker":false,"defaultflow":false,"xmlTag":"SequenceFlow"},"ssextensions":[],"outgoing":[{"resourceId":"callActivity2"}],"dockers":[{"x":15,"y":15},{"x":50,"y":40}],"labels":[{"styles":{"fill":"#000000","size":"12","italic":false,"bold":false},"ref":"text_name"}],"target":{"resourceId":"callActivity2"}},{"resourceId":"sequenceFlow11","stencil":{"id":"SequenceFlow"},"pathProperties":{},"pathMappingProperties":{},"xmlProperties":[],"childShapes":[],"bounds":{"lowerRight":{"x":824,"y":271},"upperLeft":{"x":715,"y":271}},"outputmappingproperties":{"fields":{"type":"complex","placeholders":[]},"executionlistener":{"type":"complex","placeholders":[]}},"properties":{"stencilid":"SequenceFlow","stencilsuperid":"SequenceFlow","stencilsuperids":["SequenceFlow"],"customstencil":false,"bordercolor":"#000000","notes":"","executionlistener":"","name":"","name-run":"","id":"sequenceFlow11","bgcolor":"#ffffff","documentation":"","fontsize":"12","fontweight":"normal","fontstyle":"normal","fontcolor":"#000000","conditionexpression":"","skipexpression":"","showdiamondmarker":false,"defaultflow":false,"xmlTag":"SequenceFlow"},"ssextensions":[],"outgoing":[{"resourceId":"callActivity1"}],"dockers":[{"x":50,"y":40},{"x":50,"y":40}],"labels":[{"styles":{"fill":"#000000","size":"12","italic":false,"bold":false},"ref":"text_name"}],"target":{"resourceId":"callActivity1"}},{"resourceId":"parallelGateway2","stencil":{"id":"ParallelGateway"},"pathProperties":{},"pathMappingProperties":{},"xmlProperties":[],"childShapes":[],"bounds":{"lowerRight":{"x":1080,"y":291},"upperLeft":{"x":1040,"y":251}},"properties":{"stencilid":"ParallelGateway","stencilsuperid":"ParallelGateway","stencilsuperids":["ParallelGateway"],"customstencil":false,"includeinhistory":false,"notes":"","categories":"","sequencefloworder":"","bgcolor":"#ffffff","name":"","name-run":"","id":"parallelGateway2","documentation":"","fontsize":"12","fontweight":"normal","fontstyle":"normal","fontcolor":"#000000","async":false,"exclusive":true,"asyncleave":false,"bordercolor":"#000000","gatewaytype":"AND","xmlTag":"ParallelGateway"},"ssextensions":[],"outgoing":[{"resourceId":"sequenceFlow6"}],"dockers":[],"labels":[{"styles":{"fill":"#000000","size":"12","italic":false,"bold":false},"ref":"text_name"}]},{"resourceId":"callActivity1","stencil":{"id":"CallActivity"},"pathProperties":{},"pathMappingProperties":{},"xmlProperties":["loopvariableaggregation"],"childShapes":[],"bounds":{"lowerRight":{"x":925,"y":311},"upperLeft":{"x":825,"y":231}},"specialproperties":{"entry":{"type":"treeview"}},"outputmappingproperties":{"dataproperties":{"type":"complex","placeholders":[]},"loopvariableaggregation":{"type":"formlist","placeholders":[]},"fields":{"type":"complex","placeholders":[]},"executionlistener":{"type":"complex","placeholders":[]},"in":{"type":"complex","placeholders":[]},"out":{"type":"complex","placeholders":[]},"exceptionmappings":{"type":"complex","placeholders":[]}},"properties":{"stencilid":"CallActivity","stencilsuperid":"CallActivity","stencilsuperids":["CallActivity"],"customstencil":false,"dataproperties":"","notes":"","includeinhistory":false,"categories":"","looptype":"None","loopcollection":"","loopelementvariable":"","loopelementindexvariable":"loopCounter","loopcardinality":"","completioncondition":"","nowaitstatesasyncleave":"","loopvariableaggregation":"","isforcompensation":false,"bgcolor":"#ffffff","bordercolor":"#000000","executionlistener":"","async":false,"exclusive":true,"asyncleave":false,"name":"Add new comment","name-run":"Add new comment","id":"callActivity1","documentation":"","fontsize":"12","fontweight":"normal","fontstyle":"normal","fontcolor":"#000000","in":{"totalCount":5,"items":[{"source":"completeInformationTaskId","sourceExpression":"","target":"taskId"},{"source":"completeInfoAction","sourceExpression":"","target":"action"},{"source":"","sourceExpression":"${null}","target":"reason"},{"source":"completeInfoComment","sourceExpression":"","target":"content"},{"source":"","sourceExpression":"${true}","target":"visibleForClient"}]},"out":"","subprocesstype":"Embedded","istransaction":false,"transactionmethod":"compensate","activitytype":"Sub-Process","samedeployment":true,"entry":{"id":"PROCESS_MODEL-b431b050-e00c-46fd-ba91-5aad323812d7","key":"MTR_P005"},"entry-run":"","process-instance-name":"","callactivityinheritvariables":false,"callactivitybusinesskey":"","callactivityinheritbusinesskey":false,"callactivityuselocalscopeforoutparameters":false,"callactivitycompleteasync":false,"fallback-to-default-tenant":true,"callactivityidvariablename":"","exceptionmappings":"","xmlTag":"CallActivity"},"ssextensions":[],"outgoing":[{"resourceId":"sequenceFlow13"}],"dockers":[],"labels":[{"styles":{"fill":"#000000","size":"12","italic":false,"bold":false},"ref":"text_name"},{"styles":{"fill":"#000000","size":"12","italic":false,"bold":false},"ref":"_oryx_B0001461-F76A-400B-A6D6-22720AEA31C3_23"}]},{"resourceId":"sequenceFlow13","stencil":{"id":"SequenceFlow"},"pathProperties":{},"pathMappingProperties":{},"xmlProperties":[],"childShapes":[],"bounds":{"lowerRight":{"x":1039,"y":271},"upperLeft":{"x":925,"y":271}},"outputmappingproperties":{"fields":{"type":"complex","placeholders":[]},"executionlistener":{"type":"complex","placeholders":[]}},"properties":{"stencilid":"SequenceFlow","stencilsuperid":"SequenceFlow","stencilsuperids":["SequenceFlow"],"customstencil":false,"bordercolor":"#000000","notes":"","executionlistener":"","name":"","name-run":"","id":"sequenceFlow13","bgcolor":"#ffffff","documentation":"","fontsize":"12","fontweight":"normal","fontstyle":"normal","fontcolor":"#000000","conditionexpression":"","skipexpression":"","showdiamondmarker":false,"defaultflow":false,"xmlTag":"SequenceFlow"},"ssextensions":[],"outgoing":[{"resourceId":"parallelGateway2"}],"dockers":[{"x":50,"y":40},{"x":20.5,"y":20.5}],"labels":[{"styles":{"fill":"#000000","size":"12","italic":false,"bold":false},"ref":"text_name"}],"target":{"resourceId":"parallelGateway2"}},{"resourceId":"textAnnotation1","stencil":{"id":"TextAnnotation"},"pathProperties":{},"pathMappingProperties":{},"xmlProperties":[],"childShapes":[],"bounds":{"lowerRight":{"x":685,"y":171},"upperLeft":{"x":525,"y":60}},"properties":{"stencilid":"TextAnnotation","stencilsuperid":"TextAnnotation","stencilsuperids":["TextAnnotation"],"customstencil":false,"includeinhistory":false,"notes":"","categories":"","bordercolor":"#000000","name":"","name-run":"","id":"textAnnotation1","bgcolor":"#ffffff","documentation":"","fontsize":"","fontweight":"","fontstyle":"","fontcolor":"","name_en_us":"","name_en_us-run":"","name_it_it":"","name_it_it-run":"","name_es_es":"","name_es_es-run":"","name_fr_fr":"","name_fr_fr-run":"","name_de_de":"","name_de_de-run":"","name_i18n-key":"","text":"PENDIENTE categorías,permisos, se pone temporalmente tipo external task erroneo para que no falle lo del SLA","textformat":"text/plain","xmlTag":"TextAnnotation"},"ssextensions":[],"outgoing":[],"dockers":[],"labels":[{"styles":{"fill":"#000000","size":"12","italic":false,"bold":false},"ref":"text"}]},{"resourceId":"associationUndirected1","stencil":{"id":"Association_Undirected"},"pathProperties":{},"pathMappingProperties":{},"xmlProperties":[],"childShapes":[],"bounds":{"lowerRight":{"x":629,"y":230},"upperLeft":{"x":544,"y":133}},"properties":{"stencilid":"AssociationUndirected","stencilsuperid":"Association_Undirected","stencilsuperids":["Association_Undirected"],"customstencil":false,"bordercolor":"#000000","notes":"","name":"","name-run":"","id":"associationUndirected1","bgcolor":"#ffffff","documentation":"","fontsize":"12","fontweight":"normal","fontstyle":"normal","fontcolor":"#000000","xmlTag":"Association_Undirected"},"ssextensions":[],"outgoing":[{"resourceId":"textAnnotation1"}],"dockers":[{"x":50,"y":40},{"x":1.6,"y":53.28}],"labels":[{"styles":{"fill":"#000000","size":"12","italic":false,"bold":false},"ref":"name"}],"target":{"resourceId":"textAnnotation1"}},{"resourceId":"callActivity2","stencil":{"id":"CallActivity"},"pathProperties":{},"pathMappingProperties":{},"xmlProperties":["loopvariableaggregation"],"childShapes":[],"bounds":{"lowerRight":{"x":715,"y":455},"upperLeft":{"x":615,"y":375}},"specialproperties":{"entry":{"type":"treeview"}},"outputmappingproperties":{"dataproperties":{"type":"complex","placeholders":[]},"loopvariableaggregation":{"type":"formlist","placeholders":[]},"fields":{"type":"complex","placeholders":[]},"executionlistener":{"type":"complex","placeholders":[]},"in":{"type":"complex","placeholders":[]},"out":{"type":"complex","placeholders":[]},"exceptionmappings":{"type":"complex","placeholders":[]}},"properties":{"stencilid":"CallActivity","stencilsuperid":"CallActivity","stencilsuperids":["CallActivity"],"customstencil":false,"dataproperties":"","notes":"","includeinhistory":false,"categories":"","looptype":"None","loopcollection":"","loopelementvariable":"","loopelementindexvariable":"loopCounter","loopcardinality":"","completioncondition":"","nowaitstatesasyncleave":"","loopvariableaggregation":"","isforcompensation":false,"bgcolor":"#ffffff","bordercolor":"#000000","executionlistener":"","async":false,"exclusive":true,"asyncleave":false,"name":"Notify request for information","name-run":"Notify request for information","id":"callActivity2","documentation":"","fontsize":"12","fontweight":"normal","fontstyle":"normal","fontcolor":"#000000","in":{"totalCount":2,"items":[{"source":"","sourceExpression":"${\"commonCompleteInformationNotification\"}","target":"notificationType"},{"source":"","sourceExpression":"${completeInformationTaskId}","target":"completeInformationTaskId"}]},"out":"","subprocesstype":"Embedded","istransaction":false,"transactionmethod":"compensate","activitytype":"Sub-Process","samedeployment":true,"entry":{"id":"PROCESS_MODEL-cf5b8de5-56f9-4bc7-9f25-23443ecae642","key":"MTR_P001"},"entry-run":"","process-instance-name":"","callactivityinheritvariables":false,"callactivitybusinesskey":"","callactivityinheritbusinesskey":false,"callactivityuselocalscopeforoutparameters":false,"callactivitycompleteasync":false,"fallback-to-default-tenant":true,"callactivityidvariablename":"","exceptionmappings":"","xmlTag":"CallActivity"},"ssextensions":[],"outgoing":[{"resourceId":"sequenceFlow12"}],"dockers":[],"labels":[{"styles":{"fill":"#000000","size":"12","italic":false,"bold":false},"ref":"text_name"},{"styles":{"fill":"#000000","size":"12","italic":false,"bold":false},"ref":"_oryx_102216C7-8FC7-406E-B001-9639CA203ECA_23"}]},{"resourceId":"sequenceFlow12","stencil":{"id":"SequenceFlow"},"pathProperties":{},"pathMappingProperties":{},"xmlProperties":[],"childShapes":[],"bounds":{"lowerRight":{"x":1060,"y":415},"upperLeft":{"x":715,"y":291}},"outputmappingproperties":{"fields":{"type":"complex","placeholders":[]},"executionlistener":{"type":"complex","placeholders":[]}},"properties":{"stencilid":"SequenceFlow","stencilsuperid":"SequenceFlow","stencilsuperids":["SequenceFlow"],"customstencil":false,"bordercolor":"#000000","notes":"","executionlistener":"","name":"","name-run":"","id":"sequenceFlow12","bgcolor":"#ffffff","documentation":"","fontsize":"12","fontweight":"normal","fontstyle":"normal","fontcolor":"#000000","conditionexpression":"","skipexpression":"","showdiamondmarker":false,"defaultflow":false,"xmlTag":"SequenceFlow"},"ssextensions":[],"outgoing":[{"resourceId":"parallelGateway2"}],"dockers":[{"x":50,"y":40},{"x":1060,"y":415},{"x":20,"y":20}],"labels":[{"styles":{"fill":"#000000","size":"12","italic":false,"bold":false},"ref":"text_name"}],"target":{"resourceId":"parallelGateway2"}},{"resourceId":"variableActivity1","stencil":{"id":"ServiceTask"},"pathProperties":{},"pathMappingProperties":{},"xmlProperties":["loopvariableaggregation","initvariablemap","overwrite","overwrite-run"],"childShapes":[],"bounds":{"lowerRight":{"x":520,"y":311},"upperLeft":{"x":420,"y":231}},"outputmappingproperties":{"loopvariableaggregation":{"type":"formlist","placeholders":[]},"fields":{"type":"complex","placeholders":[]},"executionlistener":{"type":"complex","placeholders":[]},"classfields":{"type":"complex","placeholders":[]},"exceptionmappings":{"type":"complex","placeholders":[]}},"properties":{"stencilid":"VariableActivity","stencilsuperid":"ServiceTask","stencilsuperids":["ServiceTask"],"customstencil":false,"includeinhistory":false,"notes":"","categories":"","looptype":"None","loopcollection":"","loopelementvariable":"","loopelementindexvariable":"loopCounter","loopcardinality":"","completioncondition":"","nowaitstatesasyncleave":"","loopvariableaggregation":"","tasktype":"Service","bgcolor":"#ffffff","guid":"","skipexpression":"","isforcompensation":false,"expression":"","delegateexpression":"${initVariablesService}","resultvariable":"","class":"","executionlistener":"","bordercolor":"#000000","async":false,"exclusive":true,"asyncleave":false,"name":"Get Procedure Type Value","name-run":"Get Procedure Type Value","id":"variableActivity1","documentation":"","fontsize":"12","fontweight":"normal","fontstyle":"normal","fontcolor":"#000000","classfields":"","servicetasktriggerable":false,"servicetaskstoreresultvariabletransient":"","servicetaskuselocalscopeforresultvariable":false,"exceptionmappings":"","servicetaskfailedjobretrytimecycle":"","initvariablemap":{"totalCount":2,"items":[{"target":"","name":"procedure","valueExpression":"${requestForInformationProcedureType == 'IN_ANALYSIS' ? 'In Analysis' : requestForInformationProcedureType == 'PENDING_RELEASE' ? 'Pending Release' : requestForInformationProcedureType == 'PENDING_BRANCH' ? 'Pending Branch' : requestForInformationProcedureType == 'PENDING_CORRESPONDENTS' ? 'Pending Correspondents' : requestForInformationProcedureType == 'PENDING_THIRD_PARTIES' ? 'Pending Third Parties' : requestForInformationProcedureType == 'MANAGEMENT_ERROR' ? 'Management Error' : requestForInformationProcedureType == 'DEFER_REQUEST' ? 'Defer Request' : ' '}"},{"target":"","name":"procedureES","valueExpression":"${requestForInformationProcedureType == 'IN_ANALYSIS' ? 'En Análisis' : requestForInformationProcedureType == 'PENDING_RELEASE' ? 'Pendiente Liberar' : requestForInformationProcedureType == 'PENDING_BRANCH' ? 'Pendiente Sucursal' : requestForInformationProcedureType == 'PENDING_CORRESPONDENTS' ? 'Pendiente Corresponsales' : requestForInformationProcedureType == 'PENDING_THIRD_PARTIES' ? 'Pendiente Terceros' : requestForInformationProcedureType == 'MANAGEMENT_ERROR' ? 'Error Gestión' : requestForInformationProcedureType == 'DEFER_REQUEST' ? 'Diferir Solicitud' : ' '}"}]},"overwrite":true,"overwrite-run":"","genericproperty":"","xmlTag":"ServiceTask"},"ssextensions":[],"outgoing":[{"resourceId":"sequenceFlow14"}],"dockers":[],"labels":[{"styles":{"fill":"#000000","size":"12","italic":false,"bold":false},"ref":"text_name"}]},{"resourceId":"sequenceFlow14","stencil":{"id":"SequenceFlow"},"pathProperties":{},"pathMappingProperties":{},"xmlProperties":[],"childShapes":[],"bounds":{"lowerRight":{"x":614,"y":271},"upperLeft":{"x":520,"y":271}},"outputmappingproperties":{"fields":{"type":"complex","placeholders":[]},"executionlistener":{"type":"complex","placeholders":[]}},"properties":{"stencilid":"SequenceFlow","stencilsuperid":"SequenceFlow","stencilsuperids":["SequenceFlow"],"customstencil":false,"bordercolor":"#000000","notes":"","executionlistener":"","name":"","name-run":"","id":"sequenceFlow14","bgcolor":"#ffffff","documentation":"","fontsize":"12","fontweight":"normal","fontstyle":"normal","fontcolor":"#000000","conditionexpression":"","skipexpression":"","showdiamondmarker":false,"defaultflow":false,"xmlTag":"SequenceFlow"},"ssextensions":[],"outgoing":[{"resourceId":"pagoNxtExternalFormTask1"}],"dockers":[{"x":50,"y":40},{"x":50,"y":40}],"labels":[{"styles":{"fill":"#000000","size":"12","italic":false,"bold":false},"ref":"text_name"}],"target":{"resourceId":"pagoNxtExternalFormTask1"}}],"bounds":{"lowerRight":{"x":1485,"y":1050},"upperLeft":{"x":0,"y":0}},"specialproperties":{"processsequence":{"type":"treeview"},"securitypolicy":{"type":"treeview"}},"outputmappingproperties":{"fields":{"type":"complex","placeholders":[]},"executionlistener":{"type":"complex","placeholders":[]},"dataproperties":{"type":"complex","placeholders":[]},"modelstatuselements":{"type":"formlist","placeholders":[]},"namespaces":{"type":"complex","placeholders":[]},"allowedhistoricvariables":{"type":"complex","placeholders":[]},"eventlisteners":{"type":"complex","placeholders":[]},"signaldefinitions":{"type":"complex","placeholders":[]},"messagedefinitions":{"type":"complex","placeholders":[]}},"properties":{"stencilid":"BPMNDiagram","stencilsuperid":"BPMNDiagram","stencilsuperids":["BPMNDiagram"],"customstencil":false,"executionlistener":{"items":[],"totalCount":0},"notes":"","dataproperties":"","owner":null,"owner-run":null,"assignee":null,"assignee-run":null,"participantusers":"","participantusers-run":"","participantgroups":"","participantgroups-run":"","modelstatuselements":"","watcherusers":"","watcherusers-run":"","watchergroups":"","watchergroups-run":"","name":"MTR_P003 MiniTrade Complete Info Process","id":"MTR_P003","bgcolor":"#ffffff","documentation":"","fontsize":"12","fontweight":"normal","fontstyle":"normal","fontcolor":"#000000","labelexpression":"","name_en_us":"","name_it_it":"","name_es_es":"","name_fr_fr":"","name_de_de":"","name_i18n-key":"","guid":"PROCESS_MODEL-4cf5db5c-87fd-40f0-98ee-d01beff2414b","author":"","language":"English","namespaces":"","creationdate":"2023-01-17T10:58:58.020Z","modificationdate":"2023-01-25T16:18:04.153Z","processsequence":"","processsequence-run":"","processsequencevariablename":"","processsequencevariablename-run":"","processinstancename":"","processinstancename_en_us":"","processinstancename_en_us-run":"","processinstancename_it_it":"","processinstancename_it_it-run":"","processinstancename_es_es":"","processinstancename_es_es-run":"","processinstancename_fr_fr":"","processinstancename_fr_fr-run":"","processinstancename_de_de":"","processinstancename_de_de-run":"","processinstancename-run":"","processinstancename_i18n-key":"","processinstancebusinessstatus":"","processinstancebusinessstatus-run":"","processinstancebusinesskey":"","processinstancebusinesskey-run":"","isprocessexecutable":true,"securitypolicy":"","allowedhistoricvariables":"","customfolderpath":"","comments-only-on-root":"","documents-only-on-root":"","process_potentialstarteruser":"","process_potentialstarteruser-run":"","process_potentialstartergroup":"flowableUser","process_potentialstartergroup-run":"","do-not-inherit-start-user-as-owner":"","do-not-inherit-start-user-as-assignee":"","process_namespace":"http://flowable.org/test","process_historylevel":"","eventlisteners":{"items":[],"totalCount":0},"signaldefinitions":{"items":[],"totalCount":0},"messagedefinitions":{"items":[],"totalCount":0},"iseagerexecutionfetch":false,"initiator":"","version":"","process_author":"","xmlTag":"BPMNDiagram","description":""},"ssextensions":[],"stencilset":{"url":"./app/editor_stencilset","paletteKey":"flowable-process-palette","namespace":"http://b3mn.org/stencilset/bpmn2.0#"}}}