{"id":"PROCESS_MODEL-e7c5d083-d8d9-4b79-9ff7-02e05a11d0a9","name":"MTR_ADD_OP_CLI_REQUEST MiniTrade Create Operation Proccess","key":"MTR_ADD_OP_CLI_REQUEST","description":"","tenantId":"default","editorJson":{"resourceId":"editor_PROCESS_MODEL-e7c5d083-d8d9-4b79-9ff7-02e05a11d0a9","stencil":{"id":"BPMNDiagram"},"pathProperties":{},"pathMappingProperties":{},"xmlProperties":["processsequence","processsequence-run","processsequencevariablename","processsequencevariablename-run","processinstancename","processinstancename_en_us","processinstancename_en_us-run","processinstancename_it_it","processinstancename_it_it-run","processinstancename_es_es","processinstancename_es_es-run","processinstancename_fr_fr","processinstancename_fr_fr-run","processinstancename_de_de","processinstancename_de_de-run","processinstancename-run","processinstancename_i18n-key","processinstancebusinessstatus","processinstancebusinessstatus-run","processinstancebusinesskey","processinstancebusinesskey-run","process_namespace"],"childShapes":[{"resourceId":"startnoneevent1","stencil":{"id":"StartNoneEvent"},"pathProperties":{},"pathMappingProperties":{},"xmlProperties":["formproperties"],"childShapes":[],"bounds":{"lowerRight":{"x":150,"y":296},"upperLeft":{"x":120,"y":266}},"specialproperties":{"formreference":{"type":"treeview"},"workformreference":{"type":"treeview"}},"outputmappingproperties":{"formproperties":{"type":"formlist","placeholders":[]},"fields":{"type":"complex","placeholders":[]},"executionlistener":{"type":"complex","placeholders":[]},"workforminputmappings":{"type":"complex","placeholders":[]}},"properties":{"stencilid":"StartNoneEvent","stencilsuperid":"StartNoneEvent","stencilsuperids":["StartNoneEvent"],"customstencil":false,"formproperties":"","notes":"","interrupting":true,"bgcolor":"#ffffff","bordercolor":"#000000","executionlistener":{"items":[]},"name":"","name-run":"","id":"startnoneevent1","documentation":"","fontsize":"12","fontweight":"normal","fontstyle":"normal","fontcolor":"#000000","async":false,"exclusive":true,"asyncleave":false,"trigger":"None","initiator":"initiator","formreference":"","samedeployment":true,"formfieldvalidation":"false","formfieldvalidation-run":"","workformreference":"","workformsamedeployment":true,"workformfieldvalidation":"false","workformfieldvalidation-run":"","workforminputmappingtype":"allowed","workforminputmappings":"","xmlTag":"StartNoneEvent"},"ssextensions":[],"outgoing":[{"resourceId":"sequenceFlow1"}],"dockers":[],"labels":[{"styles":{"fill":"#000000","size":"12","italic":false,"bold":false},"ref":"text_name"}]},{"resourceId":"dataObjectCreateTask1","stencil":{"id":"ServiceTask"},"pathProperties":{},"pathMappingProperties":{},"xmlProperties":["loopvariableaggregation","outputvariablename","storedetached","storeoutputvariableastransient","inputdataobjectvariablename"],"childShapes":[],"bounds":{"lowerRight":{"x":370,"y":321},"upperLeft":{"x":270,"y":241}},"outputmappingproperties":{"loopvariableaggregation":{"type":"formlist","placeholders":[]},"fields":{"type":"complex","placeholders":[]},"executionlistener":{"type":"complex","placeholders":[]},"classfields":{"type":"complex","placeholders":[]},"exceptionmappings":{"type":"complex","placeholders":[]}},"properties":{"stencilid":"DataObjectCreateTask","stencilsuperid":"ServiceTask","stencilsuperids":["ServiceTask"],"customstencil":false,"includeinhistory":false,"notes":"","categories":"","looptype":"None","loopcollection":"","loopelementvariable":"","loopelementindexvariable":"loopCounter","loopcardinality":"","completioncondition":"","nowaitstatesasyncleave":"","loopvariableaggregation":"","tasktype":"Service","bgcolor":"#ffffff","guid":"","skipexpression":"","isforcompensation":false,"expression":"","delegateexpression":"${dataObjectServiceTask}","resultvariable":"","class":"","executionlistener":{"items":[]},"bordercolor":"#000000","async":false,"exclusive":true,"asyncleave":false,"name":"Create CLI_REQUEST operation","name-run":"","id":"dataObjectCreateTask1","documentation":"","fontsize":"12","fontweight":"normal","fontstyle":"normal","fontcolor":"#000000","classfields":"","servicetasktriggerable":false,"servicetaskstoreresultvariabletransient":false,"servicetaskuselocalscopeforresultvariable":false,"exceptionmappings":"","servicetaskfailedjobretrytimecycle":null,"overwrite":"","createdataobjectconfiguration":{"operationType":"create","key":"CLI_DO001","operationKey":"createDraft","inputParameters":[{"name":"amount","value":"${root.requestJSON.details.amount}"},{"name":"code","value":"${root.operationCode}"},{"name":"collectionType","value":"${root.requestJSON.details.collectionType}"},{"name":"comment","value":"${root.requestJSON.comment}"},{"name":"commissionAccountCurrency","value":"${root.requestJSON.details.commissionAccountCurrency}"},{"name":"commisionAccountIBAN","value":"${root.requestJSON.details.commisionAccountIBAN}"},{"name":"commissionAccountId","value":"${root.requestJSON.details.commissionAccountId}"},{"name":"country","value":"${root.requestJSON.country}"},{"name":"currency","value":"${root.requestJSON.details.currency}"},{"name":"customerFullName","value":"${root.requestJSON.customer.name}"},{"name":"customerID","value":"${root.requestJSON.customer.taxId}"},{"name":"customerCode","value":"${root.requestJSON.customer.personNumber}"},{"name":"customerSegment","value":"${root.requestJSON.customer.segment}"},{"name":"customerEmail","value":"${root.requestJSON.customer.email}"},{"name":"customerHasAccount","value":"${root.requestJSON.details.customerHasAccount}"},{"name":"customerReference","value":"${root.requestJSON.details.customerReference}"},{"name":"customerPricesAgreementCollected","value":"${root.requestJSON.details.customerPricesAgreementCollected}"},{"name":"debtorName","value":"${root.requestJSON.details.debtorName}"},{"name":"debtorBank","value":"${root.requestJSON.details.debtorBank}"},{"name":"displayedStatus","value":"DRAFT"},{"name":"middleOffice","value":"${root.requestJSON.middleOffice}"},{"name":"nominalAccountCurrency","value":"${root.requestJSON.details.nominalAccountCurrency}"},{"name":"nominalAccountIBAN","value":"${root.requestJSON.details.nominalAccountIBAN}"},{"name":"nominalAccountId","value":"${root.requestJSON.details.nominalAccountId}"},{"name":"office","value":"${root.requestJSON.office}"},{"name":"priority","value":"${root.requestJSON.priority}"},{"name":"requesterType","value":"${root.requestJSON.requester.user.userType}"},{"name":"requesterDisplayedName","value":"${root.requestJSON.requester.user.userDisplayedName}"},{"name":"requesterId","value":"${root.requestJSON.requester.user.userId}"}],"lookupIdName":"code"},"outputvariablename":"operation","storedetached":"","storeoutputvariableastransient":"true","inputdataobjectvariablename":"","xmlTag":"ServiceTask"},"ssextensions":[],"outgoing":[{"resourceId":"sequenceFlow2"}],"dockers":[],"labels":[{"styles":{"fill":"#000000","size":"12","italic":false,"bold":false},"ref":"text_name"}]},{"resourceId":"sequenceFlow1","stencil":{"id":"SequenceFlow"},"pathProperties":{},"pathMappingProperties":{},"xmlProperties":[],"childShapes":[],"bounds":{"lowerRight":{"x":269,"y":281},"upperLeft":{"x":150,"y":281}},"outputmappingproperties":{"fields":{"type":"complex","placeholders":[]},"executionlistener":{"type":"complex","placeholders":[]}},"properties":{"stencilid":"SequenceFlow","stencilsuperid":"SequenceFlow","stencilsuperids":["SequenceFlow"],"customstencil":false,"bordercolor":"#000000","notes":"","executionlistener":"","name":"","name-run":"","id":"sequenceFlow1","bgcolor":"#ffffff","documentation":"","fontsize":"12","fontweight":"normal","fontstyle":"normal","fontcolor":"#000000","conditionexpression":"","skipexpression":"","showdiamondmarker":false,"defaultflow":false,"xmlTag":"SequenceFlow"},"ssextensions":[],"outgoing":[{"resourceId":"dataObjectCreateTask1"}],"dockers":[{"x":15,"y":15},{"x":50,"y":40}],"labels":[{"styles":{"fill":"#000000","size":"12","italic":false,"bold":false},"ref":"text_name"}],"target":{"resourceId":"dataObjectCreateTask1"}},{"resourceId":"endNoneEvent1","stencil":{"id":"EndNoneEvent"},"pathProperties":{},"pathMappingProperties":{},"xmlProperties":[],"childShapes":[],"bounds":{"lowerRight":{"x":478,"y":295},"upperLeft":{"x":450,"y":267}},"outputmappingproperties":{"fields":{"type":"complex","placeholders":[]},"executionlistener":{"type":"complex","placeholders":[]}},"properties":{"stencilid":"EndNoneEvent","stencilsuperid":"EndNoneEvent","stencilsuperids":["EndNoneEvent"],"customstencil":false,"bgcolor":"#ffffff","notes":"","bordercolor":"#000000","executionlistener":{"items":[]},"name":"","name-run":"","id":"endNoneEvent1","documentation":"","fontsize":"12","fontweight":"normal","fontstyle":"normal","fontcolor":"#000000","async":false,"exclusive":true,"asyncleave":false,"trigger":"None","terminateall":false,"xmlTag":"EndNoneEvent"},"ssextensions":[],"outgoing":[],"dockers":[],"labels":[{"styles":{"fill":"#000000","size":"12","italic":false,"bold":false},"ref":"text_name"}]},{"resourceId":"sequenceFlow2","stencil":{"id":"SequenceFlow"},"pathProperties":{},"pathMappingProperties":{},"xmlProperties":[],"childShapes":[],"bounds":{"lowerRight":{"x":449,"y":281},"upperLeft":{"x":370,"y":281}},"outputmappingproperties":{"fields":{"type":"complex","placeholders":[]},"executionlistener":{"type":"complex","placeholders":[]}},"properties":{"stencilid":"SequenceFlow","stencilsuperid":"SequenceFlow","stencilsuperids":["SequenceFlow"],"customstencil":false,"bordercolor":"#000000","notes":"","executionlistener":"","name":"","name-run":"","id":"sequenceFlow2","bgcolor":"#ffffff","documentation":"","fontsize":"12","fontweight":"normal","fontstyle":"normal","fontcolor":"#000000","conditionexpression":"","skipexpression":"","showdiamondmarker":false,"defaultflow":false,"xmlTag":"SequenceFlow"},"ssextensions":[],"outgoing":[{"resourceId":"endNoneEvent1"}],"dockers":[{"x":50,"y":40},{"x":14,"y":14}],"labels":[{"styles":{"fill":"#000000","size":"12","italic":false,"bold":false},"ref":"text_name"}],"target":{"resourceId":"endNoneEvent1"}}],"bounds":{"lowerRight":{"x":1485,"y":1050},"upperLeft":{"x":0,"y":0}},"specialproperties":{"processsequence":{"type":"treeview"},"securitypolicy":{"type":"treeview"}},"outputmappingproperties":{"fields":{"type":"complex","placeholders":[]},"executionlistener":{"type":"complex","placeholders":[]},"dataproperties":{"type":"complex","placeholders":[]},"modelstatuselements":{"type":"formlist","placeholders":[]},"namespaces":{"type":"complex","placeholders":[]},"allowedhistoricvariables":{"type":"complex","placeholders":[]},"eventlisteners":{"type":"complex","placeholders":[]},"signaldefinitions":{"type":"complex","placeholders":[]},"messagedefinitions":{"type":"complex","placeholders":[]}},"properties":{"stencilid":"BPMNDiagram","stencilsuperid":"BPMNDiagram","stencilsuperids":["BPMNDiagram"],"customstencil":false,"executionlistener":{"items":[],"totalCount":0},"notes":"","dataproperties":"","owner":null,"owner-run":null,"assignee":null,"assignee-run":null,"participantusers":"","participantusers-run":"","participantgroups":"","participantgroups-run":"","modelstatuselements":"","watcherusers":"","watcherusers-run":"","watchergroups":"","watchergroups-run":"","name":"MTR_ADD_OP_CLI_REQUEST MiniTrade Create Operation Proccess","id":"MTR_ADD_OP_CLI_REQUEST","bgcolor":"#ffffff","documentation":"","fontsize":"12","fontweight":"normal","fontstyle":"normal","fontcolor":"#000000","labelexpression":"","name_en_us":"","name_it_it":"","name_es_es":"","name_fr_fr":"","name_de_de":"","name_i18n-key":"","guid":"PROCESS_MODEL-e7c5d083-d8d9-4b79-9ff7-02e05a11d0a9","author":"","language":"English","namespaces":"","creationdate":"2023-01-17T10:58:58.121Z","modificationdate":"2023-01-30T11:30:33.624Z","processsequence":"","processsequence-run":"","processsequencevariablename":"","processsequencevariablename-run":"","processinstancename":"","processinstancename_en_us":"","processinstancename_en_us-run":"","processinstancename_it_it":"","processinstancename_it_it-run":"","processinstancename_es_es":"","processinstancename_es_es-run":"","processinstancename_fr_fr":"","processinstancename_fr_fr-run":"","processinstancename_de_de":"","processinstancename_de_de-run":"","processinstancename-run":"","processinstancename_i18n-key":"","processinstancebusinessstatus":"","processinstancebusinessstatus-run":"","processinstancebusinesskey":"","processinstancebusinesskey-run":"","isprocessexecutable":true,"securitypolicy":"","allowedhistoricvariables":"","customfolderpath":"","comments-only-on-root":"","documents-only-on-root":"","process_potentialstarteruser":"","process_potentialstarteruser-run":"","process_potentialstartergroup":"flowableUser","process_potentialstartergroup-run":"","do-not-inherit-start-user-as-owner":"","do-not-inherit-start-user-as-assignee":"","process_namespace":"http://flowable.org/test","process_historylevel":"","eventlisteners":{"items":[],"totalCount":0},"signaldefinitions":{"items":[],"totalCount":0},"messagedefinitions":{"items":[],"totalCount":0},"iseagerexecutionfetch":false,"initiator":"","version":"","process_author":"","xmlTag":"BPMNDiagram","description":""},"ssextensions":[],"stencilset":{"url":"./app/editor_stencilset","paletteKey":"flowable-process-palette","namespace":"http://b3mn.org/stencilset/bpmn2.0#"}}}