{"id":"APP_MODEL-db31b1af-f4d7-45ef-a12d-d104bd7670e7","name":"PagoNxt-Common App","key":"pgn-common-app","description":"Common models for all apps PagoNxt","editorJson":{"models":[{"id":"PROCESS_MODEL-97ebd75c-1768-4ed9-8a56-2231550410e2","name":"CLE_P040 Export Collection Request Complete Information Process","version":3,"modelType":0,"createdBy":"admin","lastUpdatedBy":"Jorge","lastUpdated":"2023-01-27T14:25:26.730+00:00","key":"CLE_P040","tenantId":"default","tags":[],"modelLockingEnabled":true,"modelEditable":false,"isModelEditable":false,"isModelLockingEnabled":true},{"id":"PROCESS_MODEL-ca20212c-a09f-4350-a244-dbf319818191","name":"PGN_P003 PagoNxt Comon Cancellation Notification Process","version":3,"modelType":0,"description":"","createdBy":"admin","lastUpdatedBy":"Jorge","lastUpdated":"2023-01-27T14:54:52.986+00:00","key":"PGN_P003","tenantId":"default","tags":[],"modelLockingEnabled":true,"modelEditable":false,"isModelEditable":false,"isModelLockingEnabled":true},{"id":"PROCESS_MODEL-3c0757ca-dd1a-43c8-a0b8-7cbb1205c4a0","name":"PGN_P004 Finalized Process","version":3,"modelType":0,"description":"","createdBy":"admin","lastUpdatedBy":"Jorge","lastUpdated":"2023-01-27T14:41:39.023+00:00","key":"PGN_P004","tenantId":"default","tags":[],"modelLockingEnabled":true,"modelEditable":false,"isModelEditable":false,"isModelLockingEnabled":true},{"id":"PROCESS_MODEL-f3dbeceb-8d6d-4035-9590-4fba157218dc","name":"PGN_P006 Office Import Collection","version":14,"modelType":0,"description":"","createdBy":"admin","lastUpdatedBy":"Jorge","lastUpdated":"2023-01-31T11:13:27.693+00:00","lockedBy":"Jorge","lockedAt":"2023-01-31T10:14:16.468+00:00","key":"PGN_P006","tenantId":"default","tags":[],"modelLockingEnabled":true,"modelEditable":false,"isModelEditable":false,"isModelLockingEnabled":true}],"cmmnModels":[],"formModels":[{"id":"FORM_MODEL-10ad60d3-ff79-4b17-a9b3-c9926c228e89","name":"CLE_F006 Export Collection Request Common Form","version":2,"modelType":2,"createdBy":"admin","lastUpdatedBy":"admin","lastUpdated":"2022-12-27T10:09:00.804+00:00","key":"CLE_F006","tenantId":"default","tags":[],"modelLockingEnabled":true,"modelEditable":true,"isModelEditable":true,"isModelLockingEnabled":true},{"id":"FORM_MODEL-42b1c9e2-d66d-45cb-9cf4-5a40f0742fca","name":"CLE_F015 Export Collection Request Complete Information Form","version":2,"modelType":2,"description":"","createdBy":"admin","lastUpdatedBy":"admin","lastUpdated":"2022-12-27T10:09:00.398+00:00","key":"CLE_F015","tenantId":"default","tags":[]},{"id":"FORM_MODEL-087a78ef-2a68-4705-9989-5bcf7fe4a231","name":"PGN_F012 Operation Documents Management Form","version":4,"modelType":2,"description":"","createdBy":"admin","lastUpdatedBy":"josefa","lastUpdated":"2023-01-17T10:58:57.637+00:00","key":"PGN_F012","tenantId":"default","tags":[],"modelLockingEnabled":true,"modelEditable":false,"isModelEditable":false,"isModelLockingEnabled":true},{"id":"FORM_MODEL-80cb737f-a8f5-4b0e-a358-e03dc0da53d6","name":"PGN_F022 Attach Office Collection","version":3,"modelType":2,"description":"","createdBy":"admin","lastUpdatedBy":"admin","lastUpdated":"2022-12-29T16:52:14.974+00:00","lockedBy":"admin","lockedAt":"2022-12-27T14:52:52.454+00:00","key":"PGN_F022","tenantId":"default","tags":[],"modelLockingEnabled":true,"modelEditable":false,"isModelEditable":false,"isModelLockingEnabled":true}],"dmnModels":[],"decisionServiceModels":[],"workModels":[{"id":"TEMPLATE_MODEL-04fc0855-aa60-43cf-884e-6bef059f7735","name":"PGN_TPL003 Email Body Template","version":27,"modelType":15,"description":"Email body template by notification type an language code","createdBy":"admin","lastUpdatedBy":"josefa","lastUpdated":"2023-01-30T09:45:25.648+00:00","key":"PGN_TPL003","tenantId":"default","tags":[],"modelLockingEnabled":true,"modelEditable":false,"isModelEditable":false,"isModelLockingEnabled":true},{"id":"TEMPLATE_MODEL-8c4d190c-b17c-47cf-af0d-c3ada61fb964","name":"PGN_TPL001 Return Reason Comment Template","version":2,"modelType":15,"description":"Default comment for a return reason","createdBy":"admin","lastUpdatedBy":"admin","lastUpdated":"2022-12-27T10:09:02.910+00:00","key":"PGN_TPL001","tenantId":"default","tags":[],"modelLockingEnabled":true,"modelEditable":false,"isModelEditable":false,"isModelLockingEnabled":true},{"id":"DATA_OBJECT_MODEL-d1dd8722-df6b-454c-bc78-c9a8b38f2e04","name":"PGN_DO001 Office Collection Data Object","version":4,"modelType":11,"createdBy":"admin","lastUpdatedBy":"admin","lastUpdated":"2022-12-27T11:19:13.860+00:00","lockedBy":"admin","lockedAt":"2022-12-27T10:59:52.421+00:00","key":"PGN_DO001","tenantId":"default","tags":[],"modelLockingEnabled":true,"modelEditable":false,"isModelEditable":false,"isModelLockingEnabled":true},{"id":"SERVICE_DEFINITION_MODEL-9ef97289-11eb-42fe-8e2c-3b846c80a88e","name":"PGN_S001 Office Collection Data Source","version":5,"modelType":13,"createdBy":"admin","lastUpdatedBy":"admin","lastUpdated":"2023-01-09T16:12:11.970+00:00","lockedBy":"admin","lockedAt":"2022-12-27T11:19:32.835+00:00","key":"PGN_S001","tenantId":"default","tags":[],"modelLockingEnabled":true,"modelEditable":false,"isModelEditable":false,"isModelLockingEnabled":true},{"id":"LIQUIBASE_CHANGELOG_MODEL-24d33ede-5b81-4aeb-a0ad-b4fbac8a7510","name":"PGN_DOS001","version":3,"modelType":14,"createdBy":"admin","lastUpdatedBy":"admin","lastUpdated":"2022-12-29T16:41:27.844+00:00","lockedBy":"admin","lockedAt":"2022-12-27T11:21:04.957+00:00","key":"PGN_DOS001","tenantId":"default","tags":[],"modelLockingEnabled":true,"modelEditable":false,"isModelEditable":false,"isModelLockingEnabled":true}],"linkedModels":[],"pages":[],"theme":"theme-2","icon":"glyphicon-link","name":"PagoNxt-Common App","key":"pgn-common-app","flowApp":false,"i18n":{},"isRelease":false}}