{"id":"APP_MODEL-fece4144-780e-4df8-b6fe-91457abaed7c","name":"Export Collections","key":"pgn-cle-app","description":"Export Collections Cases","editorJson":{"models":[{"id":"PROCESS_MODEL-e45f92fb-22c8-488f-a185-0b1fe6edbdd6","name":"CLE_P007 Export Collection Request Sanction AML 1A Process","version":1,"modelType":0,"createdBy":"admin","lastUpdatedBy":"admin","lastUpdated":"2022-12-27T10:09:03.621+00:00","key":"CLE_P007","tenantId":"default","tags":[],"modelLockingEnabled":true,"modelEditable":false,"isModelEditable":false,"isModelLockingEnabled":true},{"id":"PROCESS_MODEL-61b498d9-f314-4450-a4e3-23c5f5bcb2b6","name":"CLE_P003 Create ad-hoc Task Process","version":1,"modelType":0,"description":"","createdBy":"admin","lastUpdatedBy":"admin","lastUpdated":"2022-12-27T10:09:03.403+00:00","key":"CLE_P003","tenantId":"default","tags":[],"modelLockingEnabled":true,"modelEditable":false,"isModelEditable":false,"isModelLockingEnabled":true},{"id":"PROCESS_MODEL-97ebd75c-1768-4ed9-8a56-2231550410e2","name":"CLE_P040 Export Collection Request Complete Information Process","version":3,"modelType":0,"createdBy":"admin","lastUpdatedBy":"Jorge","lastUpdated":"2023-01-27T14:25:26.730+00:00","key":"CLE_P040","tenantId":"default","tags":[],"modelLockingEnabled":true,"modelEditable":false,"isModelEditable":false,"isModelLockingEnabled":true},{"id":"PROCESS_MODEL-c518806d-30f0-4623-8225-c36ffc3b58e7","name":"CLE_P004 Export Collection Request Review Process","version":1,"modelType":0,"description":"","createdBy":"admin","lastUpdatedBy":"admin","lastUpdated":"2022-12-27T10:09:03.414+00:00","key":"CLE_P004","tenantId":"default","tags":[],"modelLockingEnabled":true,"modelEditable":false,"isModelEditable":false,"isModelLockingEnabled":true},{"id":"PROCESS_MODEL-acfcd2cd-436a-44b0-9dc2-442bbc50e512","name":"CLE_P001 Calculate SLA Process","version":2,"modelType":0,"description":"","createdBy":"admin","lastUpdatedBy":"admin","lastUpdated":"2022-12-27T10:11:07.298+00:00","lockedBy":"admin","lockedAt":"2023-01-18T10:50:38.538+00:00","key":"CLE_P001","tenantId":"default","tags":[],"modelLockingEnabled":true,"modelEditable":false,"isModelEditable":false,"isModelLockingEnabled":true},{"id":"PROCESS_MODEL-a1640545-8341-4ab3-abfb-2dc3ae9f6835","name":"CLE_P018 Export Collection Request Classify and Refine Process","version":1,"modelType":0,"createdBy":"admin","lastUpdatedBy":"admin","lastUpdated":"2022-12-27T10:09:03.259+00:00","key":"CLE_P018","tenantId":"default","tags":[],"modelLockingEnabled":true,"modelEditable":false,"isModelEditable":false,"isModelLockingEnabled":true},{"id":"PROCESS_MODEL-a97f13a7-880e-4507-8e77-e41e682fa09a","name":"CLE_P019 Export Collection Request Clarify Doubts","version":1,"modelType":0,"createdBy":"admin","lastUpdatedBy":"admin","lastUpdated":"2022-12-27T10:09:03.300+00:00","key":"CLE_P019","tenantId":"default","tags":[],"modelLockingEnabled":true,"modelEditable":false,"isModelEditable":false,"isModelLockingEnabled":true},{"id":"PROCESS_MODEL-d5df26aa-f9dd-4f95-b988-fe05288489f6","name":"CLE_P043 Export Collection Advance Modification Review Process","version":1,"modelType":0,"description":"","createdBy":"admin","lastUpdatedBy":"admin","lastUpdated":"2022-12-27T10:09:03.499+00:00","key":"CLE_P043","tenantId":"default","tags":[],"modelLockingEnabled":true,"modelEditable":false,"isModelEditable":false,"isModelLockingEnabled":true},{"id":"PROCESS_MODEL-91f9969a-6931-493a-b0f8-b149ad89bb36","name":"CLE_P044 Export Collection Advance Cancellation Review Process","version":1,"modelType":0,"description":"","createdBy":"admin","lastUpdatedBy":"admin","lastUpdated":"2022-12-27T10:09:03.510+00:00","key":"CLE_P044","tenantId":"default","tags":[],"modelLockingEnabled":true,"modelEditable":false,"isModelEditable":false,"isModelLockingEnabled":true},{"id":"PROCESS_MODEL-3566be45-90d5-48c2-b881-6c420f96e158","name":"TMP_P001 Add Comment","version":1,"modelType":0,"description":"","createdBy":"admin","lastUpdatedBy":"admin","lastUpdated":"2022-12-27T10:09:03.796+00:00","key":"TMP_P001","tenantId":"default","tags":[],"modelLockingEnabled":true,"modelEditable":false,"isModelEditable":false,"isModelLockingEnabled":true},{"id":"PROCESS_MODEL-ba9207c4-da2b-4cda-99a5-c62d87ec0f36","name":"CLE_P048 Export Collection Advance Modification Complete Information Process","version":2,"modelType":0,"description":"","createdBy":"admin","lastUpdatedBy":"Jorge","lastUpdated":"2023-01-27T15:37:10.084+00:00","key":"CLE_P048","tenantId":"default","tags":[],"modelLockingEnabled":true,"modelEditable":false,"isModelEditable":false,"isModelLockingEnabled":true},{"id":"PROCESS_MODEL-781e522a-7e06-4afc-9186-387314eeade2","name":"CLE_P050 Export Collection Advance Cancellation Complete Information Process","version":2,"modelType":0,"description":"","createdBy":"admin","lastUpdatedBy":"Jorge","lastUpdated":"2023-01-27T15:41:19.608+00:00","key":"CLE_P050","tenantId":"default","tags":[],"modelLockingEnabled":true,"modelEditable":false,"isModelEditable":false,"isModelLockingEnabled":true},{"id":"PROCESS_MODEL-424a278f-6d51-4ec0-bfe4-673dd4b767f1","name":"CLE_P051 Export Collection Advance Modification Manage Process","version":1,"modelType":0,"description":"","createdBy":"admin","lastUpdatedBy":"admin","lastUpdated":"2022-12-27T10:09:03.824+00:00","key":"CLE_P051","tenantId":"default","tags":[],"modelLockingEnabled":true,"modelEditable":false,"isModelEditable":false,"isModelLockingEnabled":true},{"id":"PROCESS_MODEL-8f619712-8e71-42ea-89e7-840677767a18","name":"CLE_P052 Export Collection Advance Cancellation Manage Process","version":1,"modelType":0,"description":"","createdBy":"admin","lastUpdatedBy":"admin","lastUpdated":"2022-12-27T10:09:03.237+00:00","key":"CLE_P052","tenantId":"default","tags":[],"modelLockingEnabled":true,"modelEditable":false,"isModelEditable":false,"isModelLockingEnabled":true},{"id":"PROCESS_MODEL-b58834f2-8f13-4c97-95b7-cbb93f3fccf3","name":"CLE_P053 Export Collection Advance Modification Release Process","version":1,"modelType":0,"description":"","createdBy":"admin","lastUpdatedBy":"admin","lastUpdated":"2022-12-27T10:09:03.248+00:00","key":"CLE_P053","tenantId":"default","tags":[],"modelLockingEnabled":true,"modelEditable":false,"isModelEditable":false,"isModelLockingEnabled":true},{"id":"PROCESS_MODEL-25921816-20d0-4bae-80a7-daaa52409130","name":"CLE_P054 Export Collection Advance Cancellation Release Process","version":1,"modelType":0,"description":"","createdBy":"admin","lastUpdatedBy":"admin","lastUpdated":"2022-12-27T10:09:03.135+00:00","key":"CLE_P054","tenantId":"default","tags":[],"modelLockingEnabled":true,"modelEditable":false,"isModelEditable":false,"isModelLockingEnabled":true},{"id":"PROCESS_MODEL-f1ef2185-2570-49a1-a0d2-380a7764e018","name":"CLE_P055 Export Collection Advance Modification Classify and Refine Process","version":1,"modelType":0,"description":"","createdBy":"admin","lastUpdatedBy":"admin","lastUpdated":"2022-12-27T10:09:03.200+00:00","key":"CLE_P055","tenantId":"default","tags":[],"modelLockingEnabled":true,"modelEditable":true,"isModelEditable":true,"isModelLockingEnabled":true},{"id":"PROCESS_MODEL-2af0885f-05e1-4aad-aa39-6d8cb93edc40","name":"CLE_P056 Export Collection Advance Cancellation Classify and Refine Process","version":1,"modelType":0,"description":"","createdBy":"admin","lastUpdatedBy":"admin","lastUpdated":"2022-12-27T10:09:03.107+00:00","key":"CLE_P056","tenantId":"default","tags":[],"modelLockingEnabled":true,"modelEditable":true,"isModelEditable":true,"isModelLockingEnabled":true},{"id":"PROCESS_MODEL-2194ec95-b166-4788-81e4-7544fd2ed869","name":"CLE_P057 Export Collection Advance Modification Clarify Doubts","version":1,"modelType":0,"description":"","createdBy":"admin","lastUpdatedBy":"admin","lastUpdated":"2022-12-27T10:09:03.122+00:00","key":"CLE_P057","tenantId":"default","tags":[],"modelLockingEnabled":true,"modelEditable":true,"isModelEditable":true,"isModelLockingEnabled":true},{"id":"PROCESS_MODEL-de5fda25-ee94-4f53-a8eb-b0b95a8240b2","name":"CLE_P058 Export Collection Advance Cancellation Clarify Doubts","version":1,"modelType":0,"description":"","createdBy":"admin","lastUpdatedBy":"admin","lastUpdated":"2022-12-27T10:09:03.009+00:00","key":"CLE_P058","tenantId":"default","tags":[],"modelLockingEnabled":true,"modelEditable":true,"isModelEditable":true,"isModelLockingEnabled":true},{"id":"PROCESS_MODEL-9094bcae-5aa1-45fc-b6b7-7526020de46e","name":"CLE_P059 Export Collection Advance Modification Sanction AML 1A Process","version":1,"modelType":0,"description":"","createdBy":"admin","lastUpdatedBy":"admin","lastUpdated":"2022-12-27T10:09:03.030+00:00","key":"CLE_P059","tenantId":"default","tags":[],"modelLockingEnabled":true,"modelEditable":true,"isModelEditable":true,"isModelLockingEnabled":true},{"id":"PROCESS_MODEL-4877c6e6-a55f-4670-93b3-de39210fef23","name":"CLE_P060 Export Collection Advance Modification Sanction AML 1B & AML 2 Process","version":1,"modelType":0,"description":"","createdBy":"admin","lastUpdatedBy":"admin","lastUpdated":"2022-12-27T10:09:03.398+00:00","key":"CLE_P060","tenantId":"default","tags":[],"modelLockingEnabled":true,"modelEditable":false,"isModelEditable":false,"isModelLockingEnabled":true},{"id":"PROCESS_MODEL-839c8ec4-9621-447c-bdc2-1fbf59d3f201","name":"CLE_P061 Export Collection Advance Modification Release Trade AI AML Process","version":1,"modelType":0,"description":"","createdBy":"admin","lastUpdatedBy":"admin","lastUpdated":"2022-12-27T10:09:03.319+00:00","key":"CLE_P061","tenantId":"default","tags":[],"modelLockingEnabled":true,"modelEditable":false,"isModelEditable":false,"isModelLockingEnabled":true},{"id":"PROCESS_MODEL-51bef7b6-6a31-4552-8427-318ac0419f64","name":"CLE_P062 Export Collection Advance Modification Release AML Process","version":1,"modelType":0,"description":"","createdBy":"admin","lastUpdatedBy":"admin","lastUpdated":"2022-12-27T10:09:03.333+00:00","key":"CLE_P062","tenantId":"default","tags":[],"modelLockingEnabled":true,"modelEditable":false,"isModelEditable":false,"isModelLockingEnabled":true},{"id":"PROCESS_MODEL-fe342325-8b1c-4785-9d62-94cd082ff562","name":"CLE_P063 Export Collection Advance Modification Cancelation Process","version":2,"modelType":0,"description":"","createdBy":"admin","lastUpdatedBy":"Jorge","lastUpdated":"2023-01-27T15:39:11.220+00:00","key":"CLE_P063","tenantId":"default","tags":[],"modelLockingEnabled":true,"modelEditable":false,"isModelEditable":false,"isModelLockingEnabled":true},{"id":"PROCESS_MODEL-75c68e71-6229-4270-9f9f-14f95985cf8d","name":"CLE_P064 Export Collection Advance Modification Direct Cancelation Process","version":1,"modelType":0,"description":"","createdBy":"admin","lastUpdatedBy":"admin","lastUpdated":"2022-12-27T10:09:04.524+00:00","key":"CLE_P064","tenantId":"default","tags":[],"modelLockingEnabled":true,"modelEditable":false,"isModelEditable":false,"isModelLockingEnabled":true},{"id":"PROCESS_MODEL-3b994ad1-1579-4f88-8f20-23c99e3daf48","name":"TMP_P002 Cancel Request Process","version":1,"modelType":0,"description":"","createdBy":"admin","lastUpdatedBy":"admin","lastUpdated":"2022-12-27T10:09:03.629+00:00","key":"TMP_P002","tenantId":"default","tags":[],"modelLockingEnabled":true,"modelEditable":false,"isModelEditable":false,"isModelLockingEnabled":true},{"id":"PROCESS_MODEL-78bbb3c3-cc2b-48c3-a5da-6d85b391a24c","name":"CLE_P065 Approve Export Collection Advance Modification Process","version":1,"modelType":0,"description":"","createdBy":"admin","lastUpdatedBy":"admin","lastUpdated":"2022-12-27T10:09:04.415+00:00","key":"CLE_P065","tenantId":"default","tags":[],"modelLockingEnabled":true,"modelEditable":false,"isModelEditable":false,"isModelLockingEnabled":true},{"id":"PROCESS_MODEL-5b143ace-e1a5-409a-a73b-f18df5de9d32","name":"CLE_P066 Reject Export Collection Advance Modification Process","version":1,"modelType":0,"description":"","createdBy":"admin","lastUpdatedBy":"admin","lastUpdated":"2022-12-27T10:09:04.433+00:00","key":"CLE_P066","tenantId":"default","tags":[],"modelLockingEnabled":true,"modelEditable":false,"isModelEditable":false,"isModelLockingEnabled":true},{"id":"PROCESS_MODEL-16285923-1a57-4d01-ad0e-93909d04de41","name":"CLE_P067 Export Collection Advance Cancellation Sanction AML 1A Process","version":1,"modelType":0,"description":"","createdBy":"admin","lastUpdatedBy":"admin","lastUpdated":"2022-12-27T10:09:04.325+00:00","key":"CLE_P067","tenantId":"default","tags":[],"modelLockingEnabled":true,"modelEditable":false,"isModelEditable":false,"isModelLockingEnabled":true},{"id":"PROCESS_MODEL-0b696c18-cf20-4b99-84e6-34fd5706ed42","name":"CLE_P068 Export Collection Advance Cancellation Sanction AML 1B & AML 2 Process","version":1,"modelType":0,"description":"","createdBy":"admin","lastUpdatedBy":"admin","lastUpdated":"2022-12-27T10:09:04.410+00:00","key":"CLE_P068","tenantId":"default","tags":[],"modelLockingEnabled":true,"modelEditable":false,"isModelEditable":false,"isModelLockingEnabled":true},{"id":"PROCESS_MODEL-d3daa4d0-3ca3-4798-a2bc-f2d5d763fb24","name":"TMP_P003 Start DataObject","version":1,"modelType":0,"description":"","createdBy":"admin","lastUpdatedBy":"admin","lastUpdated":"2022-12-27T10:09:03.633+00:00","key":"TMP_P003","tenantId":"default","tags":[],"modelLockingEnabled":true,"modelEditable":false,"isModelEditable":false,"isModelLockingEnabled":true},{"id":"PROCESS_MODEL-31f727bc-ee4e-435f-8bb9-026221e62d6a","name":"CLE_P069 Finalize Export Collection Advance Modification Process","version":2,"modelType":0,"description":"","createdBy":"admin","lastUpdatedBy":"Jorge","lastUpdated":"2023-01-27T15:40:14.332+00:00","key":"CLE_P069","tenantId":"default","tags":[],"modelLockingEnabled":true,"modelEditable":false,"isModelEditable":false,"isModelLockingEnabled":true},{"id":"PROCESS_MODEL-e554dbef-12f4-4f79-b761-67fca3701838","name":"CLE_P070 Direct Cancellation Export Collection Advance Modification Process","version":2,"modelType":0,"description":"","createdBy":"admin","lastUpdatedBy":"Jorge","lastUpdated":"2023-01-27T15:39:43.300+00:00","key":"CLE_P070","tenantId":"default","tags":[],"modelLockingEnabled":true,"modelEditable":false,"isModelEditable":false,"isModelLockingEnabled":true},{"id":"PROCESS_MODEL-0d44a707-69a8-4dea-9f91-8e686990f26f","name":"CLE_P071 Export Collection Advance Cancellation Cancelation Process","version":2,"modelType":0,"description":"","createdBy":"admin","lastUpdatedBy":"Jorge","lastUpdated":"2023-01-27T15:41:46.585+00:00","key":"CLE_P071","tenantId":"default","tags":[],"modelLockingEnabled":true,"modelEditable":false,"isModelEditable":false,"isModelLockingEnabled":true},{"id":"PROCESS_MODEL-1142ed53-22ec-4948-8c59-370c8f4a628a","name":"CLE_P072 Export Collection Advance Cancellation Direct Cancelation Process","version":1,"modelType":0,"description":"","createdBy":"admin","lastUpdatedBy":"admin","lastUpdated":"2022-12-27T10:09:04.606+00:00","key":"CLE_P072","tenantId":"default","tags":[],"modelLockingEnabled":true,"modelEditable":false,"isModelEditable":false,"isModelLockingEnabled":true},{"id":"PROCESS_MODEL-317b0b23-7c68-4193-9321-cbf93caaebc3","name":"CLE_P073 Direct Cancellation Export Collection Advance Cancellation Process","version":2,"modelType":0,"description":"","createdBy":"admin","lastUpdatedBy":"Jorge","lastUpdated":"2023-01-27T15:42:16.065+00:00","key":"CLE_P073","tenantId":"default","tags":[],"modelLockingEnabled":true,"modelEditable":false,"isModelEditable":false,"isModelLockingEnabled":true},{"id":"PROCESS_MODEL-fa476d54-77ba-4c12-876e-081882458a02","name":"CLE_P074 Approve Export Collection Advance Cancellation Process","version":1,"modelType":0,"description":"","createdBy":"admin","lastUpdatedBy":"admin","lastUpdated":"2022-12-27T10:09:04.029+00:00","key":"CLE_P074","tenantId":"default","tags":[],"modelLockingEnabled":true,"modelEditable":false,"isModelEditable":false,"isModelLockingEnabled":true},{"id":"PROCESS_MODEL-5c62d86d-5dd1-4e28-b2fa-224c7f473f7e","name":"CLE_P075 Finalize Export Collection Advance Cancellation Process","version":2,"modelType":0,"description":"","createdBy":"admin","lastUpdatedBy":"Jorge","lastUpdated":"2023-01-27T15:42:56.282+00:00","key":"CLE_P075","tenantId":"default","tags":[],"modelLockingEnabled":true,"modelEditable":false,"isModelEditable":false,"isModelLockingEnabled":true},{"id":"PROCESS_MODEL-fbbd4f37-dafe-49f0-bda0-444d9a510099","name":"CLE_P089 Export Collection Request Pending Trade AI Process","version":1,"modelType":0,"description":"","createdBy":"admin","lastUpdatedBy":"admin","lastUpdated":"2022-12-27T10:09:03.435+00:00","key":"CLE_P089","tenantId":"default","tags":[],"modelLockingEnabled":true,"modelEditable":false,"isModelEditable":false,"isModelLockingEnabled":true},{"id":"PROCESS_MODEL-f878b36f-6206-4d1b-9714-348cffb31bac","name":"CLE_P078 Export Collection Request Release Trade AI AML Approved Process","version":1,"modelType":0,"description":"","createdBy":"admin","lastUpdatedBy":"admin","lastUpdated":"2022-12-27T10:09:03.922+00:00","key":"CLE_P078","tenantId":"default","tags":[],"modelLockingEnabled":true,"modelEditable":false,"isModelEditable":false,"isModelLockingEnabled":true},{"id":"PROCESS_MODEL-735f4e9e-f558-4ea5-b325-06df47053373","name":"CLE_P079 Export Collection Request Pending Norkom Process","version":1,"modelType":0,"description":"","createdBy":"admin","lastUpdatedBy":"admin","lastUpdated":"2022-12-27T10:09:03.929+00:00","key":"CLE_P079","tenantId":"default","tags":[],"modelLockingEnabled":true,"modelEditable":false,"isModelEditable":false,"isModelLockingEnabled":true},{"id":"PROCESS_MODEL-4b710800-d199-4639-9111-bb2b6105d7fd","name":"CLE_P080 Export Collection Request Release Approved AML Norkom Process","version":1,"modelType":0,"description":"","createdBy":"admin","lastUpdatedBy":"admin","lastUpdated":"2022-12-27T10:09:04.240+00:00","key":"CLE_P080","tenantId":"default","tags":[],"modelLockingEnabled":true,"modelEditable":false,"isModelEditable":false,"isModelLockingEnabled":true},{"id":"PROCESS_MODEL-c05cd9f0-c414-48de-a985-901bda20f8de","name":"CLE_P081 Export Collection Modification Pending Trade AI Process","version":1,"modelType":0,"description":"","createdBy":"admin","lastUpdatedBy":"admin","lastUpdated":"2022-12-27T10:09:04.215+00:00","key":"CLE_P081","tenantId":"default","tags":[],"modelLockingEnabled":true,"modelEditable":false,"isModelEditable":false,"isModelLockingEnabled":true},{"id":"PROCESS_MODEL-fa2bf795-0f23-4428-95d8-316448832d56","name":"CLE_P082 Export Collection Modification Release Trade AI AML Approved Process","version":1,"modelType":0,"description":"","createdBy":"admin","lastUpdatedBy":"admin","lastUpdated":"2022-12-27T10:09:04.226+00:00","key":"CLE_P082","tenantId":"default","tags":[],"modelLockingEnabled":true,"modelEditable":false,"isModelEditable":false,"isModelLockingEnabled":true},{"id":"PROCESS_MODEL-27fc0c01-d3b0-483e-8f63-d9e4b5548834","name":"CLE_P083 Export Collection Modification Pending Norkom Process","version":1,"modelType":0,"description":"","createdBy":"admin","lastUpdatedBy":"admin","lastUpdated":"2022-12-27T10:09:04.133+00:00","key":"CLE_P083","tenantId":"default","tags":[],"modelLockingEnabled":true,"modelEditable":false,"isModelEditable":false,"isModelLockingEnabled":true},{"id":"PROCESS_MODEL-a5e52955-9577-4918-8601-c14f2f4ee560","name":"CLE_P084 Export Collection Modification Release Approved AML Norkom Process","version":1,"modelType":0,"description":"","createdBy":"admin","lastUpdatedBy":"admin","lastUpdated":"2022-12-27T10:09:04.208+00:00","key":"CLE_P084","tenantId":"default","tags":[],"modelLockingEnabled":true,"modelEditable":false,"isModelEditable":false,"isModelLockingEnabled":true},{"id":"PROCESS_MODEL-32a7553b-251f-4739-af60-f64a28db8b7b","name":"CLE_P085 Export Collection Other Operations Review Process","version":1,"modelType":0,"description":"","createdBy":"admin","lastUpdatedBy":"admin","lastUpdated":"2022-12-27T10:09:03.535+00:00","key":"CLE_P085","tenantId":"default","tags":[],"modelLockingEnabled":true,"modelEditable":false,"isModelEditable":false,"isModelLockingEnabled":true},{"id":"PROCESS_MODEL-958b8e5f-d2f5-4988-a4e1-8d8d6e4837b9","name":"CLE_P086 Export Collection Other Operations Complete Information Process","version":2,"modelType":0,"description":"","createdBy":"admin","lastUpdatedBy":"Jorge","lastUpdated":"2023-01-27T15:44:03.092+00:00","key":"CLE_P086","tenantId":"default","tags":[],"modelLockingEnabled":true,"modelEditable":false,"isModelEditable":false,"isModelLockingEnabled":true},{"id":"PROCESS_MODEL-3af8389d-1d2a-4c0d-98fd-aebc352863d2","name":"CLE_P087 Export Collection Other Operations Cancelation Process","version":2,"modelType":0,"description":"","createdBy":"admin","lastUpdatedBy":"Jorge","lastUpdated":"2023-01-27T15:48:45.231+00:00","key":"CLE_P087","tenantId":"default","tags":[],"modelLockingEnabled":true,"modelEditable":false,"isModelEditable":false,"isModelLockingEnabled":true},{"id":"PROCESS_MODEL-eadba8d7-e52b-4337-8edd-34dd2053997b","name":"CLE_P090 Export Collection Other Operations Direct Cancelation Process","version":1,"modelType":0,"description":"","createdBy":"admin","lastUpdatedBy":"admin","lastUpdated":"2022-12-27T10:09:03.847+00:00","key":"CLE_P090","tenantId":"default","tags":[],"modelLockingEnabled":true,"modelEditable":false,"isModelEditable":false,"isModelLockingEnabled":true},{"id":"PROCESS_MODEL-71d18fb3-87f2-4072-b272-907836530533","name":"CLE_P091 Export Collection Other Operations Direct Cancellation Notification Process","version":2,"modelType":0,"description":"","createdBy":"admin","lastUpdatedBy":"Jorge","lastUpdated":"2023-01-27T15:49:16.001+00:00","key":"CLE_P091","tenantId":"default","tags":[],"modelLockingEnabled":true,"modelEditable":false,"isModelEditable":false,"isModelLockingEnabled":true},{"id":"PROCESS_MODEL-88de4d0f-a73a-4a1d-bce8-971e7478bf82","name":"CLE_P092 Export Collection Other Operations Approve Process","version":1,"modelType":0,"description":"","createdBy":"admin","lastUpdatedBy":"admin","lastUpdated":"2022-12-27T10:09:03.836+00:00","key":"CLE_P092","tenantId":"default","tags":[],"modelLockingEnabled":true,"modelEditable":false,"isModelEditable":false,"isModelLockingEnabled":true},{"id":"PROCESS_MODEL-a20af0e9-049a-4d21-822e-1f01aa6ebefa","name":"CLE_P093 Export Collection Other Operations Approve Notification Process","version":2,"modelType":0,"description":"","createdBy":"admin","lastUpdatedBy":"Jorge","lastUpdated":"2023-01-27T15:49:51.685+00:00","key":"CLE_P093","tenantId":"default","tags":[],"modelLockingEnabled":true,"modelEditable":false,"isModelEditable":false,"isModelLockingEnabled":true},{"id":"PROCESS_MODEL-6bd9752d-0886-4e18-a577-bdc64aff78a2","name":"CLE_P094 Export Collection Other Operations Manage Process","version":1,"modelType":0,"description":"","createdBy":"admin","lastUpdatedBy":"admin","lastUpdated":"2022-12-27T10:09:03.805+00:00","key":"CLE_P094","tenantId":"default","tags":[],"modelLockingEnabled":true,"modelEditable":false,"isModelEditable":false,"isModelLockingEnabled":true},{"id":"PROCESS_MODEL-03d3bffb-5827-4afc-b407-590f8099a20e","name":"CLE_P095 Export Collection Other Operations Finished Warranty Process","version":1,"modelType":0,"description":"","createdBy":"admin","lastUpdatedBy":"admin","lastUpdated":"2022-12-27T10:09:03.832+00:00","key":"CLE_P095","tenantId":"default","tags":[],"modelLockingEnabled":true,"modelEditable":false,"isModelEditable":false,"isModelLockingEnabled":true},{"id":"PROCESS_MODEL-8264968b-b1ce-4f10-8f81-4ec33166a86d","name":"CLE_P096 Export Collection Other Operations Release Process","version":1,"modelType":0,"description":"","createdBy":"admin","lastUpdatedBy":"admin","lastUpdated":"2022-12-27T10:09:03.224+00:00","key":"CLE_P096","tenantId":"default","tags":[],"modelLockingEnabled":true,"modelEditable":false,"isModelEditable":false,"isModelLockingEnabled":true}],"cmmnModels":[{"id":"CASE_MODEL-60812068-974a-4e7d-bd1f-fa5b52a90a3b","name":"CLE_C002 Export Collection Modification Case","version":4,"modelType":5,"description":"","createdBy":"admin","lastUpdatedBy":"josefa","lastUpdated":"2022-12-27T10:51:23.182+00:00","key":"CLE_C002","tenantId":"default","tags":[],"modelLockingEnabled":true,"modelEditable":false,"isModelEditable":false,"isModelLockingEnabled":true},{"id":"CASE_MODEL-3f324078-3b17-4d5b-bc82-d4c2fe999199","name":"CLE_C001 Export Collection Request Case","version":1,"modelType":5,"description":"","createdBy":"admin","lastUpdatedBy":"admin","lastUpdated":"2022-12-27T10:09:05.925+00:00","key":"CLE_C001","tenantId":"default","tags":[],"modelLockingEnabled":true,"modelEditable":false,"isModelEditable":false,"isModelLockingEnabled":true},{"id":"CASE_MODEL-532329a6-c183-4282-ade2-370faa8b1f1c","name":"CLE_C003 Export Collection Advance Case","version":3,"modelType":5,"createdBy":"admin","lastUpdatedBy":"josefa","lastUpdated":"2022-12-27T11:10:42.885+00:00","key":"CLE_C003","tenantId":"default","tags":[],"modelLockingEnabled":true,"modelEditable":false,"isModelEditable":false,"isModelLockingEnabled":true},{"id":"CASE_MODEL-60812068-974a-4e7d-bd1f-fa5b52a90a3b","name":"CLE_C002 Export Collection Modification Case","version":4,"modelType":5,"description":"","createdBy":"admin","lastUpdatedBy":"josefa","lastUpdated":"2022-12-27T10:51:23.182+00:00","key":"CLE_C002","tenantId":"default","tags":[],"modelLockingEnabled":true,"modelEditable":false,"isModelEditable":false,"isModelLockingEnabled":true},{"id":"CASE_MODEL-71247adb-cad9-403d-9d0f-e11f64a5daba","name":"CLE_C004 Export Collection Advance Modification Case","version":3,"modelType":5,"description":"","createdBy":"admin","lastUpdatedBy":"josefa","lastUpdated":"2022-12-27T12:22:38.544+00:00","key":"CLE_C004","tenantId":"default","tags":[],"modelLockingEnabled":true,"modelEditable":false,"isModelEditable":false,"isModelLockingEnabled":true},{"id":"CASE_MODEL-27b0f37a-063e-4791-a5eb-8c06b9b3c1fa","name":"CLE_C005 Export Collection Advance Cancellation Case","version":2,"modelType":5,"description":"","createdBy":"admin","lastUpdatedBy":"josefa","lastUpdated":"2022-12-27T12:24:19.417+00:00","key":"CLE_C005","tenantId":"default","tags":[],"modelLockingEnabled":true,"modelEditable":false,"isModelEditable":false,"isModelLockingEnabled":true},{"id":"CASE_MODEL-2ab51850-3030-4c12-961a-9d3e2c6c88d8","name":"CLE_C006 Export Collection Other Operations Case","version":2,"modelType":5,"description":"","createdBy":"admin","lastUpdatedBy":"josefa","lastUpdated":"2022-12-27T12:33:05.072+00:00","lockedBy":"admin","lockedAt":"2023-01-20T10:49:19.676+00:00","key":"CLE_C006","tenantId":"default","tags":[],"modelLockingEnabled":true,"modelEditable":false,"isModelEditable":false,"isModelLockingEnabled":true}],"formModels":[{"id":"FORM_MODEL-b5f68458-1dd3-4420-8efb-c0c74029d122","name":"CLE_F004 Common Client Search Form","version":1,"modelType":2,"createdBy":"admin","lastUpdatedBy":"admin","lastUpdated":"2022-12-27T10:09:00.763+00:00","key":"CLE_F004","tenantId":"default","tags":[],"modelLockingEnabled":true,"modelEditable":false,"isModelEditable":false,"isModelLockingEnabled":true},{"id":"FORM_MODEL-a31b4bb5-87b5-4e03-bde6-8f0670aaefee","name":"CLE_F005 Export Collection Request Review Form","version":1,"modelType":2,"description":"","createdBy":"admin","lastUpdatedBy":"admin","lastUpdated":"2022-12-27T10:09:00.903+00:00","key":"CLE_F005","tenantId":"default","tags":[],"modelLockingEnabled":true,"modelEditable":false,"isModelEditable":false,"isModelLockingEnabled":true},{"id":"FORM_MODEL-42b1c9e2-d66d-45cb-9cf4-5a40f0742fca","name":"CLE_F015 Export Collection Request Complete Information Form","version":2,"modelType":2,"description":"","createdBy":"admin","lastUpdatedBy":"admin","lastUpdated":"2022-12-27T10:09:00.398+00:00","key":"CLE_F015","tenantId":"default","tags":[],"modelLockingEnabled":true,"modelEditable":true,"isModelEditable":true,"isModelLockingEnabled":true},{"id":"FORM_MODEL-1ad5d89d-876e-4c87-ae71-64ccb8f5e7f2","name":"CLE_F008 Export Collection Request Manage Form","version":1,"modelType":2,"description":"","createdBy":"admin","lastUpdatedBy":"admin","lastUpdated":"2022-12-27T10:09:00.927+00:00","key":"CLE_F008","tenantId":"default","tags":[],"modelLockingEnabled":true,"modelEditable":false,"isModelEditable":false,"isModelLockingEnabled":true},{"id":"FORM_MODEL-75051179-f4c8-426a-87fa-88e1235ff237","name":"CLE_F009 Export Collection Request Release Form","version":1,"modelType":2,"description":"","createdBy":"admin","lastUpdatedBy":"admin","lastUpdated":"2022-12-27T10:09:01.124+00:00","key":"CLE_F009","tenantId":"default","tags":[],"modelLockingEnabled":true,"modelEditable":false,"isModelEditable":false,"isModelLockingEnabled":true},{"id":"FORM_MODEL-3fa735f4-7ce6-4b44-a7a3-f309b5174152","name":"CLE_F010 Export Collection Request Sanction ALM 1A Form","version":1,"modelType":2,"createdBy":"admin","lastUpdatedBy":"admin","lastUpdated":"2022-12-27T10:09:00.367+00:00","key":"CLE_F010","tenantId":"default","tags":[],"modelLockingEnabled":true,"modelEditable":false,"isModelEditable":false,"isModelLockingEnabled":true},{"id":"FORM_MODEL-714a180a-4991-438a-898a-e59354e2d115","name":"CLE_F011 Export Collection Request Sanction AML 1B Form","version":1,"modelType":2,"createdBy":"admin","lastUpdatedBy":"admin","lastUpdated":"2022-12-27T10:09:00.360+00:00","key":"CLE_F011","tenantId":"default","tags":[],"modelLockingEnabled":true,"modelEditable":false,"isModelEditable":false,"isModelLockingEnabled":true},{"id":"FORM_MODEL-d56cfda4-faae-48d1-b1e9-262547cd6579","name":"CLE_F012 Export Collection Request Sanction AML 2 Form","version":1,"modelType":2,"createdBy":"admin","lastUpdatedBy":"admin","lastUpdated":"2022-12-27T10:09:00.387+00:00","key":"CLE_F012","tenantId":"default","tags":[],"modelLockingEnabled":true,"modelEditable":false,"isModelEditable":false,"isModelLockingEnabled":true},{"id":"FORM_MODEL-a7eefc49-417c-4d0a-bb01-8fc2646d9b90","name":"CLE_F002 Export Collection Request Registration Form","version":1,"modelType":2,"description":"","createdBy":"admin","lastUpdatedBy":"admin","lastUpdated":"2022-12-27T10:09:00.704+00:00","key":"CLE_F002","tenantId":"default","tags":[],"modelLockingEnabled":true,"modelEditable":false,"isModelEditable":false,"isModelLockingEnabled":true},{"id":"FORM_MODEL-9b48505b-c114-4f93-8d63-ba209f8c9023","name":"CLE_F003 Common Client Form","version":1,"modelType":2,"createdBy":"admin","lastUpdatedBy":"admin","lastUpdated":"2022-12-27T10:09:00.775+00:00","key":"CLE_F003","tenantId":"default","tags":[],"modelLockingEnabled":true,"modelEditable":false,"isModelEditable":false,"isModelLockingEnabled":true},{"id":"FORM_MODEL-5da8d013-864f-45fd-84bb-fe1b704cc1b8","name":"CLE_F007 Export Collection Request Common Details Form","version":2,"modelType":2,"description":"","createdBy":"admin","lastUpdatedBy":"admin","lastUpdated":"2022-12-27T10:09:00.946+00:00","key":"CLE_F007","tenantId":"default","tags":[],"modelLockingEnabled":true,"modelEditable":true,"isModelEditable":true,"isModelLockingEnabled":true},{"id":"FORM_MODEL-10ad60d3-ff79-4b17-a9b3-c9926c228e89","name":"CLE_F006 Export Collection Request Common Form","version":2,"modelType":2,"createdBy":"admin","lastUpdatedBy":"admin","lastUpdated":"2022-12-27T10:09:00.804+00:00","key":"CLE_F006","tenantId":"default","tags":[],"modelLockingEnabled":true,"modelEditable":false,"isModelEditable":false,"isModelLockingEnabled":true},{"id":"FORM_MODEL-b7051c10-e5d0-432b-81f1-a7a858b5dd94","name":"CLE_F019 Export Collection Request Start Form","version":1,"modelType":2,"createdBy":"admin","lastUpdatedBy":"admin","lastUpdated":"2022-12-27T10:09:00.508+00:00","key":"CLE_F019","tenantId":"default","tags":[],"modelLockingEnabled":true,"modelEditable":false,"isModelEditable":false,"isModelLockingEnabled":true},{"id":"FORM_MODEL-a0f13b1c-c3d8-4958-9b3e-1b4d14f9a746","name":"PGN_F108 PagoNext External Document Form","version":1,"modelType":2,"description":"","createdBy":"admin","lastUpdatedBy":"admin","lastUpdated":"2022-12-27T10:08:59.856+00:00","key":"PGN_F108","tenantId":"default","tags":[],"modelLockingEnabled":true,"modelEditable":false,"isModelEditable":false,"isModelLockingEnabled":true},{"id":"FORM_MODEL-587cc7b6-eaa0-4c57-a6bc-569344b77a91","name":"PGN_F001 Document Metadata Form","version":1,"modelType":2,"description":"","createdBy":"admin","lastUpdatedBy":"admin","lastUpdated":"2022-12-27T10:09:00.101+00:00","key":"PGN_F001","tenantId":"default","tags":[],"modelLockingEnabled":true,"modelEditable":false,"isModelEditable":false,"isModelLockingEnabled":true},{"id":"FORM_MODEL-0ab747b2-1e6a-40ea-9aa9-ba898d253fe7","name":"CLE_F022 Export Collection Request Sanction ALM 1A 4 eyes Form","version":1,"modelType":2,"createdBy":"admin","lastUpdatedBy":"admin","lastUpdated":"2022-12-27T10:09:00.113+00:00","key":"CLE_F022","tenantId":"default","tags":[],"modelLockingEnabled":true,"modelEditable":false,"isModelEditable":false,"isModelLockingEnabled":true},{"id":"FORM_MODEL-aa867762-8aa0-4137-8aa3-b5660040453a","name":"CLE_F023 Export Collection Request Release Trade AI AML Form","version":1,"modelType":2,"description":"","createdBy":"admin","lastUpdatedBy":"admin","lastUpdated":"2022-12-27T10:09:00.197+00:00","key":"CLE_F023","tenantId":"default","tags":[],"modelLockingEnabled":true,"modelEditable":false,"isModelEditable":false,"isModelLockingEnabled":true},{"id":"FORM_MODEL-041f72f1-ca4e-4bb0-b28f-c91cc00b4e07","name":"CLE_F053 Exchange Insurance Form","version":1,"modelType":2,"createdBy":"admin","lastUpdatedBy":"admin","lastUpdated":"2022-12-27T10:08:59.729+00:00","key":"CLE_F053","tenantId":"default","tags":[],"modelLockingEnabled":true,"modelEditable":false,"isModelEditable":false,"isModelLockingEnabled":true},{"id":"FORM_MODEL-68f53946-08f2-49e9-b3e6-a056b39fd770","name":"PGN_F013 Recipients Form","version":1,"modelType":2,"description":"","createdBy":"admin","lastUpdatedBy":"admin","lastUpdated":"2022-12-27T10:09:01.209+00:00","key":"PGN_F013","tenantId":"default","tags":[],"modelLockingEnabled":true,"modelEditable":false,"isModelEditable":false,"isModelLockingEnabled":true},{"id":"FORM_MODEL-a3a17ab0-077e-482f-8c83-62966290de2d","name":"CLE_F081 Export Collection Modification Work Form","version":1,"modelType":2,"description":"","createdBy":"admin","lastUpdatedBy":"admin","lastUpdated":"2022-12-27T10:09:00.610+00:00","key":"CLE_F081","tenantId":"default","tags":[],"modelLockingEnabled":true,"modelEditable":false,"isModelEditable":false,"isModelLockingEnabled":true},{"id":"FORM_MODEL-a0eacc2e-dfba-4783-b25c-f10f8d956f7e","name":"TMP_F001 Export Collection Advance Modification Start Form","version":1,"modelType":2,"description":"","createdBy":"admin","lastUpdatedBy":"admin","lastUpdated":"2022-12-27T10:08:59.878+00:00","key":"TMP_F001","tenantId":"default","tags":[],"modelLockingEnabled":true,"modelEditable":false,"isModelEditable":false,"isModelLockingEnabled":true},{"id":"FORM_MODEL-faeab342-e4c6-413d-a0db-ac813b6380cc","name":"CLE_F082 Export Collection Advance Modification Work Form","version":1,"modelType":2,"description":"","createdBy":"admin","lastUpdatedBy":"admin","lastUpdated":"2022-12-27T10:09:00.601+00:00","key":"CLE_F082","tenantId":"default","tags":[],"modelLockingEnabled":true,"modelEditable":false,"isModelEditable":false,"isModelLockingEnabled":true},{"id":"FORM_MODEL-2f90ec10-3f24-4945-b879-250b619f6ac3","name":"CLE_F083 Export Collection Advance Modification Common Details Form","version":1,"modelType":2,"description":"","createdBy":"admin","lastUpdatedBy":"admin","lastUpdated":"2022-12-27T10:09:00.627+00:00","key":"CLE_F083","tenantId":"default","tags":[],"modelLockingEnabled":true,"modelEditable":false,"isModelEditable":false,"isModelLockingEnabled":true},{"id":"FORM_MODEL-db97d4c9-2281-4b12-a7c8-9b84a983d26b","name":"TMP_F002 Export Collection Advance Cancellation Start Form","version":1,"modelType":2,"description":"","createdBy":"admin","lastUpdatedBy":"admin","lastUpdated":"2022-12-27T10:08:59.913+00:00","key":"TMP_F002","tenantId":"default","tags":[],"modelLockingEnabled":true,"modelEditable":false,"isModelEditable":false,"isModelLockingEnabled":true},{"id":"FORM_MODEL-1206d107-beb6-4300-ab6c-d8ad7e9b8677","name":"CLE_F084 Export Collection Advance Cancellation Work Form","version":1,"modelType":2,"description":"","createdBy":"admin","lastUpdatedBy":"admin","lastUpdated":"2022-12-27T10:09:00.618+00:00","key":"CLE_F084","tenantId":"default","tags":[],"modelLockingEnabled":true,"modelEditable":false,"isModelEditable":false,"isModelLockingEnabled":true},{"id":"FORM_MODEL-ad447a2e-557a-456b-85a5-424753c7edc9","name":"CLE_F085 Export Collection Advance Cancellation Common Details Form","version":1,"modelType":2,"description":"","createdBy":"admin","lastUpdatedBy":"admin","lastUpdated":"2022-12-27T10:09:00.643+00:00","key":"CLE_F085","tenantId":"default","tags":[],"modelLockingEnabled":true,"modelEditable":false,"isModelEditable":false,"isModelLockingEnabled":true},{"id":"FORM_MODEL-f7d1ec79-486a-4481-ae27-751db13243b3","name":"CLE_F086 Export Collection Advance Modification Common Form","version":1,"modelType":2,"description":"","createdBy":"admin","lastUpdatedBy":"admin","lastUpdated":"2022-12-27T10:09:00.634+00:00","key":"CLE_F086","tenantId":"default","tags":[],"modelLockingEnabled":true,"modelEditable":false,"isModelEditable":false,"isModelLockingEnabled":true},{"id":"FORM_MODEL-8539a208-3f81-439c-85f0-d8299fc44726","name":"CLE_F087 Export Collection Advance Cancellation Common Form","version":1,"modelType":2,"description":"","createdBy":"admin","lastUpdatedBy":"admin","lastUpdated":"2022-12-27T10:09:00.679+00:00","key":"CLE_F087","tenantId":"default","tags":[],"modelLockingEnabled":true,"modelEditable":false,"isModelEditable":false,"isModelLockingEnabled":true},{"id":"FORM_MODEL-64ff4829-9edb-447a-a573-145afd07e44a","name":"CLE_F088 Export Collection Advance Modification Review Form","version":1,"modelType":2,"description":"","createdBy":"admin","lastUpdatedBy":"admin","lastUpdated":"2022-12-27T10:09:00.650+00:00","key":"CLE_F088","tenantId":"default","tags":[],"modelLockingEnabled":true,"modelEditable":false,"isModelEditable":false,"isModelLockingEnabled":true},{"id":"FORM_MODEL-7a47a0a0-5d86-4889-9b07-576a544b9742","name":"CLE_F089 Export Collection Advance Cancellation Review Form","version":1,"modelType":2,"description":"","createdBy":"admin","lastUpdatedBy":"admin","lastUpdated":"2022-12-27T10:09:00.722+00:00","key":"CLE_F089","tenantId":"default","tags":[],"modelLockingEnabled":true,"modelEditable":false,"isModelEditable":false,"isModelLockingEnabled":true},{"id":"FORM_MODEL-0ee088f6-786a-4ba2-a36b-aaa50c3b630b","name":"CLE_F090 Export Collection Advance Modification Defered Task Form","version":1,"modelType":2,"description":"","createdBy":"admin","lastUpdatedBy":"admin","lastUpdated":"2022-12-27T10:09:00.256+00:00","key":"CLE_F090","tenantId":"default","tags":[],"modelLockingEnabled":true,"modelEditable":false,"isModelEditable":false,"isModelLockingEnabled":true},{"id":"FORM_MODEL-be4a204f-2b97-4ee6-8151-edcfde2d9091","name":"CLE_F091 Export Collection Advance Modification Complete Information Form","version":1,"modelType":2,"description":"","createdBy":"admin","lastUpdatedBy":"admin","lastUpdated":"2022-12-27T10:09:00.250+00:00","key":"CLE_F091","tenantId":"default","tags":[],"modelLockingEnabled":true,"modelEditable":true,"isModelEditable":true,"isModelLockingEnabled":true},{"id":"FORM_MODEL-3d64b3e0-58b1-40ac-ba30-2caf6cfa936a","name":"CLE_F092 Export Collection Advance Cancellation Complete Information Form","version":1,"modelType":2,"description":"","createdBy":"admin","lastUpdatedBy":"admin","lastUpdated":"2022-12-27T10:09:00.269+00:00","key":"CLE_F092","tenantId":"default","tags":[],"modelLockingEnabled":true,"modelEditable":true,"isModelEditable":true,"isModelLockingEnabled":true},{"id":"FORM_MODEL-7de92d3a-a585-43f6-b817-18749436dad6","name":"CLE_F093 Export Collection Advance Cancellation Defered Task Form","version":1,"modelType":2,"description":"","createdBy":"admin","lastUpdatedBy":"admin","lastUpdated":"2022-12-27T10:09:00.263+00:00","key":"CLE_F093","tenantId":"default","tags":[],"modelLockingEnabled":true,"modelEditable":false,"isModelEditable":false,"isModelLockingEnabled":true},{"id":"FORM_MODEL-a4747cbd-c436-4758-a4f7-27df761c5e80","name":"CLE_F094 Export Collection Advance Modification Manage Form","version":1,"modelType":2,"description":"","createdBy":"admin","lastUpdatedBy":"admin","lastUpdated":"2022-12-27T10:09:00.313+00:00","key":"CLE_F094","tenantId":"default","tags":[],"modelLockingEnabled":true,"modelEditable":true,"isModelEditable":true,"isModelLockingEnabled":true},{"id":"FORM_MODEL-5932a831-9b18-4d70-b74f-456e6394a791","name":"CLE_F095 Export Collection Advance Cancellation Manage Form","version":1,"modelType":2,"description":"","createdBy":"admin","lastUpdatedBy":"admin","lastUpdated":"2022-12-27T10:09:00.277+00:00","key":"CLE_F095","tenantId":"default","tags":[],"modelLockingEnabled":true,"modelEditable":true,"isModelEditable":true,"isModelLockingEnabled":true},{"id":"FORM_MODEL-752b6abe-80e7-4e64-a048-0aeab6d6aafa","name":"CLE_F096 Export Collection Advance Modification Release Form","version":1,"modelType":2,"description":"","createdBy":"admin","lastUpdatedBy":"admin","lastUpdated":"2022-12-27T10:09:00.341+00:00","key":"CLE_F096","tenantId":"default","tags":[],"modelLockingEnabled":true,"modelEditable":false,"isModelEditable":false,"isModelLockingEnabled":true},{"id":"FORM_MODEL-f25dd4d5-d647-497f-abd2-bc2edd77a96b","name":"CLE_F097 Export Collection Advance Cancellation Release Form","version":1,"modelType":2,"description":"","createdBy":"admin","lastUpdatedBy":"admin","lastUpdated":"2022-12-27T10:09:00.327+00:00","key":"CLE_F097","tenantId":"default","tags":[],"modelLockingEnabled":true,"modelEditable":true,"isModelEditable":true,"isModelLockingEnabled":true},{"id":"FORM_MODEL-17b2106d-33df-48b8-97a2-989dc0b4d0e8","name":"CLE_F098 Export Collection Advance Modification Refine Form","version":1,"modelType":2,"description":"","createdBy":"admin","lastUpdatedBy":"admin","lastUpdated":"2022-12-27T10:09:00.375+00:00","key":"CLE_F098","tenantId":"default","tags":[],"modelLockingEnabled":true,"modelEditable":false,"isModelEditable":false,"isModelLockingEnabled":true},{"id":"FORM_MODEL-51136bf1-12d4-4a62-ab3a-cae5eb4ab24c","name":"CLE_F099 Export Collection Advance Cancellation Refine Form","version":1,"modelType":2,"description":"","createdBy":"admin","lastUpdatedBy":"admin","lastUpdated":"2022-12-27T10:09:00.354+00:00","key":"CLE_F099","tenantId":"default","tags":[],"modelLockingEnabled":true,"modelEditable":false,"isModelEditable":false,"isModelLockingEnabled":true},{"id":"FORM_MODEL-c3de6303-6a43-46bd-b935-47af6fa631a0","name":"CLE_F100 Export Collection Advance Modification Clarify doubts","version":1,"modelType":2,"description":"","createdBy":"admin","lastUpdatedBy":"admin","lastUpdated":"2022-12-27T10:08:59.534+00:00","key":"CLE_F100","tenantId":"default","tags":[],"modelLockingEnabled":true,"modelEditable":false,"isModelEditable":false,"isModelLockingEnabled":true},{"id":"FORM_MODEL-3e63645a-8aa6-4293-9cf7-f22cb033df99","name":"CLE_F101 Export Collection Advance Cancellation Clarify doubts","version":1,"modelType":2,"description":"","createdBy":"admin","lastUpdatedBy":"admin","lastUpdated":"2022-12-27T10:08:59.544+00:00","key":"CLE_F101","tenantId":"default","tags":[],"modelLockingEnabled":true,"modelEditable":false,"isModelEditable":false,"isModelLockingEnabled":true},{"id":"FORM_MODEL-159daa0c-cd6f-4c66-bd85-9a3bf92ec41b","name":"CLE_F102 Export Collection Advance Modification Sanction ALM 1A Form","version":1,"modelType":2,"description":"","createdBy":"admin","lastUpdatedBy":"admin","lastUpdated":"2022-12-27T10:08:59.598+00:00","key":"CLE_F102","tenantId":"default","tags":[],"modelLockingEnabled":true,"modelEditable":false,"isModelEditable":false,"isModelLockingEnabled":true},{"id":"FORM_MODEL-46760a8e-3050-4df2-81c4-a88f25995cdf","name":"CLE_F103 Export Collection Advance Modification Sanction ALM 1A 4 eyes Form","version":1,"modelType":2,"description":"","createdBy":"admin","lastUpdatedBy":"admin","lastUpdated":"2022-12-27T10:08:59.608+00:00","key":"CLE_F103","tenantId":"default","tags":[],"modelLockingEnabled":true,"modelEditable":false,"isModelEditable":false,"isModelLockingEnabled":true},{"id":"FORM_MODEL-4858a0aa-d15d-4128-9bd0-1ed829978bf6","name":"CLE_F104 Export Collection Advance Modification Sanction AML 1B Form","version":1,"modelType":2,"description":"","createdBy":"admin","lastUpdatedBy":"admin","lastUpdated":"2022-12-27T10:08:59.584+00:00","key":"CLE_F104","tenantId":"default","tags":[],"modelLockingEnabled":true,"modelEditable":false,"isModelEditable":false,"isModelLockingEnabled":true},{"id":"FORM_MODEL-8dea2db6-0791-4e27-b9a8-16c714c73beb","name":"CLE_F105 Export Collection Advance Modification Sanction AML 2 Form","version":1,"modelType":2,"description":"","createdBy":"admin","lastUpdatedBy":"admin","lastUpdated":"2022-12-27T10:08:59.591+00:00","key":"CLE_F105","tenantId":"default","tags":[],"modelLockingEnabled":true,"modelEditable":false,"isModelEditable":false,"isModelLockingEnabled":true},{"id":"FORM_MODEL-dc990a8e-2b21-4edc-ae2e-18944e480510","name":"CLE_F106 Export Collection Advance Modification Release Trade AI AML Form","version":1,"modelType":2,"description":"","createdBy":"admin","lastUpdatedBy":"admin","lastUpdated":"2022-12-27T10:08:59.633+00:00","key":"CLE_F106","tenantId":"default","tags":[],"modelLockingEnabled":true,"modelEditable":false,"isModelEditable":false,"isModelLockingEnabled":true},{"id":"FORM_MODEL-ef39b4e6-6716-4f5a-92d5-13e45c82381f","name":"CLE_F107 Export Collection Advance Modification Release AML Form","version":1,"modelType":2,"description":"","createdBy":"admin","lastUpdatedBy":"admin","lastUpdated":"2022-12-27T10:08:59.703+00:00","key":"CLE_F107","tenantId":"default","tags":[],"modelLockingEnabled":true,"modelEditable":false,"isModelEditable":false,"isModelLockingEnabled":true},{"id":"FORM_MODEL-de023cce-13d1-4f04-ac9b-4aec148f79e7","name":"CLE_F108 Export Collection Advance Modification Cancelation Form","version":1,"modelType":2,"description":"","createdBy":"admin","lastUpdatedBy":"admin","lastUpdated":"2022-12-27T10:08:59.615+00:00","key":"CLE_F108","tenantId":"default","tags":[],"modelLockingEnabled":true,"modelEditable":false,"isModelEditable":false,"isModelLockingEnabled":true},{"id":"FORM_MODEL-1c208dee-0910-4ff5-9b2c-5b833e14d704","name":"CLE_F109 Export Collection Advance Cancellation Sanction ALM 1A Form","version":1,"modelType":2,"description":"","createdBy":"admin","lastUpdatedBy":"admin","lastUpdated":"2022-12-27T10:08:59.623+00:00","key":"CLE_F109","tenantId":"default","tags":[],"modelLockingEnabled":true,"modelEditable":false,"isModelEditable":false,"isModelLockingEnabled":true},{"id":"FORM_MODEL-2b45d68b-923f-4f5b-959d-e560aa97fcd4","name":"CLE_F110 Export Collection Advance Cancellation Sanction ALM 1A 4 eyes Form","version":1,"modelType":2,"description":"","createdBy":"admin","lastUpdatedBy":"admin","lastUpdated":"2022-12-27T10:08:59.406+00:00","key":"CLE_F110","tenantId":"default","tags":[],"modelLockingEnabled":true,"modelEditable":false,"isModelEditable":false,"isModelLockingEnabled":true},{"id":"FORM_MODEL-9d5c1003-5bc4-4638-843d-14e2460f0528","name":"CLE_F111 Export Collection Advance Cancellation Sanction AML 1B Form","version":1,"modelType":2,"description":"","createdBy":"admin","lastUpdatedBy":"admin","lastUpdated":"2022-12-27T10:08:59.334+00:00","key":"CLE_F111","tenantId":"default","tags":[],"modelLockingEnabled":true,"modelEditable":false,"isModelEditable":false,"isModelLockingEnabled":true},{"id":"FORM_MODEL-92fe7428-7ebe-4f17-a62c-5fc7c43c8c80","name":"CLE_F112 Export Collection Advance Cancellation Cancellation Form","version":1,"modelType":2,"description":"","createdBy":"admin","lastUpdatedBy":"admin","lastUpdated":"2022-12-27T10:08:59.341+00:00","key":"CLE_F112","tenantId":"default","tags":[],"modelLockingEnabled":true,"modelEditable":false,"isModelEditable":false,"isModelLockingEnabled":true},{"id":"FORM_MODEL-dff23d38-d248-4548-887d-ec760b50cfc8","name":"CLE_F113 Export Collection Request Pending Trade AI Form","version":1,"modelType":2,"description":"","createdBy":"admin","lastUpdatedBy":"admin","lastUpdated":"2022-12-27T10:08:59.432+00:00","key":"CLE_F113","tenantId":"default","tags":[],"modelLockingEnabled":true,"modelEditable":false,"isModelEditable":false,"isModelLockingEnabled":true},{"id":"FORM_MODEL-b4550e4c-1859-42f2-81d2-a6020e504145","name":"CLE_F114 Export Collection Request Release Trade AI AML Approved Form","version":1,"modelType":2,"description":"","createdBy":"admin","lastUpdatedBy":"admin","lastUpdated":"2022-12-27T10:08:59.439+00:00","key":"CLE_F114","tenantId":"default","tags":[],"modelLockingEnabled":true,"modelEditable":false,"isModelEditable":false,"isModelLockingEnabled":true},{"id":"FORM_MODEL-d586d87d-1ee1-492f-b9af-8dbeffb98650","name":"CLE_F115 Export Collection Request Pending Norkom Form","version":1,"modelType":2,"description":"","createdBy":"admin","lastUpdatedBy":"admin","lastUpdated":"2022-12-27T10:08:59.413+00:00","key":"CLE_F115","tenantId":"default","tags":[],"modelLockingEnabled":true,"modelEditable":false,"isModelEditable":false,"isModelLockingEnabled":true},{"id":"FORM_MODEL-d6d5d548-e22f-4827-88c7-136ba68082db","name":"CLE_F116 Export Collection Request Release Approved AML Norkom Form","version":1,"modelType":2,"description":"","createdBy":"admin","lastUpdatedBy":"admin","lastUpdated":"2022-12-27T10:08:59.421+00:00","key":"CLE_F116","tenantId":"default","tags":[],"modelLockingEnabled":true,"modelEditable":false,"isModelEditable":false,"isModelLockingEnabled":true},{"id":"FORM_MODEL-d825a1d8-2706-4ee9-9ea9-ce1abb7c9a4f","name":"CLE_F117 Export Collection Modification Pending Trade AI Form","version":1,"modelType":2,"description":"","createdBy":"admin","lastUpdatedBy":"admin","lastUpdated":"2022-12-27T10:08:59.457+00:00","key":"CLE_F117","tenantId":"default","tags":[],"modelLockingEnabled":true,"modelEditable":false,"isModelEditable":false,"isModelLockingEnabled":true},{"id":"FORM_MODEL-7a4ddff2-b4e4-4364-834e-2a8a5a975af7","name":"CLE_F118 Export Collection Modification Release Trade AI AML Approved Form","version":1,"modelType":2,"description":"","createdBy":"admin","lastUpdatedBy":"admin","lastUpdated":"2022-12-27T10:08:59.465+00:00","key":"CLE_F118","tenantId":"default","tags":[],"modelLockingEnabled":true,"modelEditable":false,"isModelEditable":false,"isModelLockingEnabled":true},{"id":"FORM_MODEL-879fea0b-3ef3-4f97-9c52-eb68dfcedc35","name":"CLE_F119 Export Collection Modification Pending Norkom Form","version":1,"modelType":2,"description":"","createdBy":"admin","lastUpdatedBy":"admin","lastUpdated":"2022-12-27T10:08:59.451+00:00","key":"CLE_F119","tenantId":"default","tags":[],"modelLockingEnabled":true,"modelEditable":false,"isModelEditable":false,"isModelLockingEnabled":true},{"id":"FORM_MODEL-5f12f694-04b8-4ba1-b53a-14688639a852","name":"CLE_F120 Export Collection Modification Release Approved AML Norkom Form","version":1,"modelType":2,"description":"","createdBy":"admin","lastUpdatedBy":"admin","lastUpdated":"2022-12-27T10:09:00.689+00:00","key":"CLE_F120","tenantId":"default","tags":[],"modelLockingEnabled":true,"modelEditable":false,"isModelEditable":false,"isModelLockingEnabled":true},{"id":"FORM_MODEL-250669a0-4f6b-483f-b1a7-ff39778f7efe","name":"TMP_F003 Export Collection Other Operation Start Form","version":1,"modelType":2,"description":"","createdBy":"admin","lastUpdatedBy":"admin","lastUpdated":"2022-12-27T10:08:59.899+00:00","key":"TMP_F003","tenantId":"default","tags":[],"modelLockingEnabled":true,"modelEditable":false,"isModelEditable":false,"isModelLockingEnabled":true},{"id":"FORM_MODEL-ed03231f-c285-4885-b017-16e460dc20ea","name":"CLE_F121 Export Collection Other Operations Review Form","version":1,"modelType":2,"description":"","createdBy":"admin","lastUpdatedBy":"admin","lastUpdated":"2022-12-27T10:09:00.735+00:00","key":"CLE_F121","tenantId":"default","tags":[],"modelLockingEnabled":true,"modelEditable":false,"isModelEditable":false,"isModelLockingEnabled":true},{"id":"FORM_MODEL-2065624d-5e21-41a9-b114-a108c33be6b6","name":"CLE_F122 Export Collection Other Operations Work Form","version":1,"modelType":2,"description":"","createdBy":"admin","lastUpdatedBy":"admin","lastUpdated":"2022-12-27T10:09:00.662+00:00","key":"CLE_F122","tenantId":"default","tags":[],"modelLockingEnabled":true,"modelEditable":true,"isModelEditable":true,"isModelLockingEnabled":true},{"id":"FORM_MODEL-ecbecf06-08d5-4fd7-89a8-5cf24327dec4","name":"CLE_F123 Export Collection Other Operations Common Details Form","version":1,"modelType":2,"description":"","createdBy":"admin","lastUpdatedBy":"admin","lastUpdated":"2022-12-27T10:09:00.670+00:00","key":"CLE_F123","tenantId":"default","tags":[],"modelLockingEnabled":true,"modelEditable":true,"isModelEditable":true,"isModelLockingEnabled":true},{"id":"FORM_MODEL-015991f0-5fea-45c9-8da4-f72be46a2f1e","name":"CLE_F124 Export Collection Other Operations Common Form","version":1,"modelType":2,"description":"","createdBy":"admin","lastUpdatedBy":"admin","lastUpdated":"2022-12-27T10:09:00.791+00:00","key":"CLE_F124","tenantId":"default","tags":[],"modelLockingEnabled":true,"modelEditable":true,"isModelEditable":true,"isModelLockingEnabled":true},{"id":"FORM_MODEL-d6bc61fc-7ba6-4b40-87a1-4b63a819b9a4","name":"CLE_F125 Export Collection Other Operations Defered Task Form","version":1,"modelType":2,"description":"","createdBy":"admin","lastUpdatedBy":"admin","lastUpdated":"2022-12-27T10:09:00.916+00:00","key":"CLE_F125","tenantId":"default","tags":[],"modelLockingEnabled":true,"modelEditable":false,"isModelEditable":false,"isModelLockingEnabled":true},{"id":"FORM_MODEL-e8db46d5-da82-4d34-8320-722bde5ac4af","name":"CLE_F126 Export Collection Other Operations Complete Information Form","version":1,"modelType":2,"description":"","createdBy":"admin","lastUpdatedBy":"admin","lastUpdated":"2022-12-27T10:09:00.768+00:00","key":"CLE_F126","tenantId":"default","tags":[],"modelLockingEnabled":true,"modelEditable":true,"isModelEditable":true,"isModelLockingEnabled":true},{"id":"FORM_MODEL-cfd73b0f-96c1-48c3-a8dd-3d075f32feed","name":"CLE_F127 Export Collection Other Operations Cancellation Form","version":1,"modelType":2,"description":"","createdBy":"admin","lastUpdatedBy":"admin","lastUpdated":"2022-12-27T10:09:00.782+00:00","key":"CLE_F127","tenantId":"default","tags":[],"modelLockingEnabled":true,"modelEditable":false,"isModelEditable":false,"isModelLockingEnabled":true},{"id":"FORM_MODEL-e2d5ba61-56c4-4c4e-bb9d-8d691c1d08fd","name":"CLE_F128 Export Collection Other Operations Manage Form","version":1,"modelType":2,"description":"","createdBy":"admin","lastUpdatedBy":"admin","lastUpdated":"2022-12-27T10:09:01.015+00:00","key":"CLE_F128","tenantId":"default","tags":[],"modelLockingEnabled":true,"modelEditable":false,"isModelEditable":false,"isModelLockingEnabled":true},{"id":"FORM_MODEL-2d2faec5-67af-453d-901d-33f73023bc78","name":"CLE_F129 Export Collection Other Operations Finished In Warranty Form","version":1,"modelType":2,"description":"","createdBy":"admin","lastUpdatedBy":"admin","lastUpdated":"2022-12-27T10:09:01.097+00:00","key":"CLE_F129","tenantId":"default","tags":[],"modelLockingEnabled":true,"modelEditable":false,"isModelEditable":false,"isModelLockingEnabled":true},{"id":"FORM_MODEL-939c1912-52bc-4b96-8f24-be62b96d2d15","name":"CLE_F130 Export Collection Other Operations Release Form","version":1,"modelType":2,"description":"","createdBy":"admin","lastUpdatedBy":"admin","lastUpdated":"2022-12-27T10:09:00.294+00:00","key":"CLE_F130","tenantId":"default","tags":[],"modelLockingEnabled":true,"modelEditable":false,"isModelEditable":false,"isModelLockingEnabled":true}],"dmnModels":[{"id":"DMN_MODEL-bd86eed6-e7dc-4dd7-bb4a-6a63fa434178","name":"Candiate Group Assignment Decision Table","version":1,"modelType":4,"createdBy":"admin","lastUpdatedBy":"admin","lastUpdated":"2022-12-27T10:09:02.820+00:00","key":"candidateGroupAssignmentDecisionTable","tenantId":"default","tags":[],"modelLockingEnabled":true,"modelEditable":false,"isModelEditable":false,"isModelLockingEnabled":true},{"id":"DMN_MODEL-3a0faf6d-734b-4b4f-98e1-f0864d755ee8","name":"PGN_D001 Complete Information Email Recipient Decision","version":2,"modelType":4,"createdBy":"admin","lastUpdatedBy":"admin","lastUpdated":"2022-12-27T10:09:02.830+00:00","key":"PGN_D001","tenantId":"default","tags":[],"modelLockingEnabled":true,"modelEditable":false,"isModelEditable":false,"isModelLockingEnabled":true},{"id":"DMN_MODEL-38f0ced3-f5d1-4cc2-bd62-e4a390eea2d5","name":"SLA Decision Table","version":2,"modelType":4,"createdBy":"admin","lastUpdatedBy":"admin","lastUpdated":"2022-12-27T10:11:07.199+00:00","key":"COM_DT001","tenantId":"default","tags":[],"modelLockingEnabled":true,"modelEditable":false,"isModelEditable":false,"isModelLockingEnabled":true}],"decisionServiceModels":[],"workModels":[{"id":"SEQUENCE_DEFINITION_MODEL-591a18f2-ba51-4c9b-ae28-8562b6da1cfb","name":"CLE_SEQ001 Export Collection Request Case Sequence","version":1,"modelType":21,"createdBy":"admin","lastUpdatedBy":"admin","lastUpdated":"2022-12-27T10:09:02.927+00:00","key":"CLE_SEQ001","tenantId":"default","tags":[],"modelLockingEnabled":true,"modelEditable":false,"isModelEditable":false,"isModelLockingEnabled":true},{"id":"DATA_OBJECT_MODEL-8b415551-8547-48c5-8bc6-06bf46cf5d0c","name":"CLE_DO001 Export Collection Request Data Object","version":2,"modelType":11,"createdBy":"admin","lastUpdatedBy":"admin","lastUpdated":"2022-12-27T10:11:07.212+00:00","key":"CLE_DO001","tenantId":"default","tags":[],"modelLockingEnabled":true,"modelEditable":false,"isModelEditable":false,"isModelLockingEnabled":true},{"id":"SECURITY_POLICY_MODEL-43b974e7-cfb5-4585-b44d-4e7b3140e390","name":"CLE_SP001 (Demo) Security police","version":1,"modelType":10,"createdBy":"admin","lastUpdatedBy":"admin","lastUpdated":"2022-12-27T10:09:02.838+00:00","key":"CLE_SP001","tenantId":"default","tags":[],"modelLockingEnabled":true,"modelEditable":false,"isModelEditable":false,"isModelLockingEnabled":true},{"id":"SERVICE_DEFINITION_MODEL-6e502bd7-8e96-45c5-b43a-f9e86d9fbb2d","name":"CLE_S001 Export Collection Request Data Source","version":1,"modelType":13,"createdBy":"admin","lastUpdatedBy":"admin","lastUpdated":"2022-12-27T10:09:02.863+00:00","key":"CLE_S001","tenantId":"default","tags":[],"modelLockingEnabled":true,"modelEditable":false,"isModelEditable":false,"isModelLockingEnabled":true},{"id":"DATA_OBJECT_MODEL-1e3258bc-d893-43bf-a6fb-6c62c6519a1e","name":"CLE_DO003 Export Collection Data Object","version":1,"modelType":11,"createdBy":"admin","lastUpdatedBy":"admin","lastUpdated":"2022-12-27T10:09:02.847+00:00","key":"CLE_DO003","tenantId":"default","tags":[],"modelLockingEnabled":true,"modelEditable":false,"isModelEditable":false,"isModelLockingEnabled":true},{"id":"SERVICE_DEFINITION_MODEL-4ff663b0-6f06-49d3-b2d7-d042ddf6ab2f","name":"CLE_S003 Export Collection Data Source","version":1,"modelType":13,"createdBy":"admin","lastUpdatedBy":"admin","lastUpdated":"2022-12-27T10:09:02.860+00:00","key":"CLE_S003","tenantId":"default","tags":[],"modelLockingEnabled":true,"modelEditable":false,"isModelEditable":false,"isModelLockingEnabled":true},{"id":"TEMPLATE_MODEL-8c4d190c-b17c-47cf-af0d-c3ada61fb964","name":"PGN_TPL001 Return Reason Comment Template","version":2,"modelType":15,"description":"Default comment for a return reason","createdBy":"admin","lastUpdatedBy":"admin","lastUpdated":"2022-12-27T10:09:02.910+00:00","key":"PGN_TPL001","tenantId":"default","tags":[],"modelLockingEnabled":true,"modelEditable":false,"isModelEditable":false,"isModelLockingEnabled":true},{"id":"TEMPLATE_MODEL-04fc0855-aa60-43cf-884e-6bef059f7735","name":"PGN_TPL003 Email Body Template","version":27,"modelType":15,"description":"Email body template by notification type an language code","createdBy":"admin","lastUpdatedBy":"josefa","lastUpdated":"2023-01-30T09:45:25.648+00:00","key":"PGN_TPL003","tenantId":"default","tags":[],"modelLockingEnabled":true,"modelEditable":false,"isModelEditable":false,"isModelLockingEnabled":true},{"id":"SERVICE_DEFINITION_MODEL-a709ab27-ba65-4286-aa58-90f3f076c2fe","name":"CLE_S002 Export Collection Modification Data Source","version":1,"modelType":13,"createdBy":"admin","lastUpdatedBy":"admin","lastUpdated":"2022-12-27T10:09:02.861+00:00","key":"CLE_S002","tenantId":"default","tags":[],"modelLockingEnabled":true,"modelEditable":false,"isModelEditable":false,"isModelLockingEnabled":true},{"id":"TEMPLATE_MODEL-e005ee12-f6e5-4c5e-8023-bc99f2f7fb50","name":"PGN_TPL002 Email Subject Template","version":1,"modelType":15,"description":"Template for email subject by notification type and language code","createdBy":"admin","lastUpdatedBy":"admin","lastUpdated":"2022-12-27T10:09:02.905+00:00","key":"PGN_TPL002","tenantId":"default","tags":[],"modelLockingEnabled":true,"modelEditable":false,"isModelEditable":false,"isModelLockingEnabled":true},{"id":"LIQUIBASE_CHANGELOG_MODEL-032d2ffd-30b4-44a0-ad1d-f7154f2a4204","name":"CLE_DOS001","version":1,"modelType":14,"createdBy":"admin","lastUpdatedBy":"admin","lastUpdated":"2022-12-27T10:09:02.876+00:00","key":"CLE_DOS001","tenantId":"default","tags":[],"modelLockingEnabled":true,"modelEditable":false,"isModelEditable":false,"isModelLockingEnabled":true},{"id":"DOCUMENT_MODEL-48361263-607d-477b-ad6c-1b933d664599","name":"Metadata","version":1,"modelType":7,"createdBy":"admin","lastUpdatedBy":"admin","lastUpdated":"2022-12-27T10:09:02.836+00:00","key":"PGN_CON001","tenantId":"default","tags":[],"modelLockingEnabled":true,"modelEditable":false,"isModelEditable":false,"isModelLockingEnabled":true},{"id":"SEQUENCE_DEFINITION_MODEL-8b14048d-f486-497d-994c-5c088814d0a5","name":"CLE_SEQ003 Export Collection Advance Case Sequence","version":1,"modelType":21,"description":"","createdBy":"admin","lastUpdatedBy":"admin","lastUpdated":"2022-12-27T10:09:02.925+00:00","key":"CLE_SEQ003","tenantId":"default","tags":[],"modelLockingEnabled":true,"modelEditable":false,"isModelEditable":false,"isModelLockingEnabled":true},{"id":"SERVICE_DEFINITION_MODEL-633a9054-a91f-490d-8ad5-07792daede14","name":"CLE_S004 Export Collection Advance Request Data Service","version":1,"modelType":13,"createdBy":"admin","lastUpdatedBy":"admin","lastUpdated":"2022-12-27T10:09:02.858+00:00","key":"CLE_S004","tenantId":"default","tags":[],"modelLockingEnabled":true,"modelEditable":false,"isModelEditable":false,"isModelLockingEnabled":true},{"id":"DATA_OBJECT_MODEL-6b5634fd-fdea-4385-a25b-658834c66ab6","name":"CLE_DO004 Export Collection Advance Request Data Object","version":1,"modelType":11,"createdBy":"admin","lastUpdatedBy":"admin","lastUpdated":"2022-12-27T10:09:02.846+00:00","key":"CLE_DO004","tenantId":"default","tags":[],"modelLockingEnabled":true,"modelEditable":false,"isModelEditable":false,"isModelLockingEnabled":true},{"id":"LIQUIBASE_CHANGELOG_MODEL-4b5f3ad1-d74c-49b6-87e9-44c2bf72eba7","name":"CLE_DOS004","version":1,"modelType":14,"createdBy":"admin","lastUpdatedBy":"admin","lastUpdated":"2022-12-27T10:09:02.873+00:00","key":"CLE_DOS004","tenantId":"default","tags":[],"modelLockingEnabled":true,"modelEditable":false,"isModelEditable":false,"isModelLockingEnabled":true},{"id":"SEQUENCE_DEFINITION_MODEL-b55174eb-c68c-446a-9121-d6cc2852ad21","name":"CLE_SEQ004 Export Collection Advance Modification Case Sequence","version":1,"modelType":21,"createdBy":"admin","lastUpdatedBy":"admin","lastUpdated":"2022-12-27T10:09:02.921+00:00","key":"CLE_SEQ004","tenantId":"default","tags":[],"modelLockingEnabled":true,"modelEditable":false,"isModelEditable":false,"isModelLockingEnabled":true},{"id":"DATA_OBJECT_MODEL-8d0dcac4-02f9-4f1f-bdbc-ddaf523e2daa","name":"CLE_DO005 Export Collection Advance Data Object","version":1,"modelType":11,"createdBy":"admin","lastUpdatedBy":"admin","lastUpdated":"2022-12-27T10:09:02.845+00:00","key":"CLE_DO005","tenantId":"default","tags":[],"modelLockingEnabled":true,"modelEditable":false,"isModelEditable":false,"isModelLockingEnabled":true},{"id":"SERVICE_DEFINITION_MODEL-367b385a-56ca-4e5e-aeec-364bc44718c6","name":"CLE_S005 Export Collection Data Source","version":1,"modelType":13,"createdBy":"admin","lastUpdatedBy":"admin","lastUpdated":"2022-12-27T10:09:02.856+00:00","key":"CLE_S005","tenantId":"default","tags":[],"modelLockingEnabled":true,"modelEditable":false,"isModelEditable":false,"isModelLockingEnabled":true},{"id":"SEQUENCE_DEFINITION_MODEL-d27b5d40-eb74-4935-99d3-198bcea3a710","name":"CLE_SEQ005 Export Collection Advance Cancellation Case Sequence","version":1,"modelType":21,"createdBy":"admin","lastUpdatedBy":"admin","lastUpdated":"2022-12-27T10:09:02.922+00:00","key":"CLE_SEQ005","tenantId":"default","tags":[],"modelLockingEnabled":true,"modelEditable":false,"isModelEditable":false,"isModelLockingEnabled":true},{"id":"DATA_OBJECT_MODEL-321656d3-87e6-407f-ac68-3c95a9a633fd","name":"CLE_DO006 Export Collection Advance Modification Data Object","version":1,"modelType":11,"createdBy":"admin","lastUpdatedBy":"admin","lastUpdated":"2022-12-27T10:09:02.843+00:00","key":"CLE_DO006","tenantId":"default","tags":[],"modelLockingEnabled":true,"modelEditable":false,"isModelEditable":false,"isModelLockingEnabled":true},{"id":"DATA_OBJECT_MODEL-5375b0c6-d125-48d1-a7dd-6f74fe5224d0","name":"CLE_DO007 Export Collection Advance Cancellation Data Object","version":1,"modelType":11,"createdBy":"admin","lastUpdatedBy":"admin","lastUpdated":"2022-12-27T10:09:02.842+00:00","key":"CLE_DO007","tenantId":"default","tags":[],"modelLockingEnabled":true,"modelEditable":false,"isModelEditable":false,"isModelLockingEnabled":true},{"id":"SERVICE_DEFINITION_MODEL-3233d866-7c33-4603-9f56-639ae518797a","name":"CLE_S006 Export Collection Advance Modification Data Service","version":1,"modelType":13,"createdBy":"admin","lastUpdatedBy":"admin","lastUpdated":"2022-12-27T10:09:02.854+00:00","key":"CLE_S006","tenantId":"default","tags":[],"modelLockingEnabled":true,"modelEditable":false,"isModelEditable":false,"isModelLockingEnabled":true},{"id":"SERVICE_DEFINITION_MODEL-a3325af1-4b05-4912-975f-919524fea465","name":"CLE_S007 Export Collection Advance Cancellation Data Service","version":1,"modelType":13,"createdBy":"admin","lastUpdatedBy":"admin","lastUpdated":"2022-12-27T10:09:02.852+00:00","key":"CLE_S007","tenantId":"default","tags":[],"modelLockingEnabled":true,"modelEditable":false,"isModelEditable":false,"isModelLockingEnabled":true},{"id":"LIQUIBASE_CHANGELOG_MODEL-4f44a05b-7af2-4469-9ca8-4687b07667d9","name":"CLE_DOS006","version":1,"modelType":14,"createdBy":"admin","lastUpdatedBy":"admin","lastUpdated":"2022-12-27T10:09:02.870+00:00","key":"CLE_DOS006","tenantId":"default","tags":[],"modelLockingEnabled":true,"modelEditable":false,"isModelEditable":false,"isModelLockingEnabled":true},{"id":"LIQUIBASE_CHANGELOG_MODEL-20fe5621-d682-401a-a758-6565976c4104","name":"CLE_DOS007","version":1,"modelType":14,"createdBy":"admin","lastUpdatedBy":"admin","lastUpdated":"2022-12-27T10:09:02.869+00:00","key":"CLE_DOS007","tenantId":"default","tags":[],"modelLockingEnabled":true,"modelEditable":false,"isModelEditable":false,"isModelLockingEnabled":true},{"id":"SEQUENCE_DEFINITION_MODEL-afcc534f-beac-46fa-a1c3-85d6d77d50a6","name":"CLE_SEQ006 Export Collection Other Operations Case Sequence","version":1,"modelType":21,"createdBy":"admin","lastUpdatedBy":"admin","lastUpdated":"2022-12-27T10:09:02.919+00:00","key":"CLE_SEQ006","tenantId":"default","tags":[],"modelLockingEnabled":true,"modelEditable":false,"isModelEditable":false,"isModelLockingEnabled":true},{"id":"DATA_OBJECT_MODEL-e8fc2ea4-db32-4c9a-9df7-8f1e126d6c72","name":"CLE_DO008 Export Collection Other Operations Data Object","version":1,"modelType":11,"createdBy":"admin","lastUpdatedBy":"admin","lastUpdated":"2022-12-27T10:09:02.840+00:00","key":"CLE_DO008","tenantId":"default","tags":[],"modelLockingEnabled":true,"modelEditable":false,"isModelEditable":false,"isModelLockingEnabled":true},{"id":"SERVICE_DEFINITION_MODEL-31c885c6-c318-4020-98d4-d7df4ef2f714","name":"CLE_S008 Export Collection Other Operations Data Source","version":1,"modelType":13,"createdBy":"admin","lastUpdatedBy":"admin","lastUpdated":"2022-12-27T10:09:02.866+00:00","key":"CLE_S008","tenantId":"default","tags":[],"modelLockingEnabled":true,"modelEditable":false,"isModelEditable":false,"isModelLockingEnabled":true},{"id":"LIQUIBASE_CHANGELOG_MODEL-a0a8b912-61a4-4057-9b19-bdf9b37d6c0f","name":"CLE_DOS008","version":1,"modelType":14,"createdBy":"admin","lastUpdatedBy":"admin","lastUpdated":"2022-12-27T10:09:02.868+00:00","key":"CLE_DOS008","tenantId":"default","tags":[],"modelLockingEnabled":true,"modelEditable":false,"isModelEditable":false,"isModelLockingEnabled":true},{"id":"LIQUIBASE_CHANGELOG_MODEL-809360f0-c05a-4d54-8776-82466f1ab51a","name":"CLE_DOS003","version":1,"modelType":14,"createdBy":"admin","lastUpdatedBy":"admin","lastUpdated":"2022-12-27T10:09:02.875+00:00","key":"CLE_DOS003","tenantId":"default","tags":[],"modelLockingEnabled":true,"modelEditable":false,"isModelEditable":false,"isModelLockingEnabled":true},{"id":"LIQUIBASE_CHANGELOG_MODEL-19cfeed7-b6c7-424a-b18f-c4c3a9fe961f","name":"CLE_DOS005","version":1,"modelType":14,"createdBy":"admin","lastUpdatedBy":"admin","lastUpdated":"2022-12-27T10:09:02.872+00:00","key":"CLE_DOS005","tenantId":"default","tags":[],"modelLockingEnabled":true,"modelEditable":false,"isModelEditable":false,"isModelLockingEnabled":true}],"linkedModels":[],"pages":[],"theme":"theme-4","icon":"glyphicon-share","name":"Export Collections","key":"pgn-cle-app","flowApp":true,"url":"exportCollectionApp","order":2,"i18n":{"es_es":{"name":"Remesas Exportación"},"key":{"name":"app.cle.name"}},"isRelease":false}}