{"id":"ACTION_MODEL-a1c5506f-d567-4aca-b14f-36c7b4e91051","name":"Task asignment","key":"PGN_A004","description":null,"tenantId":"default","editorJson":{"ignoreConfirmationMessage":true,"channels":[],"mappedTypes":[],"mappedSubTypes":[],"mappedStates":[],"mappedSubStates":[],"permissionUserIdentityLinkTypes":[],"permissionGroups":[],"botKey":"assign-task-bot","form":{"id":"FORM_MODEL-d2f0908a-4d3b-4ab1-95b9-ea65791ab924","key":"PGN_F008"},"name":"Task asignment","key":"PGN_A004","i18n":{"es_es":{"name":"Asignación de tareas"}},"icon":"user-friends/regular"}}