{"id":"FORM_MODEL-087a78ef-2a68-4705-9989-5bcf7fe4a231","name":"PGN_F012 Operation Documents Management Form","key":"PGN_F012","description":"","tenantId":"default","editorJson":{"resourceId":"editor_FORM_MODEL-087a78ef-2a68-4705-9989-5bcf7fe4a231","stencil":{"id":"XForm"},"pathProperties":{"outcomes":"outcomes","outcomevariablename":"outcomeVariableName","events":"extraSettings.events","dialog-size":"dialogSize","dialog-size-run":"dialogSize","dialog-title":"dialogTitle","dialog-title_en_us":"i18n.en_us.dialogTitle","dialog-title_it_it":"i18n.it_it.dialogTitle","dialog-title_es_es":"i18n.es_es.dialogTitle","dialog-title_fr_fr":"i18n.fr_fr.dialogTitle","dialog-title_de_de":"i18n.de_de.dialogTitle","dialog-title_i18n-key":"dialogTitle","dialog-description":"dialogDescription","force-validation":"forceValidation","custom-validations":"customValidations","validation-panel-display":"extraSettings.validationPanelDisplay"},"pathMappingProperties":{},"xmlProperties":[],"childShapes":[{"resourceId":"panel1","stencil":{"id":"SlotPanel"},"pathProperties":{"id":"id"},"pathMappingProperties":{},"xmlProperties":[],"childShapes":[{"resourceId":"script-button1","stencil":{"id":"Button"},"pathProperties":{"button-text":"extraSettings.text","button-text_en_us":"i18n.en_us.extraSettings.text","button-text_it_it":"i18n.it_it.extraSettings.text","button-text_es_es":"i18n.es_es.extraSettings.text","button-text_fr_fr":"i18n.fr_fr.extraSettings.text","button-text_de_de":"i18n.de_de.extraSettings.text","button-text_i18n-key":"extraSettings.text","button-script":"extraSettings.script","button-script-timer":"extraSettings.timer","rest-button-auto-execute":"extraSettings.autoExecute","rest-button-auto-execute-run":"extraSettings.autoExecute","rest-button-execute-always":"extraSettings.executeAlways","label":"label","label_en_us":"i18n.en_us.label","label_it_it":"i18n.it_it.label","label_es_es":"i18n.es_es.label","label_fr_fr":"i18n.fr_fr.label","label_de_de":"i18n.de_de.label","label_i18n-key":"label","button-alignment":"extraSettings.alignment","button-alignment-run":"extraSettings.alignment","button-icon-url":"extraSettings.iconUrl","button-icon-alignment":"extraSettings.iconAlignment","button-tooltip":"extraSettings.tooltip","button-tooltip_en_us":"i18n.en_us.extraSettings.tooltip","button-tooltip_it_it":"i18n.it_it.extraSettings.tooltip","button-tooltip_es_es":"i18n.es_es.extraSettings.tooltip","button-tooltip_fr_fr":"i18n.fr_fr.extraSettings.tooltip","button-tooltip_de_de":"i18n.de_de.extraSettings.tooltip","button-tooltip_i18n-key":"extraSettings.tooltip","primary":"primary","primary-run":"primary","label-position":"labelAlign","tooltip":"tooltip","tooltip_en_us":"i18n.en_us.tooltip","tooltip_it_it":"i18n.it_it.tooltip","tooltip_es_es":"i18n.es_es.tooltip","tooltip_fr_fr":"i18n.fr_fr.tooltip","tooltip_de_de":"i18n.de_de.tooltip","tooltip_i18n-key":"tooltip","value":"value","default-value":"defaultValue","description":"description","description_en_us":"i18n.en_us.description","description_it_it":"i18n.it_it.description","description_es_es":"i18n.es_es.description","description_fr_fr":"i18n.fr_fr.description","description_de_de":"i18n.de_de.description","description_i18n-key":"description","col-span":"size","ignored":"ignore","ignored-run":"ignore","visible":"visible","visible-run":"visible","enabled":"enabled","enabled-run":"enabled","required":"isRequired","required-run":"isRequired","style-class":"styleClass","custom-validations":"customValidations","validation-panel-display":"extraSettings.validationPanelDisplay","id":"id","modelevents":"modelEvents"},"pathMappingProperties":{},"xmlProperties":[],"childShapes":[],"bounds":{"lowerRight":{"x":984,"y":51},"upperLeft":{"x":835,"y":25}},"outputmappingproperties":{"custom-validations":{"type":"formlist","placeholders":[]},"modelevents":{"type":"formlist","placeholders":[]}},"properties":{"stencilid":"cloud-script-button","stencilsuperid":"Button","stencilsuperids":["Button"],"customstencil":false,"required":false,"notes":"","button-text":"Edit mode","button-text_en_us":"Edit mode","button-text_it_it":"","button-text_es_es":"Modo edición","button-text_fr_fr":"","button-text_de_de":"","button-text_i18n-key":"editMode.expressionButton.overrideButtonText","value":"{{editDocuments}}","description":"","visible":"{{flw.notExists(editDocuments) || !editDocuments}}","ignored":false,"style-class":"","default-value":"","button-script":"{{true}}","button-script-timer":"","rest-button-auto-execute":false,"rest-button-auto-execute-run":"","rest-button-execute-always":false,"bordercolor":"#000000","label":"","label_en_us":"","label_it_it":"","label_es_es":"","label_fr_fr":"","label_de_de":"","label_i18n-key":"","button-alignment":"left","button-alignment-run":"","button-icon-url":"","button-icon-alignment":"right","button-tooltip":"","button-tooltip_en_us":"","button-tooltip_it_it":"","button-tooltip_es_es":"","button-tooltip_fr_fr":"","button-tooltip_de_de":"","button-tooltip_i18n-key":"","primary":false,"primary-run":"","label-position":"top","tooltip":"","tooltip_en_us":"","tooltip_it_it":"","tooltip_es_es":"","tooltip_fr_fr":"","tooltip_de_de":"","tooltip_i18n-key":"","description_en_us":"","description_it_it":"","description_es_es":"","description_fr_fr":"","description_de_de":"","description_i18n-key":"","col-span":"1","ignored-run":"","visible-run":"{{flw.notExists(editDocuments) || !editDocuments}}","enabled":true,"enabled-run":"","required-run":"","documentation":"","custom-validations":"","validation-panel-display":"show","id":"script-button1","width":"200","height":"","col":11,"col-align":"fill","col-weight":"","row":1,"row-align":"top","row-weight":"","size":2,"description-position":"bottom","description-align":"left","node-type":"","modelevents":"","xmlTag":"scriptButton"},"ssextensions":[],"outgoing":[],"dockers":[],"labels":[{"styles":{"fill":"#000000","size":"12","italic":false,"bold":false},"ref":"label_text"},{"styles":{"fill":"#000000","size":"12","italic":false,"bold":false},"ref":"input_text"},{"styles":{"fill":"#000000","size":"12","italic":false,"bold":false},"ref":"desc_text"}]},{"resourceId":"script-button2","stencil":{"id":"Button"},"pathProperties":{"button-text":"extraSettings.text","button-text_en_us":"i18n.en_us.extraSettings.text","button-text_it_it":"i18n.it_it.extraSettings.text","button-text_es_es":"i18n.es_es.extraSettings.text","button-text_fr_fr":"i18n.fr_fr.extraSettings.text","button-text_de_de":"i18n.de_de.extraSettings.text","button-text_i18n-key":"extraSettings.text","button-script":"extraSettings.script","button-script-timer":"extraSettings.timer","rest-button-auto-execute":"extraSettings.autoExecute","rest-button-auto-execute-run":"extraSettings.autoExecute","rest-button-execute-always":"extraSettings.executeAlways","label":"label","label_en_us":"i18n.en_us.label","label_it_it":"i18n.it_it.label","label_es_es":"i18n.es_es.label","label_fr_fr":"i18n.fr_fr.label","label_de_de":"i18n.de_de.label","label_i18n-key":"label","button-alignment":"extraSettings.alignment","button-alignment-run":"extraSettings.alignment","button-icon-url":"extraSettings.iconUrl","button-icon-alignment":"extraSettings.iconAlignment","button-tooltip":"extraSettings.tooltip","button-tooltip_en_us":"i18n.en_us.extraSettings.tooltip","button-tooltip_it_it":"i18n.it_it.extraSettings.tooltip","button-tooltip_es_es":"i18n.es_es.extraSettings.tooltip","button-tooltip_fr_fr":"i18n.fr_fr.extraSettings.tooltip","button-tooltip_de_de":"i18n.de_de.extraSettings.tooltip","button-tooltip_i18n-key":"extraSettings.tooltip","primary":"primary","primary-run":"primary","label-position":"labelAlign","tooltip":"tooltip","tooltip_en_us":"i18n.en_us.tooltip","tooltip_it_it":"i18n.it_it.tooltip","tooltip_es_es":"i18n.es_es.tooltip","tooltip_fr_fr":"i18n.fr_fr.tooltip","tooltip_de_de":"i18n.de_de.tooltip","tooltip_i18n-key":"tooltip","value":"value","default-value":"defaultValue","description":"description","description_en_us":"i18n.en_us.description","description_it_it":"i18n.it_it.description","description_es_es":"i18n.es_es.description","description_fr_fr":"i18n.fr_fr.description","description_de_de":"i18n.de_de.description","description_i18n-key":"description","col-span":"size","ignored":"ignore","ignored-run":"ignore","visible":"visible","visible-run":"visible","enabled":"enabled","enabled-run":"enabled","required":"isRequired","required-run":"isRequired","style-class":"styleClass","custom-validations":"customValidations","validation-panel-display":"extraSettings.validationPanelDisplay","id":"id","modelevents":"modelEvents"},"pathMappingProperties":{},"xmlProperties":[],"childShapes":[],"bounds":{"lowerRight":{"x":984,"y":100},"upperLeft":{"x":835,"y":74}},"outputmappingproperties":{"custom-validations":{"type":"formlist","placeholders":[]},"modelevents":{"type":"formlist","placeholders":[]}},"properties":{"stencilid":"cloud-script-button","stencilsuperid":"Button","stencilsuperids":["Button"],"customstencil":false,"required":false,"notes":"","button-text":"View mode","button-text_en_us":"View mode","button-text_it_it":"","button-text_es_es":"Modo tabla","button-text_fr_fr":"","button-text_de_de":"","button-text_i18n-key":"viewMode.expressionButton.overrideButtonText","value":"{{editDocuments}}","description":"","visible":"{{editDocuments}}","ignored":false,"style-class":"","default-value":"","button-script":"{{false}}","button-script-timer":"","rest-button-auto-execute":false,"rest-button-auto-execute-run":"","rest-button-execute-always":false,"bordercolor":"#000000","label":"","label_en_us":"","label_it_it":"","label_es_es":"","label_fr_fr":"","label_de_de":"","label_i18n-key":"","button-alignment":"left","button-alignment-run":"","button-icon-url":"","button-icon-alignment":"right","button-tooltip":"","button-tooltip_en_us":"","button-tooltip_it_it":"","button-tooltip_es_es":"","button-tooltip_fr_fr":"","button-tooltip_de_de":"","button-tooltip_i18n-key":"","primary":false,"primary-run":"","label-position":"top","tooltip":"","tooltip_en_us":"","tooltip_it_it":"","tooltip_es_es":"","tooltip_fr_fr":"","tooltip_de_de":"","tooltip_i18n-key":"","description_en_us":"","description_it_it":"","description_es_es":"","description_fr_fr":"","description_de_de":"","description_i18n-key":"","col-span":"1","ignored-run":"","visible-run":"{{editDocuments}}","enabled":true,"enabled-run":"","required-run":"","documentation":"","custom-validations":"","validation-panel-display":"show","id":"script-button2","width":"200","height":"","col":11,"col-align":"fill","col-weight":"","row":2,"row-align":"top","row-weight":"","size":2,"description-position":"bottom","description-align":"left","node-type":"","modelevents":"","xmlTag":"scriptButton"},"ssextensions":[],"outgoing":[],"dockers":[],"labels":[{"styles":{"fill":"#000000","size":"12","italic":false,"bold":false},"ref":"label_text"},{"styles":{"fill":"#000000","size":"12","italic":false,"bold":false},"ref":"input_text"},{"styles":{"fill":"#000000","size":"12","italic":false,"bold":false},"ref":"desc_text"}]},{"resourceId":"datatable1","stencil":{"id":"base-datatable"},"pathProperties":{"label":"label","label_en_us":"i18n.en_us.label","label_it_it":"i18n.it_it.label","label_es_es":"i18n.es_es.label","label_fr_fr":"i18n.fr_fr.label","label_de_de":"i18n.de_de.label","label_i18n-key":"label","enabled":"enabled","enabled-run":"enabled","datasource":"extraSettings.dataSource","options":"extraSettings.items","options-run":"extraSettings.items","table-key":"extraSettings.tableKey","table-key-run":"extraSettings.tableKey","master-data-include-translations":"extraSettings.masterDataIncludeTranslations","query-url":"extraSettings.queryUrl","query-url-run":"extraSettings.queryUrl","lookup-url":"extraSettings.lookupUrl","lookup-url-run":"extraSettings.lookupUrl","query-params":"extraSettings.queryParams","path":"extraSettings.path","search-query":"extraSettings.searchQuery","link-target-view":"extraSettings.linkTargetView","format-item":"extraSettings.formatItem","auto-complete-type":"extraSettings.storage","serialize-item":"extraSettings.identity","serialize-item-master":"extraSettings.identity","serialize-item-full":"extraSettings.identity","link-item":"extraSettings.linkUrl","link-target":"extraSettings.linkTarget","label-position":"labelAlign","tooltip":"tooltip","tooltip_en_us":"i18n.en_us.tooltip","tooltip_it_it":"i18n.it_it.tooltip","tooltip_es_es":"i18n.es_es.tooltip","tooltip_fr_fr":"i18n.fr_fr.tooltip","tooltip_de_de":"i18n.de_de.tooltip","tooltip_i18n-key":"tooltip","value":"value","default-value":"defaultValue","description":"description","description_en_us":"i18n.en_us.description","description_it_it":"i18n.it_it.description","description_es_es":"i18n.es_es.description","description_fr_fr":"i18n.fr_fr.description","description_de_de":"i18n.de_de.description","description_i18n-key":"description","col-span":"size","ignored":"ignore","ignored-run":"ignore","visible":"visible","visible-run":"visible","required":"isRequired","required-run":"isRequired","style-class":"styleClass","custom-validations":"customValidations","validation-panel-display":"extraSettings.validationPanelDisplay","id":"id","modelevents":"modelEvents","selectable":"extraSettings.selectable","output-num-rows":"extraSettings.output.numRows","infinite-scroll":"extraSettings.infiniteScroll","infinite-scroll-visible-elements":"extraSettings.infiniteScrollVisibleElements","show-pagination":"extraSettings.showPagination","show-pagination-run":"extraSettings.showPagination","auto-hide-pagination":"extraSettings.autoHidePagination","auto-hide-pagination-run":"extraSettings.autoHidePagination","client-pagination":"extraSettings.clientPagination","expandable-panel":"extraSettings.expandablePanel","expandable-panel-run":"extraSettings.expandablePanel","configurable-columns":"extraSettings.sortableColumns","configurable-columns-run":"extraSettings.sortableColumns","columns":"extraSettings.columns","filterable":"extraSettings.filterable","sortable":"extraSettings.sortable","multi-sort":"extraSettings.multiSort","page-size":"extraSettings.pageSize","page-size-options":"extraSettings.pageSizeOptions","show-total-records":"extraSettings.showTotalRecords","path-run":"extraSettings.path","response":"extraSettings.response","show-refresh-button":"extraSettings.showRefreshButton","refresh-time":"extraSettings.refreshTime","refresh-time-run":"extraSettings.refreshTime","data-polling-on-init":"extraSettings.dataPollingOnInit","url":"extraSettings.url","target":"extraSettings.target","sort-asc":"extraSettings.sortAsc","sort-desc":"extraSettings.sortDesc","sort-pattern":"extraSettings.sortPattern","sort-separator":"extraSettings.sortSeparator","filter-pattern":"extraSettings.filterPattern","filter-separator":"extraSettings.filterSeparator","no-data-message":"extraSettings.noDataMessage","no-data-message_en_us":"i18n.en_us.extraSettings.noDataMessage","no-data-message_it_it":"i18n.it_it.extraSettings.noDataMessage","no-data-message_es_es":"i18n.es_es.extraSettings.noDataMessage","no-data-message_fr_fr":"i18n.fr_fr.extraSettings.noDataMessage","no-data-message_de_de":"i18n.de_de.extraSettings.noDataMessage","no-data-message_i18n-key":"extraSettings.noDataMessage","no-data-position":"extraSettings.nodataPosition","conditional-formatting":"extraSettings.conditionalFormatting","favorite-key":"extraSettings.favorite.key"},"pathMappingProperties":{"dataobjectselectsearch":{"operationKey":"extraSettings.dataObjectOperationKey","queryParams":"extraSettings.queryParams","lookupIdName":"extraSettings.identity","key":"extraSettings.dataObjectDefinitionKey"},"dataobjectselectsearch-run":{"operationKey":"extraSettings.dataObjectOperationKey","queryParams":"extraSettings.queryParams","lookupIdName":"extraSettings.identity","key":"extraSettings.dataObjectDefinitionKey"}},"xmlProperties":["table-key","table-key-run","query-url","query-url-run","lookup-url","lookup-url-run","dataobjectselectsearch","dataobjectselectsearch-run","query-params","path","format-item","auto-complete-type","serialize-item","serialize-item-master","serialize-item-full","link-item","path-run"],"childShapes":[],"bounds":{"lowerRight":{"x":984,"y":284},"upperLeft":{"x":15,"y":216}},"specialproperties":{"expandable-panel":{"type":"treeview"}},"outputmappingproperties":{"options":{"type":"complex","placeholders":[]},"query-params":{"type":"formlist","placeholders":[]},"custom-validations":{"type":"formlist","placeholders":[]},"modelevents":{"type":"formlist","placeholders":[]},"columns":{"type":"formlist","placeholders":[]},"page-size-options":{"type":"complex","placeholders":[]},"response":{"type":"complexkeyvalue","keymap":{"type":"simpletext","key":"key"},"valuemap":{"type":"simpletext","key":"value"}},"conditional-formatting":{"type":"complex","placeholders":[]}},"properties":{"stencilid":"cloud-datatable","stencilsuperid":"base-datatable","stencilsuperids":["base-datatable"],"customstencil":false,"bordercolor":"#000000","notes":"","label":"","label_en_us":"","label_it_it":"","label_es_es":"","label_fr_fr":"","label_de_de":"","label_i18n-key":"","enabled":true,"enabled-run":"","datasource":"Static","options":"","options-run":"{{root.operationDocuments}}","table-key":"","table-key-run":"","master-data-include-translations":false,"query-url":"","query-url-run":"","lookup-url":"","lookup-url-run":"","dataobjectselectsearch":"","dataobjectselectsearch-run":"","query-params":"","path":"","search-query":"","link-target-view":"browse","format-item":"","auto-complete-type":"Full","serialize-item":"value","serialize-item-master":"id","serialize-item-full":"","link-item":"","link-target":"_blank","label-position":"","tooltip":"","tooltip_en_us":"","tooltip_it_it":"","tooltip_es_es":"","tooltip_fr_fr":"","tooltip_de_de":"","tooltip_i18n-key":"","value":"","default-value":"","description":"","description_en_us":"","description_it_it":"","description_es_es":"","description_fr_fr":"","description_de_de":"","description_i18n-key":"","col-span":"1","ignored":false,"ignored-run":"","visible":"{{!editDocuments}}","visible-run":"{{!editDocuments}}","required":false,"required-run":"","style-class":"","documentation":"","custom-validations":"","validation-panel-display":"show","id":"datatable1","width":"200","height":"","col":1,"col-align":"fill","col-weight":"","row":4,"row-align":"top","row-weight":"","size":12,"description-position":"bottom","description-align":"left","node-type":"","modelevents":"","selectable":"","output-num-rows":"","infinite-scroll":false,"infinite-scroll-visible-elements":"","show-pagination":true,"show-pagination-run":"","auto-hide-pagination":true,"auto-hide-pagination-run":"","client-pagination":true,"expandable-panel":"","expandable-panel-run":"","configurable-columns":false,"configurable-columns-run":"","columns":{"totalCount":6,"items":[{"id":"name-download-html-link","accessor":"","label":"Name","filterable":false,"sortable":false,"maxWidth":"","minWidth":"","width":"","alignment":"left","className":"","show":true,"show_rt":"","component":{"id":"html-link-name-download","type":"htmlComponent","size":3,"isRequired":false,"enabled":true,"extraSettings":{},"value":"<a href=\"{{endpoints.content}}/content-service/content-items/{{$item.id}}/data\">{{$item.name}}</a>"},"i18n":{"es_es":{"label":"Nombre"},"key":{"label":"name.dataTable.columns.label"}}},{"id":"original","accessor":"metadataProperties.original","label":"Original","filterable":"","sortable":"","maxWidth":"","minWidth":"","width":"","alignment":"left","className":"","show":true,"show_rt":"","component":"","i18n":{"key":{"label":"original.dataTable.colums.label"}}},{"id":"copy","accessor":"metadataProperties.copy","label":"Copy","filterable":"","sortable":"","maxWidth":"","minWidth":"","width":"","alignment":"left","className":"","show":true,"show_rt":"","component":"","i18n":{"es_es":{"label":"Copia"},"key":{"label":"copy.dataTable.colums.label"}}},{"id":"typology","accessor":"","label":"Typology","filterable":false,"sortable":false,"maxWidth":"","minWidth":"","width":"","alignment":"left","className":"","show":true,"show_rt":"","component":{"type":"htmlComponent","value":"<span>{{$item.$temp.documentTypeTranslation}}</span>"},"i18n":{"es_es":{"label":"Tipología"},"key":{"label":"typology.dataTable.columns.label"}}},{"id":"name","accessor":"name","label":"Name","filterable":"","sortable":"","maxWidth":"","minWidth":"","width":"","alignment":"left","className":"","show":false,"show_rt":"","component":"","i18n":{"key":{"label":"name.dataTable.columns.label"}}},{"id":"visibility","accessor":"","label":"Visibility","filterable":false,"sortable":false,"maxWidth":"","minWidth":"","width":"","alignment":"left","className":"","show":true,"show_rt":"","component":{"type":"htmlComponent","value":"<span>{{$item.$temp.documentVisibilityTranslation}}</span>"},"i18n":{"key":{"label":"visibility.dataTable.item.label"},"es_es":{"label":"Visibilidad"}}}]},"filterable":false,"sortable":false,"multi-sort":false,"page-size":"","page-size-options":{"totalCount":6,"items":[{"page-size":5},{"page-size":10},{"page-size":20},{"page-size":25},{"page-size":50},{"page-size":100}]},"show-total-records":false,"path-run":"","response":{"totalCount":3,"items":[{"key":"next","value":""},{"key":"previous","value":""},{"key":"total","value":""}]},"show-refresh-button":"","refresh-time":"","refresh-time-run":"","data-polling-on-init":false,"url":"","target":"_blank","sort-asc":"asc","sort-desc":"desc","sort-pattern":"{{$sortItem.id}}","sort-separator":"","filter-pattern":"","filter-separator":"","no-data-message":"There are no documents","no-data-message_en_us":"There are no documents","no-data-message_it_it":"","no-data-message_es_es":"No existen documentos","no-data-message_fr_fr":"","no-data-message_de_de":"","no-data-message_i18n-key":"thereAreNoDocuments.dataTable.noDataMessage","no-data-position":"middle-center","conditional-formatting":"","favorite-key":"","xmlTag":"dataTable"},"ssextensions":[],"outgoing":[],"dockers":[],"labels":[{"styles":{"fill":"#000000","size":"12","italic":false,"bold":false},"ref":"label_text"},{"styles":{"fill":"#000000","size":"12","italic":false,"bold":false},"ref":"input_text"},{"styles":{"fill":"#000000","size":"12","italic":false,"bold":false},"ref":"input_dependent_text_1"},{"styles":{"fill":"#000000","size":"12","italic":false,"bold":false},"ref":"desc_text"}]},{"resourceId":"attachment1","stencil":{"id":"base-attachment"},"pathProperties":{"label-position":"labelAlign","tooltip":"tooltip","tooltip_en_us":"i18n.en_us.tooltip","tooltip_it_it":"i18n.it_it.tooltip","tooltip_es_es":"i18n.es_es.tooltip","tooltip_fr_fr":"i18n.fr_fr.tooltip","tooltip_de_de":"i18n.de_de.tooltip","tooltip_i18n-key":"tooltip","value":"value","default-value":"defaultValue","description":"description","description_en_us":"i18n.en_us.description","description_it_it":"i18n.it_it.description","description_es_es":"i18n.es_es.description","description_fr_fr":"i18n.fr_fr.description","description_de_de":"i18n.de_de.description","description_i18n-key":"description","col-span":"size","ignored":"ignore","ignored-run":"ignore","visible":"visible","visible-run":"visible","enabled":"enabled","enabled-run":"enabled","required":"isRequired","required-run":"isRequired","style-class":"styleClass","custom-validations":"customValidations","validation-panel-display":"extraSettings.validationPanelDisplay","label":"label","label_en_us":"i18n.en_us.label","label_it_it":"i18n.it_it.label","label_es_es":"i18n.es_es.label","label_fr_fr":"i18n.fr_fr.label","label_de_de":"i18n.de_de.label","label_i18n-key":"label","id":"id","modelevents":"modelEvents","autoupload":"extraSettings.autoupload","upload-url":"extraSettings.uploadUrl","download-url":"extraSettings.downloadUrl","update-file-url":"extraSettings.updateFileUrl","delete-url":"extraSettings.deleteUrl","allow-delete":"extraSettings.allowDelete","preview":"extraSettings.preview","thumbnail-max-height":"extraSettings.thumbnailMaxHeight","min-files":"extraSettings.minFiles","min-files-run":"extraSettings.minFiles","min-files-error-msg":"extraSettings.minFilesErrorMessage","min-files-error-msg_en_us":"i18n.en_us.extraSettings.minFilesErrorMessage","min-files-error-msg_it_it":"i18n.it_it.extraSettings.minFilesErrorMessage","min-files-error-msg_es_es":"i18n.es_es.extraSettings.minFilesErrorMessage","min-files-error-msg_fr_fr":"i18n.fr_fr.extraSettings.minFilesErrorMessage","min-files-error-msg_de_de":"i18n.de_de.extraSettings.minFilesErrorMessage","min-files-error-msg_i18n-key":"extraSettings.minFilesErrorMessage","max-files":"extraSettings.maxFiles","max-files-run":"extraSettings.maxFiles","max-files-error-msg":"extraSettings.maxFilesErrorMessage","max-files-error-msg_en_us":"i18n.en_us.extraSettings.maxFilesErrorMessage","max-files-error-msg_it_it":"i18n.it_it.extraSettings.maxFilesErrorMessage","max-files-error-msg_es_es":"i18n.es_es.extraSettings.maxFilesErrorMessage","max-files-error-msg_fr_fr":"i18n.fr_fr.extraSettings.maxFilesErrorMessage","max-files-error-msg_de_de":"i18n.de_de.extraSettings.maxFilesErrorMessage","max-files-error-msg_i18n-key":"extraSettings.maxFilesErrorMessage","accept-file-types":"extraSettings.acceptFileTypes","has-file-type":"extraSettings.hasFileType","allowed-file-types":"extraSettings.allowedFileTypes","allowed-file-types-run":"extraSettings.allowedFileTypes","require-file-type":"extraSettings.requireFileType","select-files-text":"extraSettings.selectFilesText","select-files-text_en_us":"i18n.en_us.extraSettings.selectFilesText","select-files-text_it_it":"i18n.it_it.extraSettings.selectFilesText","select-files-text_es_es":"i18n.es_es.extraSettings.selectFilesText","select-files-text_fr_fr":"i18n.fr_fr.extraSettings.selectFilesText","select-files-text_de_de":"i18n.de_de.extraSettings.selectFilesText","select-files-text_i18n-key":"extraSettings.selectFilesText","drop-files-text":"extraSettings.dropFilesText","drop-files-text_en_us":"i18n.en_us.extraSettings.dropFilesText","drop-files-text_it_it":"i18n.it_it.extraSettings.dropFilesText","drop-files-text_es_es":"i18n.es_es.extraSettings.dropFilesText","drop-files-text_fr_fr":"i18n.fr_fr.extraSettings.dropFilesText","drop-files-text_de_de":"i18n.de_de.extraSettings.dropFilesText","drop-files-text_i18n-key":"extraSettings.dropFilesText","allowed-files-text":"extraSettings.allowedFilesText","allowed-files-text_en_us":"i18n.en_us.extraSettings.allowedFilesText","allowed-files-text_it_it":"i18n.it_it.extraSettings.allowedFilesText","allowed-files-text_es_es":"i18n.es_es.extraSettings.allowedFilesText","allowed-files-text_fr_fr":"i18n.fr_fr.extraSettings.allowedFilesText","allowed-files-text_de_de":"i18n.de_de.extraSettings.allowedFilesText","allowed-files-text_i18n-key":"extraSettings.allowedFilesText","max-files-text":"extraSettings.maxFilesText","max-files-text_en_us":"i18n.en_us.extraSettings.maxFilesText","max-files-text_it_it":"i18n.it_it.extraSettings.maxFilesText","max-files-text_es_es":"i18n.es_es.extraSettings.maxFilesText","max-files-text_fr_fr":"i18n.fr_fr.extraSettings.maxFilesText","max-files-text_de_de":"i18n.de_de.extraSettings.maxFilesText","max-files-text_i18n-key":"extraSettings.maxFilesText"},"pathMappingProperties":{},"xmlProperties":["thumbnail-max-height","min-files","min-files-run","min-files-error-msg","min-files-error-msg_en_us","min-files-error-msg_it_it","min-files-error-msg_es_es","min-files-error-msg_fr_fr","min-files-error-msg_de_de","min-files-error-msg_i18n-key","max-files","max-files-run","max-files-error-msg","max-files-error-msg_en_us","max-files-error-msg_it_it","max-files-error-msg_es_es","max-files-error-msg_fr_fr","max-files-error-msg_de_de","max-files-error-msg_i18n-key","accept-file-types"],"childShapes":[],"bounds":{"lowerRight":{"x":984,"y":335},"upperLeft":{"x":15,"y":309}},"outputmappingproperties":{"custom-validations":{"type":"formlist","placeholders":[]},"modelevents":{"type":"formlist","placeholders":[]}},"properties":{"stencilid":"cloud-attachment","stencilsuperid":"base-attachment","stencilsuperids":["base-attachment"],"customstencil":false,"bordercolor":"#000000","notes":"","label-position":"top","tooltip":"","tooltip_en_us":"","tooltip_it_it":"","tooltip_es_es":"","tooltip_fr_fr":"","tooltip_de_de":"","tooltip_i18n-key":"","value":"{{root.operationDocuments}}","default-value":"","description":"","description_en_us":"","description_it_it":"","description_es_es":"","description_fr_fr":"","description_de_de":"","description_i18n-key":"","col-span":"1","ignored":false,"ignored-run":"","visible":"{{editDocuments}}","visible-run":"{{editDocuments}}","enabled":true,"enabled-run":"","required":false,"required-run":"","style-class":"","documentation":"","custom-validations":"","validation-panel-display":"show","label":"","label_en_us":"","label_it_it":"","label_es_es":"","label_fr_fr":"","label_de_de":"","label_i18n-key":"","id":"attachment1","width":"200","height":"","col":1,"col-align":"fill","col-weight":"","row":5,"row-align":"top","row-weight":"","size":12,"description-position":"bottom","description-align":"left","node-type":"","modelevents":"","endpoint":"","autoupload":"true","upload-url":"","download-url":"rest/file/{{id}}","update-file-url":"","delete-url":"","allow-delete":"newOnly","file-attachment-strategy":"all-files-on-current-work-item","preview":"icon","thumbnail-max-height":"","min-files":"","min-files-run":"","min-files-error-msg":"","min-files-error-msg_en_us":"","min-files-error-msg_it_it":"","min-files-error-msg_es_es":"","min-files-error-msg_fr_fr":"","min-files-error-msg_de_de":"","min-files-error-msg_i18n-key":"","max-files":"","max-files-run":"","max-files-error-msg":"","max-files-error-msg_en_us":"","max-files-error-msg_it_it":"","max-files-error-msg_es_es":"","max-files-error-msg_fr_fr":"","max-files-error-msg_de_de":"","max-files-error-msg_i18n-key":"","accept-file-types":"","has-file-type":true,"allowed-file-types":["PGN_CON001"],"allowed-file-types-run":"","require-file-type":false,"select-files-text":"","select-files-text_en_us":"","select-files-text_it_it":"","select-files-text_es_es":"","select-files-text_fr_fr":"","select-files-text_de_de":"","select-files-text_i18n-key":"","drop-files-text":"","drop-files-text_en_us":"","drop-files-text_it_it":"","drop-files-text_es_es":"","drop-files-text_fr_fr":"","drop-files-text_de_de":"","drop-files-text_i18n-key":"","allowed-files-text":"","allowed-files-text_en_us":"","allowed-files-text_it_it":"","allowed-files-text_es_es":"","allowed-files-text_fr_fr":"","allowed-files-text_de_de":"","allowed-files-text_i18n-key":"","max-files-text":"","max-files-text_en_us":"","max-files-text_it_it":"","max-files-text_es_es":"","max-files-text_fr_fr":"","max-files-text_de_de":"","max-files-text_i18n-key":"","xmlTag":"upload"},"ssextensions":[],"outgoing":[],"dockers":[],"labels":[{"styles":{"fill":"#000000","size":"12","italic":false,"bold":false},"ref":"label_text"},{"styles":{"fill":"#000000","size":"12","italic":false,"bold":false},"ref":"input_text"},{"styles":{"fill":"#000000","size":"12","italic":false,"bold":false},"ref":"desc_text"}]},{"resourceId":"sub-form1","stencil":{"id":"SubForm"},"pathProperties":{"label-position":"labelAlign","tooltip":"tooltip","tooltip_en_us":"i18n.en_us.tooltip","tooltip_it_it":"i18n.it_it.tooltip","tooltip_es_es":"i18n.es_es.tooltip","tooltip_fr_fr":"i18n.fr_fr.tooltip","tooltip_de_de":"i18n.de_de.tooltip","tooltip_i18n-key":"tooltip","value":"value","default-value":"defaultValue","description":"description","description_en_us":"i18n.en_us.description","description_it_it":"i18n.it_it.description","description_es_es":"i18n.es_es.description","description_fr_fr":"i18n.fr_fr.description","description_de_de":"i18n.de_de.description","description_i18n-key":"description","col-span":"size","ignored":"ignore","ignored-run":"ignore","visible":"visible","visible-run":"visible","enabled":"enabled","enabled-run":"enabled","required":"isRequired","required-run":"isRequired","style-class":"styleClass","custom-validations":"customValidations","validation-panel-display":"extraSettings.validationPanelDisplay","label":"label","label_en_us":"i18n.en_us.label","label_it_it":"i18n.it_it.label","label_es_es":"i18n.es_es.label","label_fr_fr":"i18n.fr_fr.label","label_de_de":"i18n.de_de.label","label_i18n-key":"label","show-border":"extraSettings.showBorder","min-children":"extraSettings.minItems","min-children-run":"extraSettings.minItems","min-children-error-msg":"extraSettings.minItemsErrorMessage","min-children-error-msg_en_us":"i18n.en_us.extraSettings.minItemsErrorMessage","min-children-error-msg_it_it":"i18n.it_it.extraSettings.minItemsErrorMessage","min-children-error-msg_es_es":"i18n.es_es.extraSettings.minItemsErrorMessage","min-children-error-msg_fr_fr":"i18n.fr_fr.extraSettings.minItemsErrorMessage","min-children-error-msg_de_de":"i18n.de_de.extraSettings.minItemsErrorMessage","min-children-error-msg_i18n-key":"extraSettings.minItemsErrorMessage","max-children":"extraSettings.maxItems","max-children-run":"extraSettings.maxItems","max-children-error-msg":"extraSettings.maxItemsErrorMessage","max-children-error-msg_en_us":"i18n.en_us.extraSettings.maxItemsErrorMessage","max-children-error-msg_it_it":"i18n.it_it.extraSettings.maxItemsErrorMessage","max-children-error-msg_es_es":"i18n.es_es.extraSettings.maxItemsErrorMessage","max-children-error-msg_fr_fr":"i18n.fr_fr.extraSettings.maxItemsErrorMessage","max-children-error-msg_de_de":"i18n.de_de.extraSettings.maxItemsErrorMessage","max-children-error-msg_i18n-key":"extraSettings.maxItemsErrorMessage","collapsible":"extraSettings.collapsible","collapsed":"extraSettings.collapsed","collapsed-run":"extraSettings.collapsed","id":"id","modelevents":"modelEvents","form-ref":"extraSettings.formRef","form-ref-run":"extraSettings.formRef","multiple-entries":"extraSettings.multipleEntries","show-add-button":"extraSettings.showAddButton","show-add-button-run":"extraSettings.showAddButton","show-remove-button":"extraSettings.showDeleteButton","show-remove-button-run":"extraSettings.showDeleteButton","add-button-text":"extraSettings.addButtonText","add-button-text_en_us":"i18n.en_us.extraSettings.addButtonText","add-button-text_it_it":"i18n.it_it.extraSettings.addButtonText","add-button-text_es_es":"i18n.es_es.extraSettings.addButtonText","add-button-text_fr_fr":"i18n.fr_fr.extraSettings.addButtonText","add-button-text_de_de":"i18n.de_de.extraSettings.addButtonText","add-button-text_i18n-key":"extraSettings.addButtonText","show-no-items-message":"extraSettings.showNoItemsMessage","no-items-message":"extraSettings.noItemsMessage","no-items-message_en_us":"i18n.en_us.extraSettings.noItemsMessage","no-items-message_it_it":"i18n.it_it.extraSettings.noItemsMessage","no-items-message_es_es":"i18n.es_es.extraSettings.noItemsMessage","no-items-message_fr_fr":"i18n.fr_fr.extraSettings.noItemsMessage","no-items-message_de_de":"i18n.de_de.extraSettings.noItemsMessage","no-items-message_i18n-key":"extraSettings.noItemsMessage"},"pathMappingProperties":{},"xmlProperties":["value","show-border","form-ref","form-ref-run","multiple-entries","show-add-button","show-add-button-run","show-remove-button","show-remove-button-run"],"childShapes":[],"bounds":{"lowerRight":{"x":984,"y":191},"upperLeft":{"x":15,"y":123}},"specialproperties":{"form-ref":{"type":"treeview"}},"outputmappingproperties":{"custom-validations":{"type":"formlist","placeholders":[]},"modelevents":{"type":"formlist","placeholders":[]}},"properties":{"stencilid":"cloud-sub-form","stencilsuperid":"SubForm","stencilsuperids":["SubForm"],"customstencil":false,"bordercolor":"#777777","notes":"","label-position":"top","tooltip":"","tooltip_en_us":"","tooltip_it_it":"","tooltip_es_es":"","tooltip_fr_fr":"","tooltip_de_de":"","tooltip_i18n-key":"","value":"{{root.operationDocuments}}","default-value":"","description":"","description_en_us":"","description_it_it":"","description_es_es":"","description_fr_fr":"","description_de_de":"","description_i18n-key":"","col-span":"1","ignored":false,"ignored-run":"","visible":true,"visible-run":"","enabled":true,"enabled-run":"","required":false,"style-class":"","documentation":"Subform to get translations","custom-validations":"","validation-panel-display":"show","label":"","label_en_us":"","label_it_it":"","label_es_es":"","label_fr_fr":"","label_de_de":"","label_i18n-key":"","show-border":false,"min-children":"","min-children-run":"","min-children-error-msg":"","min-children-error-msg_en_us":"","min-children-error-msg_it_it":"","min-children-error-msg_es_es":"","min-children-error-msg_fr_fr":"","min-children-error-msg_de_de":"","min-children-error-msg_i18n-key":"","max-children":"","max-children-run":"","max-children-error-msg":"","max-children-error-msg_en_us":"","max-children-error-msg_it_it":"","max-children-error-msg_es_es":"","max-children-error-msg_fr_fr":"","max-children-error-msg_de_de":"","max-children-error-msg_i18n-key":"","collapsible":false,"collapsed":false,"collapsed-run":"","id":"getDocumentsTranslationsSub-form","width":"200","height":"","col":1,"col-align":"fill","col-weight":"","row":3,"row-align":"top","row-weight":"","size":12,"description-position":"bottom","description-align":"left","node-type":"","modelevents":"","discriminator":"","form-ref":{"id":"FORM_MODEL-cc450dc9-532d-4551-a4a8-2cc261d3cd9a","key":"PGN_F019"},"form-ref-run":"","multiple-entries":true,"required-run":"","show-add-button":false,"show-add-button-run":"","show-remove-button":false,"show-remove-button-run":"","add-button-text":"","add-button-text_en_us":"","add-button-text_it_it":"","add-button-text_es_es":"","add-button-text_fr_fr":"","add-button-text_de_de":"","add-button-text_i18n-key":"","show-no-items-message":false,"no-items-message":"","no-items-message_en_us":"","no-items-message_it_it":"","no-items-message_es_es":"","no-items-message_fr_fr":"","no-items-message_de_de":"","no-items-message_i18n-key":"","xmlTag":"subform"},"ssextensions":[],"outgoing":[],"dockers":[],"labels":[{"styles":{"fill":"#000000","size":"12","italic":false,"bold":false},"ref":"input_text"},{"styles":{"fill":"#000000","size":"12","italic":false,"bold":false},"ref":"label_text"},{"styles":{"fill":"#000000","size":"12","italic":false,"bold":false},"ref":"input_u_text"}]}],"bounds":{"lowerRight":{"x":1049,"y":408},"upperLeft":{"x":50,"y":50}},"oldResourceId":"sid-8D9FC954-EB33-4C05-ADF0-5706EF50E974","properties":{"stencilid":"SlotPanel","stencilsuperid":"SlotPanel","stencilsuperids":["SlotPanel"],"customstencil":false,"id":"panel1","notes":"","width":"300"},"ssextensions":[],"outgoing":[],"dockers":[]}],"bounds":{"lowerRight":{"x":1485,"y":1050},"upperLeft":{"x":0,"y":0}},"outputmappingproperties":{"outcomes":{"type":"formlist","placeholders":[]},"events":{"type":"formlist","placeholders":[]},"custom-validations":{"type":"formlist","placeholders":[]}},"properties":{"stencilid":"XForm","stencilsuperid":"XForm","stencilsuperids":["XForm"],"customstencil":false,"id":"PGN_F012","notes":"","name":"PGN_F012 Operation Documents Management Form","guid":"FORM_MODEL-087a78ef-2a68-4705-9989-5bcf7fe4a231","creationdate":"2022-12-27T10:07:56.219Z","modificationdate":"2023-01-17T10:58:57.637Z","outcomes":"","outcomevariablename":"","events":"","dialog-size":"","dialog-size-run":"","dialog-title":"","dialog-title_en_us":"","dialog-title_it_it":"","dialog-title_es_es":"","dialog-title_fr_fr":"","dialog-title_de_de":"","dialog-title_i18n-key":"","dialog-description":"","force-validation":"","custom-validations":"","validation-panel-display":"show","description":""},"ssextensions":[],"stencilset":{"url":"./app/editor_stencilset","paletteKey":"flowable-form-palette","namespace":"http://b3mn.org/stencilset/xforms2.0#"}}}